index,County,Price (1/4 acre),state_fips
0,1001,23200,1000
1,1003,45600,1000
2,1005,14900,1000
3,1007,10500,1000
4,1009,13400,1000
5,1011,21133.33333,1000
6,1013,10400,1000
7,1015,13000,1000
8,1017,6600,1000
9,1019,44600,1000
10,1021,18700,1000
11,1023,9566.666667,1000
12,1025,10600,1000
13,1027,36200,1000
14,1029,7100,1000
15,1031,18000,1000
16,1033,21300,1000
17,1035,14700,1000
18,1037,21900,1000
19,1039,17800,1000
20,1041,20575,1000
21,1043,26000,1000
22,1045,8700,1000
23,1047,8000,1000
24,1049,9600,1000
25,1051,42900,1000
26,1053,16400,1000
27,1055,18400,1000
28,1057,10500,1000
29,1059,11700,1000
30,1061,6100,1000
31,1063,15550,1000
32,1065,10700,1000
33,1067,32800,1000
34,1069,14100,1000
35,1071,10700,1000
36,1073,36300,1000
37,1075,7500,1000
38,1077,20200,1000
39,1079,11200,1000
40,1081,27500,1000
41,1083,29000,1000
42,1085,13566.66667,1000
43,1087,39120,1000
44,1089,29900,1000
45,1091,12800,1000
46,1093,6700,1000
47,1095,18500,1000
48,1097,29800,1000
49,1099,9900,1000
50,1101,22300,1000
51,1103,15700,1000
52,1105,12550,1000
53,1107,8300,1000
54,1109,24200,1000
55,1111,53700,1000
56,1113,16900,1000
57,1115,20500,1000
58,1117,32500,1000
59,1119,10550,1000
60,1121,12300,1000
61,1123,86000,1000
62,1125,30400,1000
63,1127,12700,1000
64,1129,5300,1000
65,1131,10325,1000
66,1133,86900,1000
67,2013,62640,2000
68,2016,62640,2000
69,2020,105600,2000
70,2050,36900,2000
71,2060,62640,2000
72,2068,28200,2000
73,2070,62640,2000
74,2090,27100,2000
75,2100,106400,2000
76,2105,106900,2000
77,2110,106400,2000
78,2122,36000,2000
79,2130,71900,2000
80,2150,72600,2000
81,2164,48500,2000
82,2170,29300,2000
83,2180,62640,2000
84,2185,62640,2000
85,2188,62640,2000
86,2195,107400,2000
87,2198,62640,2000
88,2201,62640,2000
89,2220,107400,2000
90,2230,62640,2000
91,2232,62640,2000
92,2240,29866.66667,2000
93,2261,33200,2000
94,2270,62640,2000
95,2275,62640,2000
96,2280,62640,2000
97,2282,33200,2000
98,2290,28200,2000
99,4001,17600,4000
100,4003,25000,4000
101,4005,83100,4000
102,4007,30200,4000
103,4009,23900,4000
104,4011,24450,4000
105,4012,63100,4000
106,4013,58900,4000
107,4015,27200,4000
108,4017,26500,4000
109,4019,49000,4000
110,4021,29400,4000
111,4023,20600,4000
112,4025,36200,4000
113,4027,42000,4000
114,5001,14600,5000
115,5003,9200,5000
116,5005,16600,5000
117,5007,21900,5000
118,5009,12500,5000
119,5011,13800,5000
120,5013,18000,5000
121,5015,15500,5000
122,5017,10900,5000
123,5019,8200,5000
124,5021,13200,5000
125,5023,25700,5000
126,5025,11800,5000
127,5027,14600,5000
128,5029,15450,5000
129,5031,21800,5000
130,5033,17400,5000
131,5035,23400,5000
132,5037,14300,5000
133,5039,11500,5000
134,5041,6400,5000
135,5043,9600,5000
136,5045,25200,5000
137,5047,9700,5000
138,5049,8100,5000
139,5051,29600,5000
140,5053,15900,5000
141,5055,17800,5000
142,5057,9700,5000
143,5059,10400,5000
144,5061,9200,5000
145,5063,15000,5000
146,5065,13000,5000
147,5067,15475,5000
148,5069,9900,5000
149,5071,10000,5000
150,5073,14500,5000
151,5075,13900,5000
152,5077,7700,5000
153,5079,8633.333333,5000
154,5081,14250,5000
155,5083,11500,5000
156,5085,18300,5000
157,5087,16820,5000
158,5089,11800,5000
159,5091,19300,5000
160,5093,8400,5000
161,5095,7700,5000
162,5097,14525,5000
163,5099,12150,5000
164,5101,13000,5000
165,5103,13600,5000
166,5105,23200,5000
167,5107,6400,5000
168,5109,9450,5000
169,5111,10400,5000
170,5113,15325.53191,5000
171,5115,13500,5000
172,5117,20250,5000
173,5119,31600,5000
174,5121,8600,5000
175,5123,7700,5000
176,5125,20700,5000
177,5127,15300,5000
178,5129,13340,5000
179,5131,21700,5000
180,5133,15325.53191,5000
181,5135,14200,5000
182,5137,14700,5000
183,5139,18000,5000
184,5141,14200,5000
185,5143,31500,5000
186,5145,22200,5000
187,5147,14950,5000
188,5149,8900,5000
189,6001,318200,6000
190,6003,83200,6000
191,6005,34300,6000
192,6007,53400,6000
193,6009,34800,6000
194,6011,29600,6000
195,6013,189400,6000
196,6015,29600,6000
197,6017,88400,6000
198,6019,51000,6000
199,6021,28800,6000
200,6023,96500,6000
201,6025,27700,6000
202,6027,99700,6000
203,6029,41300,6000
204,6031,36000,6000
205,6033,20700,6000
206,6035,13700,6000
207,6037,371000,6000
208,6039,36900,6000
209,6041,465100,6000
210,6043,43600,6000
211,6045,60300,6000
212,6047,27900,6000
213,6049,31950,6000
214,6051,154900,6000
215,6053,185400,6000
216,6055,170600,6000
217,6057,74700,6000
218,6059,487600,6000
219,6061,108900,6000
220,6063,45800,6000
221,6065,72400,6000
222,6067,81700,6000
223,6069,103900,6000
224,6071,80000,6000
225,6073,269200,6000
226,6075,961900,6000
227,6077,59800,6000
228,6079,196500,6000
229,6081,653100,6000
230,6083,255700,6000
231,6085,632300,6000
232,6087,299400,6000
233,6089,42300,6000
234,6091,29000,6000
235,6093,21600,6000
236,6095,73000,6000
237,6097,150200,6000
238,6099,50800,6000
239,6101,38700,6000
240,6103,27300,6000
241,6105,40800,6000
242,6107,40800,6000
243,6109,34900,6000
244,6111,253800,6000
245,6113,131600,6000
246,6115,25400,6000
247,8001,51900,8000
248,8003,106748.7805,8000
249,8005,72800,8000
250,8007,20800,8000
251,8009,106748.7805,8000
252,8011,106748.7805,8000
253,8013,172700,8000
254,8014,97700,8000
255,8015,62000,8000
256,8017,9100,8000
257,8019,45000,8000
258,8021,20800,8000
259,8023,106748.7805,8000
260,8025,35500,8000
261,8027,21700,8000
262,8029,32500,8000
263,8031,163000,8000
264,8033,189366.6667,8000
265,8035,94100,8000
266,8037,210000,8000
267,8039,44200,8000
268,8041,53300,8000
269,8043,21900,8000
270,8045,59700,8000
271,8047,36100,8000
272,8049,72700,8000
273,8051,113800,8000
274,8053,57200,8000
275,8055,19700,8000
276,8057,112550,8000
277,8059,90900,8000
278,8061,106748.7805,8000
279,8063,9100,8000
280,8065,32600,8000
281,8067,102600,8000
282,8069,67200,8000
283,8071,17700,8000
284,8073,31075,8000
285,8075,20100,8000
286,8077,45000,8000
287,8079,57200,8000
288,8081,30900,8000
289,8083,30500,8000
290,8085,31100,8000
291,8087,21900,8000
292,8089,17700,8000
293,8091,83500,8000
294,8093,23000,8000
295,8095,14700,8000
296,8097,1415400,8000
297,8099,106748.7805,8000
298,8101,17700,8000
299,8103,94400,8000
300,8105,20800,8000
301,8107,157900,8000
302,8109,55320,8000
303,8111,141760,8000
304,8113,435000,8000
305,8115,14700,8000
306,8117,174300,8000
307,8119,29500,8000
308,8121,30975,8000
309,8123,40700,8000
310,8125,17400,8000
311,9001,224000,9000
312,9003,61000,9000
313,9005,64300,9000
314,9007,106400,9000
315,9009,79900,9000
316,9011,84400,9000
317,9013,60100,9000
318,9015,39000,9000
319,10001,39100,10000
320,10003,58500,10000
321,10005,120300,10000
322,11001,350200,11000
323,11031,350200,11000
324,12001,36100,12000
325,12003,14800,12000
326,12005,40900,12000
327,12007,15900,12000
328,12009,36700,12000
329,12011,95700,12000
330,12013,21066.66667,12000
331,12015,33500,12000
332,12017,15800,12000
333,12019,29600,12000
334,12021,149100,12000
335,12023,11900,12000
336,12027,8600,12000
337,12029,18666.66667,12000
338,12031,42600,12000
339,12033,31700,12000
340,12035,28600,12000
341,12037,75500,12000
342,12039,11300,12000
343,12041,19800,12000
344,12043,16900,12000
345,12045,43600,12000
346,12047,8300,12000
347,12049,37250,12000
348,12051,9700,12000
349,12053,14200,12000
350,12055,13300,12000
351,12057,51600,12000
352,12059,7600,12000
353,12061,44500,12000
354,12063,8300,12000
355,12065,14000,12000
356,12067,15233.33333,12000
357,12069,22900,12000
358,12071,50000,12000
359,12073,32200,12000
360,12075,18600,12000
361,12077,30933.33333,12000
362,12079,13300,12000
363,12081,62500,12000
364,12083,14700,12000
365,12085,75100,12000
366,12086,110800,12000
367,12087,229500,12000
368,12089,59300,12000
369,12091,55500,12000
370,12093,8600,12000
371,12095,57200,12000
372,12097,27400,12000
373,12099,93200,12000
374,12101,25300,12000
375,12103,67400,12000
376,12105,21600,12000
377,12107,15300,12000
378,12109,71300,12000
379,12111,16600,12000
380,12113,34800,12000
381,12115,69200,12000
382,12117,38100,12000
383,12119,72300,12000
384,12121,8300,12000
385,12123,17600,12000
386,12125,14200,12000
387,12127,30400,12000
388,12129,14700,12000
389,12131,143600,12000
390,12133,8300,12000
391,13001,6100,13000
392,13003,10533.33333,13000
393,13005,9425,13000
394,13007,11050,13000
395,13009,19900,13000
396,13011,10900,13000
397,13013,14400,13000
398,13015,15800,13000
399,13017,8500,13000
400,13019,8200,13000
401,13021,10900,13000
402,13023,12650,13000
403,13025,9700,13000
404,13027,14200,13000
405,13029,31100,13000
406,13031,15000,13000
407,13033,15100,13000
408,13035,17000,13000
409,13037,11700,13000
410,13039,16700,13000
411,13043,6800,13000
412,13045,10800,13000
413,13047,20200,13000
414,13049,14150,13000
415,13051,48500,13000
416,13053,20100,13000
417,13055,7800,13000
418,13057,30600,13000
419,13059,34200,13000
420,13061,22940.74074,13000
421,13063,9900,13000
422,13065,11600,13000
423,13067,47000,13000
424,13069,11800,13000
425,13071,11700,13000
426,13073,36000,13000
427,13075,9800,13000
428,13077,22300,13000
429,13079,11850,13000
430,13081,29900,13000
431,13083,20400,13000
432,13085,45000,13000
433,13087,10400,13000
434,13089,52000,13000
435,13091,11300,13000
436,13093,14700,13000
437,13095,11700,13000
438,13097,15400,13000
439,13099,22940.74074,13000
440,13101,19600,13000
441,13103,16700,13000
442,13105,44150,13000
443,13107,4700,13000
444,13109,15400,13000
445,13111,35600,13000
446,13113,35000,13000
447,13115,12400,13000
448,13117,48300,13000
449,13119,17500,13000
450,13121,67200,13000
451,13123,10500,13000
452,13125,33100,13000
453,13127,69100,13000
454,13129,11900,13000
455,13131,10400,13000
456,13133,106900,13000
457,13135,27700,13000
458,13137,8300,13000
459,13139,29300,13000
460,13141,59200,13000
461,13143,9200,13000
462,13145,25500,13000
463,13147,82100,13000
464,13149,17150,13000
465,13151,14200,13000
466,13153,14000,13000
467,13155,10866.66667,13000
468,13157,14900,13000
469,13159,30200,13000
470,13161,4300,13000
471,13163,7000,13000
472,13165,9900,13000
473,13167,9150,13000
474,13169,12200,13000
475,13171,8800,13000
476,13173,13900,13000
477,13175,11300,13000
478,13177,14600,13000
479,13179,24200,13000
480,13181,78700,13000
481,13183,16800,13000
482,13185,19600,13000
483,13187,15100,13000
484,13189,12300,13000
485,13191,34100,13000
486,13193,14700,13000
487,13195,12100,13000
488,13197,15400,13000
489,13199,7700,13000
490,13201,10400,13000
491,13205,12366.66667,13000
492,13207,12100,13000
493,13209,8700,13000
494,13211,54800,13000
495,13213,11100,13000
496,13215,20100,13000
497,13217,11400,13000
498,13219,35700,13000
499,13221,3700,13000
500,13223,15400,13000
501,13225,14700,13000
502,13227,24300,13000
503,13229,10000,13000
504,13231,8400,13000
505,13233,8400,13000
506,13235,14000,13000
507,13237,99700,13000
508,13239,22940.74074,13000
509,13241,84100,13000
510,13243,22940.74074,13000
511,13245,21900,13000
512,13247,12900,13000
513,13249,15400,13000
514,13251,15900,13000
515,13253,22940.74074,13000
516,13255,16000,13000
517,13257,22600,13000
518,13259,22940.74074,13000
519,13261,15400,13000
520,13263,14975,13000
521,13265,31450,13000
522,13267,7000,13000
523,13269,10650,13000
524,13271,8050,13000
525,13273,13900,13000
526,13275,15700,13000
527,13277,12600,13000
528,13279,8700,13000
529,13281,52300,13000
530,13283,10000,13000
531,13285,12000,13000
532,13287,18933.33333,13000
533,13289,12500,13000
534,13291,39500,13000
535,13293,6600,13000
536,13295,15400,13000
537,13297,17300,13000
538,13299,11600,13000
539,13301,26166.66667,13000
540,13303,33100,13000
541,13305,9500,13000
542,13307,15400,13000
543,13309,7800,13000
544,13311,13600,13000
545,13313,14500,13000
546,13315,29900,13000
547,13317,31566.66667,13000
548,13319,11750,13000
549,13321,14300,13000
550,15001,107900,15000
551,15003,506400,15000
552,15007,201400,15000
553,15009,226200,15000
554,16001,57200,16000
555,16003,34950,16000
556,16005,29500,16000
557,16007,25100,16000
558,16009,35500,16000
559,16011,21200,16000
560,16013,155700,16000
561,16015,26200,16000
562,16017,95100,16000
563,16019,24900,16000
564,16021,19800,16000
565,16023,88350,16000
566,16025,19800,16000
567,16027,22700,16000
568,16029,24500,16000
569,16031,17100,16000
570,16033,29150,16000
571,16035,32400,16000
572,16037,38533.33333,16000
573,16039,19500,16000
574,16041,26800,16000
575,16043,37300,16000
576,16045,19500,16000
577,16047,20100,16000
578,16049,27500,16000
579,16051,21000,16000
580,16053,24300,16000
581,16055,51900,16000
582,16057,45000,16000
583,16059,48700,16000
584,16061,30900,16000
585,16063,19966.66667,16000
586,16065,29900,16000
587,16067,15500,16000
588,16069,34300,16000
589,16071,14700,16000
590,16073,14700,16000
591,16075,25100,16000
592,16077,52175,16000
593,16079,22800,16000
594,16081,29000,16000
595,16083,32100,16000
596,16085,69900,16000
597,16087,22900,16000
598,17001,16700,17000
599,17003,12300,17000
600,17005,14600,17000
601,17007,18400,17000
602,17009,11533.33333,17000
603,17011,12500,17000
604,17013,11400,17000
605,17015,23700,17000
606,17017,9400,17000
607,17019,34800,17000
608,17021,11400,17000
609,17023,13800,17000
610,17025,12925,17000
611,17027,18600,17000
612,17029,14300,17000
613,17031,98100,17000
614,17033,8800,17000
615,17035,14200,17000
616,17037,23800,17000
617,17039,12700,17000
618,17041,13500,17000
619,17043,104200,17000
620,17045,13400,17000
621,17047,10966.66667,17000
622,17049,20700,17000
623,17051,9900,17000
624,17053,13200,17000
625,17055,8700,17000
626,17057,10800,17000
627,17059,9700,17000
628,17061,8300,17000
629,17063,25300,17000
630,17065,10533.33333,17000
631,17067,8000,17000
632,17069,8000,17000
633,17071,9633.333333,17000
634,17073,18400,17000
635,17075,13700,17000
636,17077,14100,17000
637,17079,13300,17000
638,17081,12200,17000
639,17083,15300,17000
640,17085,23600,17000
641,17087,22200,17000
642,17089,46400,17000
643,17091,23400,17000
644,17093,30400,17000
645,17095,11200,17000
646,17097,73000,17000
647,17099,18800,17000
648,17101,10750,17000
649,17103,16100,17000
650,17105,14500,17000
651,17107,14400,17000
652,17109,8000,17000
653,17111,37100,17000
654,17113,32600,17000
655,17115,17800,17000
656,17117,12300,17000
657,17119,18800,17000
658,17121,11600,17000
659,17123,17400,17000
660,17125,16950,17000
661,17127,11400,17000
662,17129,20700,17000
663,17131,13800,17000
664,17133,26500,17000
665,17135,9500,17000
666,17137,14600,17000
667,17139,11100,17000
668,17141,18000,17000
669,17143,28100,17000
670,17145,8500,17000
671,17147,21200,17000
672,17149,10600,17000
673,17151,14275,17000
674,17153,15300,17000
675,17155,18100,17000
676,17157,14600,17000
677,17159,9500,17000
678,17161,21500,17000
679,17163,22000,17000
680,17165,8000,17000
681,17167,25000,17000
682,17169,9400,17000
683,17171,14600,17000
684,17173,10600,17000
685,17175,18775,17000
686,17177,13400,17000
687,17179,21900,17000
688,17181,12300,17000
689,17183,12000,17000
690,17185,12000,17000
691,17187,7100,17000
692,17189,14900,17000
693,17191,11175,17000
694,17193,11400,17000
695,17195,13600,17000
696,17197,45600,17000
697,17199,15500,17000
698,17201,15400,17000
699,17203,21800,17000
700,18001,18000,18000
701,18003,20000,18000
702,18005,24600,18000
703,18007,22250,18000
704,18009,11225,18000
705,18011,36300,18000
706,18013,50300,18000
707,18015,25700,18000
708,18017,12500,18000
709,18019,21500,18000
710,18021,6600,18000
711,18023,12900,18000
712,18025,13240,18000
713,18027,9400,18000
714,18029,19200,18000
715,18031,19700,18000
716,18033,17600,18000
717,18035,11200,18000
718,18037,15100,18000
719,18039,17200,18000
720,18041,12750,18000
721,18043,24600,18000
722,18045,14425,18000
723,18047,17300,18000
724,18049,25800,18000
725,18051,10200,18000
726,18053,11500,18000
727,18055,12000,18000
728,18057,44400,18000
729,18059,21300,18000
730,18061,17100,18000
731,18063,27800,18000
732,18065,10300,18000
733,18067,14300,18000
734,18069,13900,18000
735,18071,18600,18000
736,18073,20300,18000
737,18075,5500,18000
738,18077,18400,18000
739,18079,9700,18000
740,18081,25100,18000
741,18083,8100,18000
742,18085,60700,18000
743,18087,56200,18000
744,18089,24700,18000
745,18091,33300,18000
746,18093,11800,18000
747,18095,12500,18000
748,18097,21500,18000
749,18099,34800,18000
750,18101,12500,18000
751,18103,16450,18000
752,18105,37000,18000
753,18107,16700,18000
754,18109,20700,18000
755,18111,13100,18000
756,18113,26500,18000
757,18115,16600,18000
758,18117,11100,18000
759,18119,11900,18000
760,18121,9100,18000
761,18123,11200,18000
762,18125,10700,18000
763,18127,35800,18000
764,18129,15200,18000
765,18131,12500,18000
766,18133,21200,18000
767,18135,4800,18000
768,18137,16600,18000
769,18139,12100,18000
770,18141,14800,18000
771,18143,14500,18000
772,18145,13800,18000
773,18147,12900,18000
774,18149,27500,18000
775,18151,99700,18000
776,18153,9666.666667,18000
777,18155,16600,18000
778,18157,27600,18000
779,18159,20675,18000
780,18161,14300,18000
781,18163,18300,18000
782,18165,4300,18000
783,18167,8900,18000
784,18169,14200,18000
785,18171,15950,18000
786,18173,22400,18000
787,18175,11700,18000
788,18177,11300,18000
789,18179,16700,18000
790,18181,28000,18000
791,18183,25200,18000
792,19001,12100,19000
793,19003,38600,19000
794,19005,26200,19000
795,19007,11600,19000
796,19009,19125,19000
797,19011,17800,19000
798,19013,21900,19000
799,19015,15400,19000
800,19017,24300,19000
801,19019,15500,19000
802,19021,21600,19000
803,19023,16400,19000
804,19025,19900,19000
805,19027,21100,19000
806,19029,21166.66667,19000
807,19031,21100,19000
808,19033,30200,19000
809,19035,18000,19000
810,19037,18825,19000
811,19039,30950,19000
812,19041,11300,19000
813,19043,23075,19000
814,19045,20100,19000
815,19047,12700,19000
816,19049,39800,19000
817,19051,14850,19000
818,19053,38600,19000
819,19055,23600,19000
820,19057,16400,19000
821,19059,119300,19000
822,19061,27000,19000
823,19063,67700,19000
824,19065,22300,19000
825,19067,17300,19000
826,19069,23033.33333,19000
827,19071,17900,19000
828,19073,24360,19000
829,19075,19900,19000
830,19077,28400,19000
831,19079,14800,19000
832,19081,18500,19000
833,19083,25020,19000
834,19085,13700,19000
835,19087,13800,19000
836,19089,19633.33333,19000
837,19091,16900,19000
838,19093,15250,19000
839,19095,20200,19000
840,19097,20600,19000
841,19099,18400,19000
842,19101,18100,19000
843,19103,48400,19000
844,19105,19400,19000
845,19107,19280,19000
846,19109,22250,19000
847,19111,11500,19000
848,19113,29600,19000
849,19115,27225,19000
850,19117,23850,19000
851,19119,14600,19000
852,19121,19200,19000
853,19123,15300,19000
854,19125,20300,19000
855,19127,16900,19000
856,19129,17900,19000
857,19131,15400,19000
858,19133,15750,19000
859,19135,15733.33333,19000
860,19137,19350,19000
861,19139,25500,19000
862,19141,37620,19000
863,19143,51833.33333,19000
864,19145,17900,19000
865,19147,16100,19000
866,19149,21300,19000
867,19151,15360,19000
868,19153,31600,19000
869,19155,20800,19000
870,19157,30200,19000
871,19159,69200,19000
872,19161,17900,19000
873,19163,29900,19000
874,19165,14300,19000
875,19167,21600,19000
876,19169,36000,19000
877,19171,14100,19000
878,19173,38600,19000
879,19175,8000,19000
880,19177,13750,19000
881,19179,11600,19000
882,19181,27400,19000
883,19183,21200,19000
884,19185,23007.93651,19000
885,19187,12600,19000
886,19189,18500,19000
887,19191,26200,19000
888,19193,17800,19000
889,19195,16950,19000
890,19197,37500,19000
891,20001,5700,20000
892,20003,15833.33333,20000
893,20005,15000,20000
894,20007,5900,20000
895,20009,9100,20000
896,20011,9700,20000
897,20013,9900,20000
898,20015,14500,20000
899,20017,12700,20000
900,20019,5600,20000
901,20021,6000,20000
902,20023,14372.22222,20000
903,20025,12500,20000
904,20027,18950,20000
905,20029,14372.22222,20000
906,20031,5700,20000
907,20033,14372.22222,20000
908,20035,5200,20000
909,20037,9700,20000
910,20039,11100,20000
911,20041,17000,20000
912,20043,14372.22222,20000
913,20045,38300,20000
914,20047,9200,20000
915,20049,5600,20000
916,20051,15100,20000
917,20053,18400,20000
918,20055,14300,20000
919,20057,12500,20000
920,20059,17100,20000
921,20061,14200,20000
922,20063,11100,20000
923,20065,14372.22222,20000
924,20067,7900,20000
925,20069,9900,20000
926,20071,14372.22222,20000
927,20073,9200,20000
928,20075,14372.22222,20000
929,20077,7000,20000
930,20079,12100,20000
931,20081,11466.66667,20000
932,20083,12233.33333,20000
933,20085,9900,20000
934,20087,8200,20000
935,20089,14372.22222,20000
936,20091,52700,20000
937,20093,7900,20000
938,20095,8325,20000
939,20097,9200,20000
940,20099,7850,20000
941,20101,14372.22222,20000
942,20103,23400,20000
943,20105,22000,20000
944,20107,20900,20000
945,20109,11100,20000
946,20111,12700,20000
947,20113,14800,20000
948,20115,16300,20000
949,20117,20150,20000
950,20119,13000,20000
951,20121,24700,20000
952,20123,14372.22222,20000
953,20125,6000,20000
954,20127,13450,20000
955,20129,14372.22222,20000
956,20131,13250,20000
957,20133,7850,20000
958,20135,14300,20000
959,20137,14372.22222,20000
960,20139,7800,20000
961,20141,14372.22222,20000
962,20143,22000,20000
963,20145,14372.22222,20000
964,20147,14372.22222,20000
965,20149,16600,20000
966,20151,5900,20000
967,20153,11100,20000
968,20155,5800,20000
969,20157,14372.22222,20000
970,20159,10300,20000
971,20161,23700,20000
972,20163,14372.22222,20000
973,20165,15100,20000
974,20167,15100,20000
975,20169,22000,20000
976,20171,14372.22222,20000
977,20173,14600,20000
978,20175,16600,20000
979,20177,11700,20000
980,20179,11100,20000
981,20181,11100,20000
982,20183,14372.22222,20000
983,20185,5850,20000
984,20187,14372.22222,20000
985,20189,16600,20000
986,20191,7000,20000
987,20193,11100,20000
988,20195,14372.22222,20000
989,20197,14500,20000
990,20199,14372.22222,20000
991,20201,23700,20000
992,20203,14372.22222,20000
993,20205,6000,20000
994,20207,5700,20000
995,20209,15600,20000
996,21001,7700,21000
997,21003,15900,21000
998,21005,23200,21000
999,21007,17500,21000
1000,21009,12100,21000
1001,21011,20866.66667,21000
1002,21013,16000,21000
1003,21015,30700,21000
1004,21017,23800,21000
1005,21019,19700,21000
1006,21021,20900,21000
1007,21023,17100,21000
1008,21025,29100,21000
1009,21027,29800,21000
1010,21029,24400,21000
1011,21031,16650,21000
1012,21033,18950,21000
1013,21035,20900,21000
1014,21037,30100,21000
1015,21039,13350,21000
1016,21041,17425,21000
1017,21043,18700,21000
1018,21045,9200,21000
1019,21047,16700,21000
1020,21049,28400,21000
1021,21051,16375,21000
1022,21053,15300,21000
1023,21055,17650,21000
1024,21057,13600,21000
1025,21059,18500,21000
1026,21061,20300,21000
1027,21063,19500,21000
1028,21065,11000,21000
1029,21067,47500,21000
1030,21069,15966.66667,21000
1031,21071,23400,21000
1032,21073,27100,21000
1033,21075,19638.09524,21000
1034,21077,19300,21000
1035,21079,16700,21000
1036,21081,25300,21000
1037,21083,9200,21000
1038,21085,15900,21000
1039,21087,12300,21000
1040,21089,22300,21000
1041,21091,14750,21000
1042,21093,20600,21000
1043,21095,29100,21000
1044,21097,18500,21000
1045,21099,11700,21000
1046,21101,22200,21000
1047,21103,20000,21000
1048,21105,9200,21000
1049,21107,12500,21000
1050,21109,5300,21000
1051,21111,43300,21000
1052,21113,31700,21000
1053,21115,24900,21000
1054,21117,29600,21000
1055,21119,27200,21000
1056,21121,17000,21000
1057,21123,14500,21000
1058,21125,14100,21000
1059,21127,18600,21000
1060,21129,9133.333333,21000
1061,21131,29100,21000
1062,21133,29100,21000
1063,21135,10000,21000
1064,21137,11700,21000
1065,21139,24833.33333,21000
1066,21141,17100,21000
1067,21143,25200,21000
1068,21145,17500,21000
1069,21147,7300,21000
1070,21149,14250,21000
1071,21151,23100,21000
1072,21153,24150,21000
1073,21155,12500,21000
1074,21157,31800,21000
1075,21159,24200,21000
1076,21161,17500,21000
1077,21163,19100,21000
1078,21165,16633.33333,21000
1079,21167,20400,21000
1080,21169,10666.66667,21000
1081,21171,8200,21000
1082,21173,18400,21000
1083,21175,21300,21000
1084,21177,11300,21000
1085,21179,19500,21000
1086,21181,20233.33333,21000
1087,21183,11000,21000
1088,21185,45600,21000
1089,21187,15400,21000
1090,21189,17200,21000
1091,21191,15300,21000
1092,21193,29100,21000
1093,21195,29100,21000
1094,21197,11100,21000
1095,21199,11600,21000
1096,21201,18000,21000
1097,21203,10800,21000
1098,21205,20400,21000
1099,21207,19000,21000
1100,21209,32800,21000
1101,21211,28800,21000
1102,21213,14800,21000
1103,21215,26700,21000
1104,21217,10700,21000
1105,21219,9700,21000
1106,21221,21400,21000
1107,21223,15000,21000
1108,21225,10100,21000
1109,21227,24300,21000
1110,21229,18325,21000
1111,21231,11600,21000
1112,21233,14933.33333,21000
1113,21235,11900,21000
1114,21237,11100,21000
1115,21239,33600,21000
1116,22001,17000,22000
1117,22003,9100,22000
1118,22005,45000,22000
1119,22007,31400,22000
1120,22009,11100,22000
1121,22011,15700,22000
1122,22013,18937.5,22000
1123,22015,30800,22000
1124,22017,27700,22000
1125,22019,27400,22000
1126,22021,12483.33333,22000
1127,22023,43900,22000
1128,22025,17866.66667,22000
1129,22027,15200,22000
1130,22029,37200,22000
1131,22031,18900,22000
1132,22033,57400,22000
1133,22035,8100,22000
1134,22037,18200,22000
1135,22039,10500,22000
1136,22041,6400,22000
1137,22043,12200,22000
1138,22045,20900,22000
1139,22047,30800,22000
1140,22049,11900,22000
1141,22051,99600,22000
1142,22053,15600,22000
1143,22055,40900,22000
1144,22057,30200,22000
1145,22059,10000,22000
1146,22061,25300,22000
1147,22063,32200,22000
1148,22065,7250,22000
1149,22067,9900,22000
1150,22069,26600,22000
1151,22071,182300,22000
1152,22073,23400,22000
1153,22075,64500,22000
1154,22077,63500,22000
1155,22079,20500,22000
1156,22081,11500,22000
1157,22083,8100,22000
1158,22085,44500,22000
1159,22087,20400,22000
1160,22089,47500,22000
1161,22091,23533.33333,22000
1162,22093,29400,22000
1163,22095,33700,22000
1164,22097,17300,22000
1165,22099,20700,22000
1166,22101,28600,22000
1167,22103,39500,22000
1168,22105,20200,22000
1169,22107,21800,22000
1170,22109,32100,22000
1171,22111,43100,22000
1172,22113,17200,22000
1173,22115,11900,22000
1174,22117,11600,22000
1175,22119,15100,22000
1176,22121,33600,22000
1177,22123,9000,22000
1178,22125,55600,22000
1179,22127,15100,22000
1180,23001,24700,23000
1181,23003,14100,23000
1182,23005,93500,23000
1183,23007,30900,23000
1184,23009,99500,23000
1185,23011,31000,23000
1186,23013,52600,23000
1187,23015,68900,23000
1188,23017,38000,23000
1189,23019,22500,23000
1190,23021,18850,23000
1191,23023,42200,23000
1192,23025,15200,23000
1193,23027,65400,23000
1194,23029,25600,23000
1195,23031,127800,23000
1196,24001,19300,24000
1197,24003,151400,24000
1198,24005,87800,24000
1199,24009,98100,24000
1200,24011,34100,24000
1201,24013,88200,24000
1202,24015,60000,24000
1203,24017,74000,24000
1204,24019,30800,24000
1205,24021,81000,24000
1206,24023,80700,24000
1207,24025,82400,24000
1208,24027,171800,24000
1209,24029,75100,24000
1210,24031,259000,24000
1211,24033,70800,24000
1212,24035,104100,24000
1213,24037,82700,24000
1214,24039,27900,24000
1215,24041,98500,24000
1216,24043,41100,24000
1217,24045,29700,24000
1218,24047,110000,24000
1219,24510,89500,25000
1220,25001,197000,25000
1221,25003,51600,25000
1222,25005,91100,25000
1223,25007,324800,25000
1224,25009,161500,25000
1225,25011,43900,25000
1226,25013,53600,25000
1227,25015,77300,25000
1228,25017,237800,25000
1229,25019,694600,25000
1230,25021,221400,25000
1231,25023,134900,25000
1232,25025,250000,25000
1233,25027,69400,25000
1234,26001,54700,26000
1235,26003,17400,26000
1236,26005,40600,26000
1237,26007,14100,26000
1238,26009,111100,26000
1239,26011,35600,26000
1240,26013,27833.33333,26000
1241,26015,49900,26000
1242,26017,7000,26000
1243,26019,141800,26000
1244,26021,62900,26000
1245,26023,39100,26000
1246,26025,13900,26000
1247,26027,106600,26000
1248,26029,66100,26000
1249,26031,103200,26000
1250,26033,23800,26000
1251,26035,20800,26000
1252,26037,22900,26000
1253,26039,21200,26000
1254,26041,15900,26000
1255,26043,11300,26000
1256,26045,21700,26000
1257,26047,116600,26000
1258,26049,8700,26000
1259,26051,60800,26000
1260,26053,8800,26000
1261,26055,48400,26000
1262,26057,21516.66667,26000
1263,26059,26100,26000
1264,26061,27400,26000
1265,26063,32300,26000
1266,26065,19100,26000
1267,26067,18200,26000
1268,26069,26100,26000
1269,26071,33500,26000
1270,26073,28400,26000
1271,26075,21700,26000
1272,26077,33500,26000
1273,26079,48500,26000
1274,26081,24900,26000
1275,26083,25000,26000
1276,26085,69100,26000
1277,26087,22800,26000
1278,26089,131200,26000
1279,26091,24100,26000
1280,26093,40800,26000
1281,26095,32100,26000
1282,26097,47000,26000
1283,26099,25300,26000
1284,26101,48500,26000
1285,26103,22600,26000
1286,26105,40100,26000
1287,26107,32100,26000
1288,26109,13000,26000
1289,26111,31300,26000
1290,26113,43900,26000
1291,26115,23000,26000
1292,26117,31600,26000
1293,26119,31100,26000
1294,26121,18900,26000
1295,26123,37900,26000
1296,26125,50200,26000
1297,26127,141500,26000
1298,26129,33900,26000
1299,26131,30450,26000
1300,26133,12800,26000
1301,26135,25700,26000
1302,26137,19000,26000
1303,26139,37100,26000
1304,26141,46300,26000
1305,26143,55200,26000
1306,26145,9100,26000
1307,26147,30100,26000
1308,26149,42100,26000
1309,26151,31800,26000
1310,26153,25500,26000
1311,26155,10500,26000
1312,26157,12700,26000
1313,26159,74400,26000
1314,26161,69100,26000
1315,26163,17500,26000
1316,26165,18700,26000
1317,27001,77800,27000
1318,27003,44600,27000
1319,27005,105600,27000
1320,27007,36500,27000
1321,27009,24100,27000
1322,27011,17500,27000
1323,27013,33900,27000
1324,27015,25400,27000
1325,27017,21800,27000
1326,27019,70200,27000
1327,27021,162200,27000
1328,27023,11000,27000
1329,27025,34200,27000
1330,27027,29400,27000
1331,27029,37600,27000
1332,27031,36497.05882,27000
1333,27033,13200,27000
1334,27035,68000,27000
1335,27037,56800,27000
1336,27039,24800,27000
1337,27041,45200,27000
1338,27043,23850,27000
1339,27045,18600,27000
1340,27047,19000,27000
1341,27049,27800,27000
1342,27051,16700,27000
1343,27053,89800,27000
1344,27055,30600,27000
1345,27057,71000,27000
1346,27059,22900,27000
1347,27061,26500,27000
1348,27063,24000,27000
1349,27065,27300,27000
1350,27067,47100,27000
1351,27069,12550,27000
1352,27071,12800,27000
1353,27073,12733.33333,27000
1354,27075,30300,27000
1355,27077,14600,27000
1356,27079,40900,27000
1357,27081,16800,27000
1358,27083,23900,27000
1359,27085,26600,27000
1360,27087,28800,27000
1361,27089,8700,27000
1362,27091,36497.05882,27000
1363,27093,39500,27000
1364,27095,41700,27000
1365,27097,39100,27000
1366,27099,21300,27000
1367,27101,26100,27000
1368,27103,40400,27000
1369,27105,24000,27000
1370,27107,29100,27000
1371,27109,34100,27000
1372,27111,64700,27000
1373,27113,14100,27000
1374,27115,25800,27000
1375,27117,20566.66667,27000
1376,27119,28800,27000
1377,27121,55200,27000
1378,27123,69400,27000
1379,27125,28800,27000
1380,27127,16620,27000
1381,27129,10200,27000
1382,27131,33400,27000
1383,27133,11700,27000
1384,27135,16400,27000
1385,27137,30300,27000
1386,27139,62400,27000
1387,27141,30600,27000
1388,27143,14800,27000
1389,27145,30800,27000
1390,27147,26700,27000
1391,27149,33650,27000
1392,27151,17500,27000
1393,27153,43100,27000
1394,27155,13150,27000
1395,27157,38900,27000
1396,27159,11000,27000
1397,27161,28700,27000
1398,27163,65400,27000
1399,27165,19300,27000
1400,27167,9600,27000
1401,27169,32100,27000
1402,27171,39400,27000
1403,27173,9700,27000
1404,28001,14700,28000
1405,28003,13300,28000
1406,28005,10400,28000
1407,28007,12600,28000
1408,28009,11466.66667,28000
1409,28011,20400,28000
1410,28013,18920,28000
1411,28015,14400,28000
1412,28017,7200,28000
1413,28019,18166.66667,28000
1414,28021,13566.66667,28000
1415,28023,10400,28000
1416,28025,20900,28000
1417,28027,19200,28000
1418,28029,5700,28000
1419,28031,5500,28000
1420,28033,20300,28000
1421,28035,14000,28000
1422,28037,12700,28000
1423,28039,8400,28000
1424,28041,14979.31034,28000
1425,28043,17200,28000
1426,28045,22400,28000
1427,28047,21900,28000
1428,28049,16900,28000
1429,28051,22000,28000
1430,28053,12700,28000
1431,28055,14666.66667,28000
1432,28057,9900,28000
1433,28059,17600,28000
1434,28061,18900,28000
1435,28063,9200,28000
1436,28065,12050,28000
1437,28067,12800,28000
1438,28069,9775,28000
1439,28071,45800,28000
1440,28073,23000,28000
1441,28075,10800,28000
1442,28077,6600,28000
1443,28079,11700,28000
1444,28081,17600,28000
1445,28083,18100,28000
1446,28085,12700,28000
1447,28087,14100,28000
1448,28089,38300,28000
1449,28091,9200,28000
1450,28093,11200,28000
1451,28095,13900,28000
1452,28097,7900,28000
1453,28099,11400,28000
1454,28101,7000,28000
1455,28103,20233.33333,28000
1456,28105,36700,28000
1457,28107,15300,28000
1458,28109,12600,28000
1459,28111,12466.66667,28000
1460,28113,8100,28000
1461,28115,13700,28000
1462,28117,8800,28000
1463,28119,15300,28000
1464,28121,27000,28000
1465,28123,17920,28000
1466,28125,12950,28000
1467,28127,9400,28000
1468,28129,5600,28000
1469,28131,16200,28000
1470,28133,6800,28000
1471,28135,13620,28000
1472,28137,14500,28000
1473,28139,11700,28000
1474,28141,30900,28000
1475,28143,16700,28000
1476,28145,11500,28000
1477,28147,5900,28000
1478,28149,18100,28000
1479,28151,16300,28000
1480,28153,15850,28000
1481,28155,17980,28000
1482,28157,14979.31034,28000
1483,28159,9900,28000
1484,28161,10700,28000
1485,28163,9600,28000
1486,29001,19000,29000
1487,29003,21200,29000
1488,29005,22000,29000
1489,29007,14900,29000
1490,29009,21700,29000
1491,29011,9000,29000
1492,29013,11400,29000
1493,29015,14300,29000
1494,29017,16366.66667,29000
1495,29019,29300,29000
1496,29021,21900,29000
1497,29023,13600,29000
1498,29025,20780,29000
1499,29027,15800,29000
1500,29029,74100,29000
1501,29031,22800,29000
1502,29033,13825,29000
1503,29035,19735.13514,29000
1504,29037,24500,29000
1505,29039,12800,29000
1506,29041,12666.66667,29000
1507,29043,19200,29000
1508,29045,19735.13514,29000
1509,29047,26700,29000
1510,29049,14800,29000
1511,29051,19400,29000
1512,29053,13900,29000
1513,29055,21000,29000
1514,29057,14580,29000
1515,29059,6500,29000
1516,29061,49900,29000
1517,29063,12900,29000
1518,29065,11850,29000
1519,29067,11040,29000
1520,29069,10800,29000
1521,29071,20600,29000
1522,29073,16500,29000
1523,29075,28266.66667,29000
1524,29077,20200,29000
1525,29079,14200,29000
1526,29081,19735.13514,29000
1527,29083,13200,29000
1528,29085,32566.66667,29000
1529,29087,22000,29000
1530,29089,12566.66667,29000
1531,29091,10300,29000
1532,29093,12000,29000
1533,29095,23800,29000
1534,29097,12200,29000
1535,29099,23300,29000
1536,29101,18600,29000
1537,29103,19735.13514,29000
1538,29105,9500,29000
1539,29107,14400,29000
1540,29109,10600,29000
1541,29111,15400,29000
1542,29113,16700,29000
1543,29115,14200,29000
1544,29117,14200,29000
1545,29119,7200,29000
1546,29121,9200,29000
1547,29123,14500,29000
1548,29125,28633.33333,29000
1549,29127,15400,29000
1550,29129,73900,29000
1551,29131,53800,29000
1552,29133,10000,29000
1553,29135,37125,29000
1554,29137,12100,29000
1555,29139,11200,29000
1556,29141,61400,29000
1557,29143,12500,29000
1558,29145,14400,29000
1559,29147,22000,29000
1560,29149,10300,29000
1561,29151,25225,29000
1562,29153,13100,29000
1563,29155,10700,29000
1564,29157,17000,29000
1565,29159,13000,29000
1566,29161,15300,29000
1567,29163,11800,29000
1568,29165,36000,29000
1569,29167,17100,29000
1570,29169,16800,29000
1571,29171,73900,29000
1572,29173,11700,29000
1573,29175,9200,29000
1574,29177,12100,29000
1575,29179,19735.13514,29000
1576,29181,19735.13514,29000
1577,29183,37600,29000
1578,29185,13060,29000
1579,29186,18400,29000
1580,29187,12000,29000
1581,29189,45300,29000
1582,29195,14600,29000
1583,29197,73900,29000
1584,29199,19735.13514,29000
1585,29201,14600,29000
1586,29203,9350,29000
1587,29205,15400,29000
1588,29207,9300,29000
1589,29209,36000,29000
1590,29211,73900,29000
1591,29213,15900,29000
1592,29215,8400,29000
1593,29217,7900,29000
1594,29219,21800,29000
1595,29221,18633.33333,29000
1596,29223,11450,29000
1597,29225,13200,29000
1598,29227,22000,29000
1599,29229,7400,29000
1600,29510,25300,30000
1601,30001,33800,30000
1602,30003,17300,30000
1603,30005,17200,30000
1604,30007,32600,30000
1605,30009,48200,30000
1606,30011,27200,30000
1607,30013,34900,30000
1608,30015,21640,30000
1609,30017,27200,30000
1610,30019,15650,30000
1611,30021,33700,30000
1612,30023,35800,30000
1613,30025,27200,30000
1614,30027,23500,30000
1615,30029,47500,30000
1616,30031,62800,30000
1617,30033,17000,30000
1618,30035,13750,30000
1619,30037,39833.33333,30000
1620,30039,61200,30000
1621,30041,15600,30000
1622,30043,35500,30000
1623,30045,23500,30000
1624,30047,87600,30000
1625,30049,49700,30000
1626,30051,14366.66667,30000
1627,30053,36800,30000
1628,30055,25550,30000
1629,30057,88000,30000
1630,30059,43720,30000
1631,30061,34800,30000
1632,30063,83200,30000
1633,30065,35250,30000
1634,30067,33000,30000
1635,30069,18250,30000
1636,30071,12500,30000
1637,30073,14000,30000
1638,30075,25600,30000
1639,30077,53975,30000
1640,30079,33700,30000
1641,30081,39200,30000
1642,30083,36600,30000
1643,30085,22633.33333,30000
1644,30087,24000,30000
1645,30089,36800,30000
1646,30091,16800,30000
1647,30093,32700,30000
1648,30095,34800,30000
1649,30097,38200,30000
1650,30099,20200,30000
1651,30101,13500,30000
1652,30103,35250,30000
1653,30105,14500,30000
1654,30107,38200,30000
1655,30109,36600,30000
1656,30111,46500,30000
1657,31001,17100,31000
1658,31003,13725,31000
1659,31005,10500,31000
1660,31007,15800,31000
1661,31009,17186.48649,31000
1662,31011,22750,31000
1663,31013,17400,31000
1664,31015,11750,31000
1665,31017,17186.48649,31000
1666,31019,28900,31000
1667,31021,8700,31000
1668,31023,25816.66667,31000
1669,31025,29100,31000
1670,31027,12200,31000
1671,31029,17186.48649,31000
1672,31031,17186.48649,31000
1673,31033,14200,31000
1674,31035,11766.66667,31000
1675,31037,18750,31000
1676,31039,12100,31000
1677,31041,19166.66667,31000
1678,31043,14700,31000
1679,31045,17186.48649,31000
1680,31047,14300,31000
1681,31049,10500,31000
1682,31051,14350,31000
1683,31053,23600,31000
1684,31055,24800,31000
1685,31057,17186.48649,31000
1686,31059,4000,31000
1687,31061,10200,31000
1688,31063,11300,31000
1689,31065,10250,31000
1690,31067,19700,31000
1691,31069,12350,31000
1692,31071,10200,31000
1693,31073,12200,31000
1694,31075,17186.48649,31000
1695,31077,17186.48649,31000
1696,31079,19800,31000
1697,31081,15100,31000
1698,31083,10200,31000
1699,31085,14300,31000
1700,31087,8300,31000
1701,31089,10200,31000
1702,31091,17186.48649,31000
1703,31093,14150,31000
1704,31095,18600,31000
1705,31097,31550,31000
1706,31099,8200,31000
1707,31101,10500,31000
1708,31103,10200,31000
1709,31105,14200,31000
1710,31107,13300,31000
1711,31109,42600,31000
1712,31111,14300,31000
1713,31113,14300,31000
1714,31115,10200,31000
1715,31117,12400,31000
1716,31119,17700,31000
1717,31121,8500,31000
1718,31123,15800,31000
1719,31125,18150,31000
1720,31127,20500,31000
1721,31129,4000,31000
1722,31131,20500,31000
1723,31133,17186.48649,31000
1724,31135,12400,31000
1725,31137,12200,31000
1726,31139,13700,31000
1727,31141,27800,31000
1728,31143,18400,31000
1729,31145,8300,31000
1730,31147,17186.48649,31000
1731,31149,10200,31000
1732,31151,17500,31000
1733,31153,27200,31000
1734,31155,20300,31000
1735,31157,17400,31000
1736,31159,24400,31000
1737,31161,17186.48649,31000
1738,31163,17186.48649,31000
1739,31165,17400,31000
1740,31167,11500,31000
1741,31169,17500,31000
1742,31171,17186.48649,31000
1743,31173,13600,31000
1744,31175,17186.48649,31000
1745,31177,21300,31000
1746,31179,14000,31000
1747,31181,8200,31000
1748,31183,10200,31000
1749,31185,16200,31000
1750,32001,18800,32000
1751,32003,39600,32000
1752,32005,82700,32000
1753,32007,41200,32000
1754,32009,11400,32000
1755,32011,16250,32000
1756,32013,33400,32000
1757,32015,28666.66667,32000
1758,32017,16250,32000
1759,32019,20000,32000
1760,32021,15700,32000
1761,32023,11400,32000
1762,32027,42600,32000
1763,32029,26700,32000
1764,32031,51800,32000
1765,32033,21100,32000
1766,32510,41100,33000
1767,33001,114200,33000
1768,33003,88500,33000
1769,33005,51400,33000
1770,33007,16500,33000
1771,33009,70100,33000
1772,33011,73900,33000
1773,33013,60900,33000
1774,33015,115800,33000
1775,33017,64200,33000
1776,33019,63100,33000
1777,34001,128200,34000
1778,34003,239000,34000
1779,34005,61800,34000
1780,34007,52300,34000
1781,34009,395900,34000
1782,34011,27300,34000
1783,34013,162400,34000
1784,34015,45800,34000
1785,34017,243900,34000
1786,34019,102700,34000
1787,34021,98200,34000
1788,34023,124200,34000
1789,34025,192600,34000
1790,34027,170100,34000
1791,34029,146600,34000
1792,34031,125900,34000
1793,34033,38100,34000
1794,34035,149700,34000
1795,34037,70200,34000
1796,34039,177100,34000
1797,34041,52500,34000
1798,35001,63800,35000
1799,35003,29125,35000
1800,35005,15900,35000
1801,35006,18600,35000
1802,35007,20800,35000
1803,35009,21500,35000
1804,35011,24100,35000
1805,35013,33100,35000
1806,35015,22400,35000
1807,35017,24300,35000
1808,35019,32200,35000
1809,35021,31800,35000
1810,35023,21400,35000
1811,35025,16000,35000
1812,35027,32600,35000
1813,35028,74400,35000
1814,35029,21400,35000
1815,35031,37000,35000
1816,35033,52200,35000
1817,35035,19300,35000
1818,35037,23700,35000
1819,35039,37800,35000
1820,35041,15600,35000
1821,35043,50300,35000
1822,35045,35700,35000
1823,35047,31800,35000
1824,35049,84100,35000
1825,35051,32700,35000
1826,35053,40900,35000
1827,35055,55100,35000
1828,35057,44100,35000
1829,35059,34841.66667,35000
1830,35061,31100,35000
1831,36001,38400,36000
1832,36003,20975,36000
1833,36005,250600,36000
1834,36007,15500,36000
1835,36009,15200,36000
1836,36011,27100,36000
1837,36013,21600,36000
1838,36015,16600,36000
1839,36017,12700,36000
1840,36019,21300,36000
1841,36021,36600,36000
1842,36023,14300,36000
1843,36025,11700,36000
1844,36027,48900,36000
1845,36029,24100,36000
1846,36031,51000,36000
1847,36033,20900,36000
1848,36035,19800,36000
1849,36037,15000,36000
1850,36039,27100,36000
1851,36041,74800,36000
1852,36043,15500,36000
1853,36045,27700,36000
1854,36047,1188900,36000
1855,36049,19525,36000
1856,36051,28100,36000
1857,36053,30100,36000
1858,36055,24900,36000
1859,36057,11100,36000
1860,36059,249100,36000
1861,36061,7217200,36000
1862,36063,16000,36000
1863,36065,16500,36000
1864,36067,22300,36000
1865,36069,28900,36000
1866,36071,45900,36000
1867,36073,14900,36000
1868,36075,18200,36000
1869,36077,23100,36000
1870,36079,79400,36000
1871,36081,421800,36000
1872,36083,24100,36000
1873,36085,320500,36000
1874,36087,147700,36000
1875,36089,15700,36000
1876,36091,49900,36000
1877,36093,26500,36000
1878,36095,15400,36000
1879,36097,43325,36000
1880,36099,33900,36000
1881,36101,22000,36000
1882,36103,216100,36000
1883,36105,20900,36000
1884,36107,13900,36000
1885,36109,29000,36000
1886,36111,31200,36000
1887,36113,62600,36000
1888,36115,29900,36000
1889,36117,22600,36000
1890,36119,245400,36000
1891,36121,18600,36000
1892,36123,88400,36000
1893,37001,25400,37000
1894,37003,21200,37000
1895,37005,16500,37000
1896,37007,51100,37000
1897,37009,19800,37000
1898,37011,43900,37000
1899,37013,64400,37000
1900,37015,20900,37000
1901,37017,33000,37000
1902,37019,65600,37000
1903,37021,40500,37000
1904,37023,16200,37000
1905,37025,27300,37000
1906,37027,12000,37000
1907,37029,50300,37000
1908,37031,101100,37000
1909,37033,38400,37000
1910,37035,21300,37000
1911,37037,49700,37000
1912,37039,22600,37000
1913,37041,49600,37000
1914,37043,57100,37000
1915,37045,14500,37000
1916,37047,26700,37000
1917,37049,29800,37000
1918,37051,27400,37000
1919,37053,88200,37000
1920,37055,135600,37000
1921,37057,26200,37000
1922,37059,30100,37000
1923,37061,25300,37000
1924,37063,42900,37000
1925,37065,27600,37000
1926,37067,31400,37000
1927,37069,25600,37000
1928,37071,21800,37000
1929,37073,21000,37000
1930,37075,67200,37000
1931,37077,21600,37000
1932,37079,14400,37000
1933,37081,31000,37000
1934,37083,60500,37000
1935,37085,24700,37000
1936,37087,26100,37000
1937,37089,30600,37000
1938,37091,17800,37000
1939,37093,22900,37000
1940,37095,178400,37000
1941,37097,34000,37000
1942,37099,38400,37000
1943,37101,25700,37000
1944,37103,14500,37000
1945,37105,22200,37000
1946,37107,15900,37000
1947,37109,36300,37000
1948,37111,18400,37000
1949,37113,41400,37000
1950,37115,22600,37000
1951,37117,11100,37000
1952,37119,58100,37000
1953,37121,18200,37000
1954,37123,127800,37000
1955,37125,31300,37000
1956,37127,18600,37000
1957,37129,78600,37000
1958,37131,99600,37000
1959,37133,41800,37000
1960,37135,75700,37000
1961,37137,62700,37000
1962,37139,29500,37000
1963,37141,55300,37000
1964,37143,84900,37000
1965,37145,34600,37000
1966,37147,22400,37000
1967,37149,19200,37000
1968,37151,18200,37000
1969,37153,7800,37000
1970,37155,14300,37000
1971,37157,14300,37000
1972,37159,21300,37000
1973,37161,21400,37000
1974,37163,20000,37000
1975,37165,11800,37000
1976,37167,33300,37000
1977,37169,15800,37000
1978,37171,14600,37000
1979,37173,29700,37000
1980,37175,37400,37000
1981,37177,103320,37000
1982,37179,35500,37000
1983,37181,34500,37000
1984,37183,65100,37000
1985,37185,185300,37000
1986,37187,68980,37000
1987,37189,41400,37000
1988,37191,21500,37000
1989,37193,15200,37000
1990,37195,25400,37000
1991,37197,10500,37000
1992,37199,43700,37000
1993,38001,27605,38000
1994,38003,13700,38000
1995,38005,17800,38000
1996,38007,39250,38000
1997,38009,45600,38000
1998,38011,27605,38000
1999,38013,48133.33333,38000
2000,38015,40200,38000
2001,38017,36200,38000
2002,38019,18300,38000
2003,38021,3550,38000
2004,38023,58600,38000
2005,38025,29820,38000
2006,38027,27605,38000
2007,38029,34900,38000
2008,38031,19500,38000
2009,38033,39200,38000
2010,38035,39900,38000
2011,38037,37100,38000
2012,38039,19500,38000
2013,38041,39300,38000
2014,38043,19500,38000
2015,38045,12200,38000
2016,38047,19500,38000
2017,38049,28700,38000
2018,38051,27605,38000
2019,38053,39200,38000
2020,38055,19000,38000
2021,38057,15600,38000
2022,38059,34900,38000
2023,38061,36000,38000
2024,38063,29100,38000
2025,38065,23166.66667,38000
2026,38067,27605,38000
2027,38069,17300,38000
2028,38071,18300,38000
2029,38073,4900,38000
2030,38075,49800,38000
2031,38077,11400,38000
2032,38079,17300,38000
2033,38081,2200,38000
2034,38083,18150,38000
2035,38085,34900,38000
2036,38087,39300,38000
2037,38089,39300,38000
2038,38091,28866.66667,38000
2039,38093,19500,38000
2040,38095,17800,38000
2041,38097,10500,38000
2042,38099,29100,38000
2043,38101,49800,38000
2044,38103,18400,38000
2045,38105,58600,38000
2046,39001,17375,39000
2047,39003,16400,39000
2048,39005,18700,39000
2049,39007,15400,39000
2050,39009,23600,39000
2051,39011,18800,39000
2052,39013,17400,39000
2053,39015,15100,39000
2054,39017,28700,39000
2055,39019,21900,39000
2056,39021,12600,39000
2057,39023,16600,39000
2058,39025,28900,39000
2059,39027,17500,39000
2060,39029,16100,39000
2061,39031,16800,39000
2062,39033,11100,39000
2063,39035,29200,39000
2064,39037,13600,39000
2065,39039,15800,39000
2066,39041,52400,39000
2067,39043,34400,39000
2068,39045,28200,39000
2069,39047,17000,39000
2070,39049,41400,39000
2071,39051,16400,39000
2072,39053,20300,39000
2073,39055,50000,39000
2074,39057,30000,39000
2075,39059,15100,39000
2076,39061,36400,39000
2077,39063,20600,39000
2078,39065,9700,39000
2079,39067,18850,39000
2080,39069,16600,39000
2081,39071,14800,39000
2082,39073,25600,39000
2083,39075,23500,39000
2084,39077,16900,39000
2085,39079,17100,39000
2086,39081,17800,39000
2087,39083,20900,39000
2088,39085,30500,39000
2089,39087,18900,39000
2090,39089,29200,39000
2091,39091,34200,39000
2092,39093,29300,39000
2093,39095,19700,39000
2094,39097,26200,39000
2095,39099,16100,39000
2096,39101,10900,39000
2097,39103,37100,39000
2098,39105,20300,39000
2099,39107,19800,39000
2100,39109,23700,39000
2101,39111,20000,39000
2102,39113,22800,39000
2103,39115,21300,39000
2104,39117,19400,39000
2105,39119,15100,39000
2106,39121,16733.33333,39000
2107,39123,55900,39000
2108,39125,11300,39000
2109,39127,28800,39000
2110,39129,24400,39000
2111,39131,23300,39000
2112,39133,27000,39000
2113,39135,11400,39000
2114,39137,17800,39000
2115,39139,14400,39000
2116,39141,18100,39000
2117,39143,18700,39000
2118,39145,16300,39000
2119,39147,11400,39000
2120,39149,14900,39000
2121,39151,22400,39000
2122,39153,26800,39000
2123,39155,18200,39000
2124,39157,20600,39000
2125,39159,36000,39000
2126,39161,11800,39000
2127,39163,20275,39000
2128,39165,32300,39000
2129,39167,20000,39000
2130,39169,22200,39000
2131,39171,15500,39000
2132,39173,25800,39000
2133,39175,13500,39000
2134,40001,22400,40000
2135,40003,11750,40000
2136,40005,14600,40000
2137,40007,12300,40000
2138,40009,11900,40000
2139,40011,15700,40000
2140,40013,15600,40000
2141,40015,9500,40000
2142,40017,22300,40000
2143,40019,15100,40000
2144,40021,16000,40000
2145,40023,10500,40000
2146,40025,12300,40000
2147,40027,29700,40000
2148,40029,12100,40000
2149,40031,18300,40000
2150,40033,12700,40000
2151,40035,8300,40000
2152,40037,15800,40000
2153,40039,13800,40000
2154,40041,36900,40000
2155,40043,13700,40000
2156,40045,13600,40000
2157,40047,11500,40000
2158,40049,10100,40000
2159,40051,11800,40000
2160,40053,11550,40000
2161,40055,14300,40000
2162,40057,14300,40000
2163,40059,12800,40000
2164,40061,12920,40000
2165,40063,12600,40000
2166,40065,14300,40000
2167,40067,11550,40000
2168,40069,12680,40000
2169,40071,11600,40000
2170,40073,17200,40000
2171,40075,14033.33333,40000
2172,40077,11750,40000
2173,40079,9900,40000
2174,40081,8100,40000
2175,40083,17500,40000
2176,40085,10400,40000
2177,40087,16300,40000
2178,40089,5400,40000
2179,40091,13600,40000
2180,40093,13575,40000
2181,40095,12500,40000
2182,40097,20600,40000
2183,40099,9600,40000
2184,40101,13200,40000
2185,40103,8300,40000
2186,40105,16700,40000
2187,40107,11200,40000
2188,40109,27600,40000
2189,40111,10900,40000
2190,40113,15100,40000
2191,40115,6500,40000
2192,40117,12800,40000
2193,40119,21100,40000
2194,40121,13600,40000
2195,40123,10600,40000
2196,40125,12200,40000
2197,40127,9633.333333,40000
2198,40129,13800,40000
2199,40131,20100,40000
2200,40133,11400,40000
2201,40135,14300,40000
2202,40137,12700,40000
2203,40139,12300,40000
2204,40141,14300,40000
2205,40143,33600,40000
2206,40145,21300,40000
2207,40147,13300,40000
2208,40149,11650,40000
2209,40151,12000,40000
2210,40153,13600,40000
2211,41001,28500,41000
2212,41003,98400,41000
2213,41005,107600,41000
2214,41007,109300,41000
2215,41009,46400,41000
2216,41011,46700,41000
2217,41013,26700,41000
2218,41015,73600,41000
2219,41017,67000,41000
2220,41019,37500,41000
2221,41021,52500,41000
2222,41023,28625,41000
2223,41025,43700,41000
2224,41027,113000,41000
2225,41029,66900,41000
2226,41031,20700,41000
2227,41033,47600,41000
2228,41035,24200,41000
2229,41037,24200,41000
2230,41039,65900,41000
2231,41041,79100,41000
2232,41043,41300,41000
2233,41045,20400,41000
2234,41047,54200,41000
2235,41049,33100,41000
2236,41051,144400,41000
2237,41053,46100,41000
2238,41055,52500,41000
2239,41057,105300,41000
2240,41059,33100,41000
2241,41061,34300,41000
2242,41063,33700,41000
2243,41065,52500,41000
2244,41067,118500,41000
2245,41069,36600,41000
2246,41071,62800,41000
2247,42001,37000,42000
2248,42003,37100,42000
2249,42005,15400,42000
2250,42007,20300,42000
2251,42009,15200,42000
2252,42011,33800,42000
2253,42013,15000,42000
2254,42015,21800,42000
2255,42017,76900,42000
2256,42019,41900,42000
2257,42021,16600,42000
2258,42023,15425,42000
2259,42025,17000,42000
2260,42027,41100,42000
2261,42029,74400,42000
2262,42031,20900,42000
2263,42033,14900,42000
2264,42035,21800,42000
2265,42037,21400,42000
2266,42039,19100,42000
2267,42041,44000,42000
2268,42043,36500,42000
2269,42045,60200,42000
2270,42047,14000,42000
2271,42049,24800,42000
2272,42051,14300,42000
2273,42053,13025,42000
2274,42055,33400,42000
2275,42057,21200,42000
2276,42059,18500,42000
2277,42061,17900,42000
2278,42063,22000,42000
2279,42065,14600,42000
2280,42067,20000,42000
2281,42069,26700,42000
2282,42071,47100,42000
2283,42073,16100,42000
2284,42075,33700,42000
2285,42077,36500,42000
2286,42079,18500,42000
2287,42081,26100,42000
2288,42083,11000,42000
2289,42085,18200,42000
2290,42087,18700,42000
2291,42089,19800,42000
2292,42091,75400,42000
2293,42093,29800,42000
2294,42095,39100,42000
2295,42097,19100,42000
2296,42099,24800,42000
2297,42101,74400,42000
2298,42103,26300,42000
2299,42105,19925,42000
2300,42107,13600,42000
2301,42109,26400,42000
2302,42111,24500,42000
2303,42113,22525,42000
2304,42115,28500,42000
2305,42117,20800,42000
2306,42119,32300,42000
2307,42121,13300,42000
2308,42123,10200,42000
2309,42125,28100,42000
2310,42127,24500,42000
2311,42129,27000,42000
2312,42131,24100,42000
2313,42133,35500,42000
2314,44001,125000,44000
2315,44003,68200,44000
2316,44005,163800,44000
2317,44007,63500,44000
2318,44009,154700,44000
2319,45001,15300,45000
2320,45003,23800,45000
2321,45005,16025,45000
2322,45007,18800,45000
2323,45009,5300,45000
2324,45011,8700,45000
2325,45013,65700,45000
2326,45015,41800,45000
2327,45017,21300,45000
2328,45019,114900,45000
2329,45021,9600,45000
2330,45023,29025,45000
2331,45025,14100,45000
2332,45027,47200,45000
2333,45029,39500,45000
2334,45031,13600,45000
2335,45033,14100,45000
2336,45035,31400,45000
2337,45037,16400,45000
2338,45039,31400,45000
2339,45041,19200,45000
2340,45043,65600,45000
2341,45045,31500,45000
2342,45047,23300,45000
2343,45049,10600,45000
2344,45051,44000,45000
2345,45053,33300,45000
2346,45055,29500,45000
2347,45057,36800,45000
2348,45059,22900,45000
2349,45061,22066.66667,45000
2350,45063,28600,45000
2351,45065,74500,45000
2352,45067,13700,45000
2353,45069,10000,45000
2354,45071,46900,45000
2355,45073,56100,45000
2356,45075,14100,45000
2357,45077,32500,45000
2358,45079,34600,45000
2359,45081,53500,45000
2360,45083,19200,45000
2361,45085,17500,45000
2362,45087,5000,45000
2363,45089,6300,45000
2364,45091,42900,45000
2365,46003,20700,46000
2366,46005,29127.77778,46000
2367,46007,29127.77778,46000
2368,46009,22700,46000
2369,46011,29000,46000
2370,46013,23000,46000
2371,46015,29127.77778,46000
2372,46017,29127.77778,46000
2373,46019,20400,46000
2374,46021,29127.77778,46000
2375,46023,29127.77778,46000
2376,46025,33100,46000
2377,46027,21400,46000
2378,46029,32100,46000
2379,46031,29127.77778,46000
2380,46033,33500,46000
2381,46035,20700,46000
2382,46037,25700,46000
2383,46039,28500,46000
2384,46041,29127.77778,46000
2385,46043,20700,46000
2386,46045,29127.77778,46000
2387,46047,29127.77778,46000
2388,46049,29127.77778,46000
2389,46051,19300,46000
2390,46053,29127.77778,46000
2391,46055,34850,46000
2392,46057,34100,46000
2393,46059,29127.77778,46000
2394,46061,29127.77778,46000
2395,46063,29127.77778,46000
2396,46065,28600,46000
2397,46067,21700,46000
2398,46069,28600,46000
2399,46071,40600,46000
2400,46073,29127.77778,46000
2401,46075,29127.77778,46000
2402,46077,32666.66667,46000
2403,46079,34900,46000
2404,46081,40300,46000
2405,46083,34900,46000
2406,46085,28600,46000
2407,46087,33500,46000
2408,46089,29127.77778,46000
2409,46091,29127.77778,46000
2410,46093,29100,46000
2411,46095,29127.77778,46000
2412,46097,34900,46000
2413,46099,32100,46000
2414,46101,33500,46000
2415,46102,29127.77778,46000
2416,46103,40600,46000
2417,46105,29100,46000
2418,46107,29127.77778,46000
2419,46109,19300,46000
2420,46111,20700,46000
2421,46113,37050,46000
2422,46115,23000,46000
2423,46117,28600,46000
2424,46119,28600,46000
2425,46121,29127.77778,46000
2426,46123,29127.77778,46000
2427,46125,29900,46000
2428,46127,27600,46000
2429,46129,29127.77778,46000
2430,46135,22700,46000
2431,46137,29100,46000
2432,47001,22500,47000
2433,47003,13300,47000
2434,47005,18000,47000
2435,47007,18925,47000
2436,47009,28300,47000
2437,47011,19500,47000
2438,47013,33700,47000
2439,47015,14800,47000
2440,47017,7700,47000
2441,47019,17000,47000
2442,47021,25100,47000
2443,47023,12600,47000
2444,47025,16200,47000
2445,47027,8550,47000
2446,47029,14800,47000
2447,47031,13800,47000
2448,47033,8000,47000
2449,47035,15500,47000
2450,47037,61000,47000
2451,47039,26600,47000
2452,47041,22300,47000
2453,47043,16400,47000
2454,47045,12500,47000
2455,47047,32800,47000
2456,47049,5800,47000
2457,47051,30700,47000
2458,47053,10700,47000
2459,47055,12100,47000
2460,47057,22000,47000
2461,47059,15400,47000
2462,47061,15625,47000
2463,47063,19000,47000
2464,47065,29700,47000
2465,47067,18850,47000
2466,47069,8800,47000
2467,47071,27400,47000
2468,47073,15700,47000
2469,47075,9300,47000
2470,47077,8700,47000
2471,47079,13000,47000
2472,47081,11400,47000
2473,47083,19975,47000
2474,47085,10400,47000
2475,47087,12575,47000
2476,47089,23600,47000
2477,47091,24500,47000
2478,47093,28000,47000
2479,47095,13000,47000
2480,47097,8200,47000
2481,47099,12100,47000
2482,47101,8900,47000
2483,47103,14000,47000
2484,47105,37800,47000
2485,47107,12500,47000
2486,47109,5900,47000
2487,47111,8100,47000
2488,47113,15900,47000
2489,47115,12800,47000
2490,47117,12700,47000
2491,47119,22300,47000
2492,47121,45800,47000
2493,47123,19600,47000
2494,47125,25100,47000
2495,47127,19500,47000
2496,47129,6400,47000
2497,47131,13000,47000
2498,47133,9000,47000
2499,47135,13200,47000
2500,47137,8100,47000
2501,47139,18800,47000
2502,47141,19800,47000
2503,47143,20200,47000
2504,47145,15800,47000
2505,47147,22500,47000
2506,47149,32000,47000
2507,47151,9500,47000
2508,47153,10300,47000
2509,47155,29600,47000
2510,47157,29500,47000
2511,47159,13400,47000
2512,47161,28000,47000
2513,47163,19000,47000
2514,47165,38000,47000
2515,47167,18100,47000
2516,47169,31133.33333,47000
2517,47171,18400,47000
2518,47173,23000,47000
2519,47175,11200,47000
2520,47177,8700,47000
2521,47179,23100,47000
2522,47181,8700,47000
2523,47183,9100,47000
2524,47185,10300,47000
2525,47187,82800,47000
2526,47189,42000,47000
2527,48001,10700,48000
2528,48003,14500,48000
2529,48005,12700,48000
2530,48007,67800,48000
2531,48009,11600,48000
2532,48011,15850,48000
2533,48013,17400,48000
2534,48015,19800,48000
2535,48017,9000,48000
2536,48019,28100,48000
2537,48021,16100,48000
2538,48023,14100,48000
2539,48025,11800,48000
2540,48027,15100,48000
2541,48029,33000,48000
2542,48031,15500,48000
2543,48033,6900,48000
2544,48035,9800,48000
2545,48037,12400,48000
2546,48039,27900,48000
2547,48041,38600,48000
2548,48043,14900,48000
2549,48045,21865.30612,48000
2550,48047,19550,48000
2551,48049,8700,48000
2552,48051,9600,48000
2553,48053,37100,48000
2554,48055,15600,48000
2555,48057,29700,48000
2556,48059,7900,48000
2557,48061,28500,48000
2558,48063,8900,48000
2559,48065,14250,48000
2560,48067,9500,48000
2561,48069,15900,48000
2562,48071,20700,48000
2563,48073,13200,48000
2564,48075,21865.30612,48000
2565,48077,9100,48000
2566,48079,9000,48000
2567,48081,17200,48000
2568,48083,9800,48000
2569,48085,59000,48000
2570,48087,21865.30612,48000
2571,48089,20400,48000
2572,48091,35700,48000
2573,48093,4100,48000
2574,48095,12600,48000
2575,48097,20100,48000
2576,48099,12400,48000
2577,48101,21865.30612,48000
2578,48103,18300,48000
2579,48105,20200,48000
2580,48107,14800,48000
2581,48109,21865.30612,48000
2582,48111,18100,48000
2583,48113,65000,48000
2584,48115,8200,48000
2585,48117,15850,48000
2586,48119,12220,48000
2587,48121,51600,48000
2588,48123,9700,48000
2589,48125,21865.30612,48000
2590,48127,41800,48000
2591,48129,21865.30612,48000
2592,48131,28433.33333,48000
2593,48133,5600,48000
2594,48135,22800,48000
2595,48137,23766.66667,48000
2596,48139,22300,48000
2597,48141,31300,48000
2598,48143,14600,48000
2599,48145,12166.66667,48000
2600,48147,6900,48000
2601,48149,15500,48000
2602,48151,9550,48000
2603,48153,14800,48000
2604,48155,21865.30612,48000
2605,48157,50900,48000
2606,48159,22100,48000
2607,48161,15700,48000
2608,48163,22400,48000
2609,48165,9500,48000
2610,48167,43000,48000
2611,48169,12150,48000
2612,48171,55100,48000
2613,48173,14700,48000
2614,48175,14100,48000
2615,48177,14400,48000
2616,48179,21865.30612,48000
2617,48181,13900,48000
2618,48183,15400,48000
2619,48185,12200,48000
2620,48187,25700,48000
2621,48189,10900,48000
2622,48191,21865.30612,48000
2623,48193,11825,48000
2624,48195,12650,48000
2625,48197,21865.30612,48000
2626,48199,15900,48000
2627,48201,74900,48000
2628,48203,12000,48000
2629,48205,19500,48000
2630,48207,21865.30612,48000
2631,48209,28000,48000
2632,48211,21865.30612,48000
2633,48213,42700,48000
2634,48215,28400,48000
2635,48217,13700,48000
2636,48219,9000,48000
2637,48221,33800,48000
2638,48223,10600,48000
2639,48225,15000,48000
2640,48227,8700,48000
2641,48229,31300,48000
2642,48231,12200,48000
2643,48233,8600,48000
2644,48235,17200,48000
2645,48237,19040,48000
2646,48239,11700,48000
2647,48241,15400,48000
2648,48243,21865.30612,48000
2649,48245,17500,48000
2650,48247,37850,48000
2651,48249,15900,48000
2652,48251,19600,48000
2653,48253,13500,48000
2654,48255,13780,48000
2655,48257,19000,48000
2656,48259,52800,48000
2657,48261,20066.66667,48000
2658,48263,5600,48000
2659,48265,27200,48000
2660,48267,41150,48000
2661,48269,21865.30612,48000
2662,48271,23833.33333,48000
2663,48273,14400,48000
2664,48275,21865.30612,48000
2665,48277,9300,48000
2666,48279,12866.66667,48000
2667,48281,16200,48000
2668,48283,56200,48000
2669,48285,14300,48000
2670,48287,8500,48000
2671,48289,10500,48000
2672,48291,13100,48000
2673,48293,11000,48000
2674,48295,21865.30612,48000
2675,48297,13200,48000
2676,48299,90300,48000
2677,48301,13800,48000
2678,48303,18700,48000
2679,48305,13850,48000
2680,48307,8000,48000
2681,48309,16400,48000
2682,48311,34700,48000
2683,48313,12380,48000
2684,48315,11600,48000
2685,48317,6400,48000
2686,48319,49150,48000
2687,48321,37100,48000
2688,48323,27400,48000
2689,48325,20900,48000
2690,48327,12600,48000
2691,48329,29000,48000
2692,48331,16800,48000
2693,48333,10150,48000
2694,48335,7150,48000
2695,48337,9600,48000
2696,48339,35600,48000
2697,48341,16700,48000
2698,48343,9575,48000
2699,48345,21865.30612,48000
2700,48347,13900,48000
2701,48349,17100,48000
2702,48351,15800,48000
2703,48353,9550,48000
2704,48355,34600,48000
2705,48357,21865.30612,48000
2706,48359,16975,48000
2707,48361,12600,48000
2708,48363,33900,48000
2709,48365,15700,48000
2710,48367,23300,48000
2711,48369,21865.30612,48000
2712,48371,13800,48000
2713,48373,35900,48000
2714,48375,10800,48000
2715,48377,21865.30612,48000
2716,48379,27900,48000
2717,48381,20900,48000
2718,48383,23100,48000
2719,48385,25550,48000
2720,48387,13366.66667,48000
2721,48389,13800,48000
2722,48391,21725,48000
2723,48393,8600,48000
2724,48395,9100,48000
2725,48397,40300,48000
2726,48399,15350,48000
2727,48401,10800,48000
2728,48403,19000,48000
2729,48405,14850,48000
2730,48407,34100,48000
2731,48409,26900,48000
2732,48411,37900,48000
2733,48413,17200,48000
2734,48415,5600,48000
2735,48417,6850,48000
2736,48419,11100,48000
2737,48421,14933.33333,48000
2738,48423,23100,48000
2739,48425,17600,48000
2740,48427,19500,48000
2741,48429,8100,48000
2742,48431,12950,48000
2743,48433,21865.30612,48000
2744,48435,20200,48000
2745,48437,15900,48000
2746,48439,35000,48000
2747,48441,13500,48000
2748,48443,20200,48000
2749,48445,12400,48000
2750,48447,8100,48000
2751,48449,8700,48000
2752,48451,17200,48000
2753,48453,112700,48000
2754,48455,15600,48000
2755,48457,22400,48000
2756,48459,11200,48000
2757,48461,25900,48000
2758,48463,23900,48000
2759,48465,20200,48000
2760,48467,12100,48000
2761,48469,18500,48000
2762,48471,15100,48000
2763,48473,19400,48000
2764,48475,13800,48000
2765,48477,19000,48000
2766,48479,56200,48000
2767,48481,14900,48000
2768,48483,21865.30612,48000
2769,48485,14100,48000
2770,48487,14100,48000
2771,48489,17400,48000
2772,48491,40000,48000
2773,48493,19800,48000
2774,48495,18300,48000
2775,48497,19300,48000
2776,48499,15700,48000
2777,48501,8800,49000
2778,48503,10100,49000
2779,48505,16800,49000
2780,48507,48974.07407,49000
2781,49001,20000,49000
2782,49003,39500,49000
2783,49005,44500,49000
2784,49007,20700,49000
2785,49009,95766.66667,49000
2786,49011,73300,49000
2787,49013,33000,49000
2788,49015,38700,49000
2789,49017,31766.66667,49000
2790,49019,74300,49000
2791,49021,25000,49000
2792,49023,30300,49000
2793,49025,35200,49000
2794,49027,24300,49000
2795,49029,68000,49000
2796,49031,23200,49000
2797,49033,43400,49000
2798,49035,103700,49000
2799,49037,35100,49000
2800,49039,24500,49000
2801,49041,23200,49000
2802,49043,217900,49000
2803,49045,42200,49000
2804,49047,36400,49000
2805,49049,71500,49000
2806,49051,90400,49000
2807,49053,61700,49000
2808,49055,44200,49000
2809,49057,48500,49000
2810,50001,64100,50000
2811,50003,35000,50000
2812,50005,31600,50000
2813,50007,103000,50000
2814,50009,33800,50000
2815,50011,51400,50000
2816,50013,116700,50000
2817,50015,50100,50000
2818,50017,47200,50000
2819,50019,33800,50000
2820,50021,44400,50000
2821,50023,50400,50000
2822,50025,44700,50000
2823,50027,57700,50000
2824,51001,53900,51000
2825,51003,89200,51000
2826,51005,19600,51000
2827,51007,12700,51000
2828,51009,24200,51000
2829,51011,17900,51000
2830,51013,504800,51000
2831,51015,37500,51000
2832,51017,35950,51000
2833,51019,45200,51000
2834,51021,20680,51000
2835,51023,32800,51000
2836,51025,126800,51000
2837,51027,15950,51000
2838,51029,38575,51000
2839,51031,21700,51000
2840,51033,32500,51000
2841,51035,14000,51000
2842,51036,52860,51000
2843,51037,36250,51000
2844,51041,44300,51000
2845,51043,56900,51000
2846,51045,33375,51000
2847,51047,39300,51000
2848,51049,45200,51000
2849,51051,17100,51000
2850,51053,20200,51000
2851,51057,80800,51000
2852,51059,243000,51000
2853,51061,80100,51000
2854,51063,41140,51000
2855,51065,30600,51000
2856,51067,83200,51000
2857,51069,48600,51000
2858,51071,19100,51000
2859,51073,42900,51000
2860,51075,62400,51000
2861,51077,20900,51000
2862,51079,55300,51000
2863,51081,18350,51000
2864,51083,13100,51000
2865,51085,55700,51000
2866,51087,55900,51000
2867,51089,9700,51000
2868,51091,57197.22222,51000
2869,51093,58400,51000
2870,51095,83100,51000
2871,51097,66950,51000
2872,51099,40400,51000
2873,51101,35400,51000
2874,51103,61000,51000
2875,51105,57197.22222,51000
2876,51107,162700,51000
2877,51109,93700,51000
2878,51111,40833.33333,51000
2879,51113,41533.33333,51000
2880,51115,61400,51000
2881,51117,79700,51000
2882,51119,112700,51000
2883,51121,42200,51000
2884,51125,75300,51000
2885,51127,46800,51000
2886,51131,68600,51000
2887,51133,68500,51000
2888,51135,12300,51000
2889,51137,37800,51000
2890,51139,31500,51000
2891,51141,11100,51000
2892,51143,15600,51000
2893,51145,57300,51000
2894,51147,30500,51000
2895,51149,34200,51000
2896,51153,101600,51000
2897,51155,29800,51000
2898,51157,49200,51000
2899,51159,80225,51000
2900,51161,39400,51000
2901,51163,34400,51000
2902,51165,42000,51000
2903,51167,17100,51000
2904,51169,20050,51000
2905,51171,38200,51000
2906,51173,18400,51000
2907,51175,16500,51000
2908,51177,57300,51000
2909,51179,67700,51000
2910,51181,48050,51000
2911,51183,25350,51000
2912,51185,14800,51000
2913,51187,36000,51000
2914,51191,23000,51000
2915,51193,78700,51000
2916,51195,17100,51000
2917,51197,21300,51000
2918,51199,87900,51000
2919,51510,462600,52000
2920,51515,86737.5,52000
2921,51520,19400,52000
2922,51530,16700,52000
2923,51540,100200,52000
2924,51550,77400,52000
2925,51560,86737.5,52000
2926,51570,38700,52000
2927,51580,86737.5,52000
2928,51590,11200,52000
2929,51595,86737.5,52000
2930,51600,219300,52000
2931,51610,463600,52000
2932,51620,86737.5,52000
2933,51630,110000,52000
2934,51640,86737.5,52000
2935,51650,52200,52000
2936,51660,52300,52000
2937,51670,27000,52000
2938,51678,86737.5,52000
2939,51680,23600,52000
2940,51683,104800,52000
2941,51685,95000,52000
2942,51690,9300,52000
2943,51700,57900,52000
2944,51710,92900,52000
2945,51720,86737.5,52000
2946,51730,11600,52000
2947,51735,98700,52000
2948,51740,44500,52000
2949,51750,28200,52000
2950,51760,59400,52000
2951,51770,23000,52000
2952,51775,36900,52000
2953,51780,86737.5,52000
2954,51790,31100,52000
2955,51800,50700,52000
2956,51810,131200,52000
2957,51820,38100,52000
2958,51830,123100,52000
2959,51840,65000,52000
2960,53001,21500,53000
2961,53003,33800,53000
2962,53005,41900,53000
2963,53007,83300,53000
2964,53009,48600,53000
2965,53011,75700,53000
2966,53013,41333.33333,53000
2967,53015,38600,53000
2968,53017,63400,53000
2969,53019,35666.66667,53000
2970,53021,36200,53000
2971,53023,38900,53000
2972,53025,37600,53000
2973,53027,28400,53000
2974,53029,119500,53000
2975,53031,78500,53000
2976,53033,231100,53000
2977,53035,79100,53000
2978,53037,48300,53000
2979,53039,76900,53000
2980,53041,35300,53000
2981,53043,29600,53000
2982,53045,61300,53000
2983,53047,34900,53000
2984,53049,34600,53000
2985,53051,73000,53000
2986,53053,69500,53000
2987,53055,145500,53000
2988,53057,84200,53000
2989,53059,77300,53000
2990,53061,116200,53000
2991,53063,39600,53000
2992,53065,42500,53000
2993,53067,60200,53000
2994,53069,34950,53000
2995,53071,48900,53000
2996,53073,107500,53000
2997,53075,38900,53000
2998,53077,36800,53000
2999,54001,17760,54000
3000,54003,26400,54000
3001,54005,21866.66667,54000
3002,54007,12450,54000
3003,54009,12600,54000
3004,54011,24400,54000
3005,54013,20337.03704,54000
3006,54015,18300,54000
3007,54017,19000,54000
3008,54019,11600,54000
3009,54021,14700,54000
3010,54023,16933.33333,54000
3011,54025,34800,54000
3012,54027,21100,54000
3013,54029,20337.03704,54000
3014,54031,16900,54000
3015,54033,23300,54000
3016,54035,15500,54000
3017,54037,31400,54000
3018,54039,26400,54000
3019,54041,14700,54000
3020,54043,24740,54000
3021,54045,24800,54000
3022,54047,12600,54000
3023,54049,20300,54000
3024,54051,16700,54000
3025,54053,23200,54000
3026,54055,12600,54000
3027,54057,16900,54000
3028,54059,21000,54000
3029,54061,35200,54000
3030,54063,20337.03704,54000
3031,54065,25300,54000
3032,54067,10200,54000
3033,54069,19800,54000
3034,54071,20600,54000
3035,54073,18200,54000
3036,54075,20600,54000
3037,54077,13300,54000
3038,54079,30900,54000
3039,54081,14400,54000
3040,54083,20600,54000
3041,54085,18200,54000
3042,54087,20950,54000
3043,54089,20600,54000
3044,54091,13700,54000
3045,54093,16950,54000
3046,54095,20337.03704,54000
3047,54097,17900,54000
3048,54099,17200,54000
3049,54101,19640,54000
3050,54103,23875,54000
3051,54105,16850,54000
3052,54107,18200,54000
3053,54109,17266.66667,54000
3054,55001,47400,55000
3055,55003,13800,55000
3056,55005,29800,55000
3057,55007,63900,55000
3058,55009,32700,55000
3059,55011,22000,55000
3060,55013,65100,55000
3061,55015,29500,55000
3062,55017,28400,55000
3063,55019,11300,55000
3064,55021,46500,55000
3065,55023,18300,55000
3066,55025,77800,55000
3067,55027,29100,55000
3068,55029,61400,55000
3069,55031,28800,55000
3070,55033,19900,55000
3071,55035,28200,55000
3072,55037,62000,55000
3073,55039,26800,55000
3074,55041,70800,55000
3075,55043,19700,55000
3076,55045,20500,55000
3077,55047,93900,55000
3078,55049,21800,55000
3079,55051,29100,55000
3080,55053,21150,55000
3081,55055,39200,55000
3082,55057,20900,55000
3083,55059,37700,55000
3084,55061,25200,55000
3085,55063,30800,55000
3086,55065,16600,55000
3087,55067,29000,55000
3088,55069,27000,55000
3089,55071,20800,55000
3090,55073,22600,55000
3091,55075,15000,55000
3092,55077,50900,55000
3093,55078,122900,55000
3094,55079,25400,55000
3095,55081,14400,55000
3096,55083,41700,55000
3097,55085,46800,55000
3098,55087,28100,55000
3099,55089,70100,55000
3100,55091,19100,55000
3101,55093,25000,55000
3102,55095,42200,55000
3103,55097,20100,55000
3104,55099,8200,55000
3105,55101,32800,55000
3106,55103,14500,55000
3107,55105,21200,55000
3108,55107,26600,55000
3109,55109,28900,55000
3110,55111,42300,55000
3111,55113,98100,55000
3112,55115,33700,55000
3113,55117,24000,55000
3114,55119,19140,55000
3115,55121,16900,55000
3116,55123,17300,55000
3117,55125,90000,55000
3118,55127,73900,55000
3119,55129,43700,55000
3120,55131,48000,55000
3121,55133,66900,55000
3122,55135,39600,55000
3123,55137,122300,55000
3124,55139,26800,55000
3125,55141,15700,55000
3126,56001,54100,56000
3127,56003,43800,56000
3128,56005,38200,56000
3129,56007,24200,56000
3130,56009,36200,56000
3131,56011,37900,56000
3132,56013,41500,56000
3133,56015,19200,56000
3134,56017,41900,56000
3135,56019,43300,56000
3136,56021,47600,56000
3137,56023,20800,56000
3138,56025,47800,56000
3139,56027,19000,56000
3140,56029,41900,56000
3141,56031,34333.33333,56000
3142,56033,46200,56000
3143,56035,29700,56000
3144,56037,60000,56000
3145,56039,341400,56000
3146,56041,26400,56000
3147,56043,43625,56000
3148,56045,18800,56000
