,Lifetime,Nominal Discount Rate,O&M Escalation Rate,Fuel Escalation Rate,Capital Cost,Operating Cost,Capital Multiplier,Operating Multiplier,Fuel Price,LCOH Value US c/kwh
0,20,0.15,0.02,0.0145,3141680.743,443301.7953,1,1,2.56,1.953614843
0,25,0.15,0.02,0.0145,3141680.743,443301.7953,1,1,2.56,1.95775635
1,25,0.15,0.02,0.0145,3141680.743,443301.7953,1,1,2.56,1.95775635
2,25,0.15,0.02,0.0145,3141680.743,443301.7953,1,1,2.56,1.95775635
3,25,0.15,0.02,0.0145,3141680.743,443301.7953,1,1,2.56,1.95775635
4,25,0.15,0.02,0.0145,3141680.743,443301.7953,1,1,2.56,1.95775635
5,25,0.15,0.02,0.0145,3141680.743,443301.7953,1,1,2.56,1.95775635
6,25,0.15,0.02,0.0145,3141680.743,443301.7953,1,1,2.56,1.95775635
7,25,0.15,0.02,0.0145,3141680.743,443301.7953,1,1,2.56,1.95775635
8,25,0.15,0.02,0.0145,3141680.743,443301.7953,1,1,2.56,1.95775635
9,25,0.15,0.02,0.0145,3141680.743,443301.7953,1,1,2.56,1.95775635
10,26,0.15,0.02,0.0145,3141680.743,443301.7953,1,1,2.56,1.958719388
11,26,0.15,0.02,0.0145,3141680.743,443301.7953,1,1,2.56,1.958719388
12,26,0.15,0.02,0.0145,3141680.743,443301.7953,1,1,2.56,1.958719388
13,26,0.15,0.02,0.0145,3141680.743,443301.7953,1,1,2.56,1.958719388
14,26,0.15,0.02,0.0145,3141680.743,443301.7953,1,1,2.56,1.958719388
15,26,0.15,0.02,0.0145,3141680.743,443301.7953,1,1,2.56,1.958719388
16,26,0.15,0.02,0.0145,3141680.743,443301.7953,1,1,2.56,1.958719388
17,26,0.15,0.02,0.0145,3141680.743,443301.7953,1,1,2.56,1.958719388
18,26,0.15,0.02,0.0145,3141680.743,443301.7953,1,1,2.56,1.958719388
19,27,0.15,0.02,0.0145,3141680.743,443301.7953,1,1,2.56,1.95967362
20,27,0.15,0.02,0.0145,3141680.743,443301.7953,1,1,2.56,1.95967362
21,27,0.15,0.02,0.0145,3141680.743,443301.7953,1,1,2.56,1.95967362
22,27,0.15,0.02,0.0145,3141680.743,443301.7953,1,1,2.56,1.95967362
23,27,0.15,0.02,0.0145,3141680.743,443301.7953,1,1,2.56,1.95967362
24,27,0.15,0.02,0.0145,3141680.743,443301.7953,1,1,2.56,1.95967362
25,27,0.15,0.02,0.0145,3141680.743,443301.7953,1,1,2.56,1.95967362
26,27,0.15,0.02,0.0145,3141680.743,443301.7953,1,1,2.56,1.95967362
27,27,0.15,0.02,0.0145,3141680.743,443301.7953,1,1,2.56,1.95967362
28,27,0.15,0.02,0.0145,3141680.743,443301.7953,1,1,2.56,1.95967362
29,28,0.15,0.02,0.0145,3141680.743,443301.7953,1,1,2.56,1.960606438
30,28,0.15,0.02,0.0145,3141680.743,443301.7953,1,1,2.56,1.960606438
31,28,0.15,0.02,0.0145,3141680.743,443301.7953,1,1,2.56,1.960606438
32,28,0.15,0.02,0.0145,3141680.743,443301.7953,1,1,2.56,1.960606438
33,28,0.15,0.02,0.0145,3141680.743,443301.7953,1,1,2.56,1.960606438
34,28,0.15,0.02,0.0145,3141680.743,443301.7953,1,1,2.56,1.960606438
35,28,0.15,0.02,0.0145,3141680.743,443301.7953,1,1,2.56,1.960606438
36,28,0.15,0.02,0.0145,3141680.743,443301.7953,1,1,2.56,1.960606438
37,28,0.15,0.02,0.0145,3141680.743,443301.7953,1,1,2.56,1.960606438
38,29,0.15,0.02,0.0145,3141680.743,443301.7953,1,1,2.56,1.961508594
39,29,0.15,0.02,0.0145,3141680.743,443301.7953,1,1,2.56,1.961508594
40,29,0.15,0.02,0.0145,3141680.743,443301.7953,1,1,2.56,1.961508594
41,29,0.15,0.02,0.0145,3141680.743,443301.7953,1,1,2.56,1.961508594
42,29,0.15,0.02,0.0145,3141680.743,443301.7953,1,1,2.56,1.961508594
43,29,0.15,0.02,0.0145,3141680.743,443301.7953,1,1,2.56,1.961508594
44,29,0.15,0.02,0.0145,3141680.743,443301.7953,1,1,2.56,1.961508594
45,29,0.15,0.02,0.0145,3141680.743,443301.7953,1,1,2.56,1.961508594
46,29,0.15,0.02,0.0145,3141680.743,443301.7953,1,1,2.56,1.961508594
47,30,0.15,0.02,0.0145,3141680.743,443301.7953,1,1,2.56,1.962373517
48,30,0.15,0.02,0.0145,3141680.743,443301.7953,1,1,2.56,1.962373517
49,30,0.15,0.02,0.0145,3141680.743,443301.7953,1,1,2.56,1.962373517
50,30,0.15,0.02,0.0145,3141680.743,443301.7953,1,1,2.56,1.962373517
51,30,0.15,0.02,0.0145,3141680.743,443301.7953,1,1,2.56,1.962373517
52,30,0.15,0.02,0.0145,3141680.743,443301.7953,1,1,2.56,1.962373517
53,30,0.15,0.02,0.0145,3141680.743,443301.7953,1,1,2.56,1.962373517
54,30,0.15,0.02,0.0145,3141680.743,443301.7953,1,1,2.56,1.962373517
55,30,0.15,0.02,0.0145,3141680.743,443301.7953,1,1,2.56,1.962373517
56,30,0.15,0.02,0.0145,3141680.743,443301.7953,1,1,2.56,1.962373517
57,31,0.15,0.02,0.0145,3141680.743,443301.7953,1,1,2.56,1.963196765
58,31,0.15,0.02,0.0145,3141680.743,443301.7953,1,1,2.56,1.963196765
59,31,0.15,0.02,0.0145,3141680.743,443301.7953,1,1,2.56,1.963196765
60,31,0.15,0.02,0.0145,3141680.743,443301.7953,1,1,2.56,1.963196765
61,31,0.15,0.02,0.0145,3141680.743,443301.7953,1,1,2.56,1.963196765
62,31,0.15,0.02,0.0145,3141680.743,443301.7953,1,1,2.56,1.963196765
63,31,0.15,0.02,0.0145,3141680.743,443301.7953,1,1,2.56,1.963196765
64,31,0.15,0.02,0.0145,3141680.743,443301.7953,1,1,2.56,1.963196765
65,31,0.15,0.02,0.0145,3141680.743,443301.7953,1,1,2.56,1.963196765
66,32,0.15,0.02,0.0145,3141680.743,443301.7953,1,1,2.56,1.963975574
67,32,0.15,0.02,0.0145,3141680.743,443301.7953,1,1,2.56,1.963975574
68,32,0.15,0.02,0.0145,3141680.743,443301.7953,1,1,2.56,1.963975574
69,32,0.15,0.02,0.0145,3141680.743,443301.7953,1,1,2.56,1.963975574
70,32,0.15,0.02,0.0145,3141680.743,443301.7953,1,1,2.56,1.963975574
71,32,0.15,0.02,0.0145,3141680.743,443301.7953,1,1,2.56,1.963975574
72,32,0.15,0.02,0.0145,3141680.743,443301.7953,1,1,2.56,1.963975574
73,32,0.15,0.02,0.0145,3141680.743,443301.7953,1,1,2.56,1.963975574
74,32,0.15,0.02,0.0145,3141680.743,443301.7953,1,1,2.56,1.963975574
75,32,0.15,0.02,0.0145,3141680.743,443301.7953,1,1,2.56,1.963975574
76,33,0.15,0.02,0.0145,3141680.743,443301.7953,1,1,2.56,1.964708503
77,33,0.15,0.02,0.0145,3141680.743,443301.7953,1,1,2.56,1.964708503
78,33,0.15,0.02,0.0145,3141680.743,443301.7953,1,1,2.56,1.964708503
79,33,0.15,0.02,0.0145,3141680.743,443301.7953,1,1,2.56,1.964708503
80,33,0.15,0.02,0.0145,3141680.743,443301.7953,1,1,2.56,1.964708503
81,33,0.15,0.02,0.0145,3141680.743,443301.7953,1,1,2.56,1.964708503
82,33,0.15,0.02,0.0145,3141680.743,443301.7953,1,1,2.56,1.964708503
83,33,0.15,0.02,0.0145,3141680.743,443301.7953,1,1,2.56,1.964708503
84,33,0.15,0.02,0.0145,3141680.743,443301.7953,1,1,2.56,1.964708503
85,34,0.15,0.02,0.0145,3141680.743,443301.7953,1,1,2.56,1.965395139
86,34,0.15,0.02,0.0145,3141680.743,443301.7953,1,1,2.56,1.965395139
87,34,0.15,0.02,0.0145,3141680.743,443301.7953,1,1,2.56,1.965395139
88,34,0.15,0.02,0.0145,3141680.743,443301.7953,1,1,2.56,1.965395139
89,34,0.15,0.02,0.0145,3141680.743,443301.7953,1,1,2.56,1.965395139
90,34,0.15,0.02,0.0145,3141680.743,443301.7953,1,1,2.56,1.965395139
91,34,0.15,0.02,0.0145,3141680.743,443301.7953,1,1,2.56,1.965395139
92,34,0.15,0.02,0.0145,3141680.743,443301.7953,1,1,2.56,1.965395139
93,34,0.15,0.02,0.0145,3141680.743,443301.7953,1,1,2.56,1.965395139
94,35,0.15,0.02,0.0145,3141680.743,443301.7953,1,1,2.56,1.966035864
95,35,0.15,0.02,0.0145,3141680.743,443301.7953,1,1,2.56,1.966035864
96,35,0.15,0.02,0.0145,3141680.743,443301.7953,1,1,2.56,1.966035864
97,35,0.15,0.02,0.0145,3141680.743,443301.7953,1,1,2.56,1.966035864
98,35,0.15,0.02,0.0145,3141680.743,443301.7953,1,1,2.56,1.966035864
99,35,0.15,0.02,0.0145,3141680.743,443301.7953,1,1,2.56,1.966035864
100,35,0.15,0.02,0.0145,3141680.743,443301.7953,1,1,2.56,1.966035864
101,35,0.15,0.02,0.0145,3141680.743,443301.7953,1,1,2.56,1.966035864
102,35,0.15,0.02,0.0145,3141680.743,443301.7953,1,1,2.56,1.966035864
103,35,0.15,0.02,0.0145,3141680.743,443301.7953,1,1,2.56,1.966035864
104,36,0.15,0.02,0.0145,3141680.743,443301.7953,1,1,2.56,1.966631659
105,36,0.15,0.02,0.0145,3141680.743,443301.7953,1,1,2.56,1.966631659
106,36,0.15,0.02,0.0145,3141680.743,443301.7953,1,1,2.56,1.966631659
107,36,0.15,0.02,0.0145,3141680.743,443301.7953,1,1,2.56,1.966631659
108,36,0.15,0.02,0.0145,3141680.743,443301.7953,1,1,2.56,1.966631659
109,36,0.15,0.02,0.0145,3141680.743,443301.7953,1,1,2.56,1.966631659
110,36,0.15,0.02,0.0145,3141680.743,443301.7953,1,1,2.56,1.966631659
111,36,0.15,0.02,0.0145,3141680.743,443301.7953,1,1,2.56,1.966631659
112,36,0.15,0.02,0.0145,3141680.743,443301.7953,1,1,2.56,1.966631659
113,37,0.15,0.02,0.0145,3141680.743,443301.7953,1,1,2.56,1.967183954
114,37,0.15,0.02,0.0145,3141680.743,443301.7953,1,1,2.56,1.967183954
115,37,0.15,0.02,0.0145,3141680.743,443301.7953,1,1,2.56,1.967183954
116,37,0.15,0.02,0.0145,3141680.743,443301.7953,1,1,2.56,1.967183954
117,37,0.15,0.02,0.0145,3141680.743,443301.7953,1,1,2.56,1.967183954
118,37,0.15,0.02,0.0145,3141680.743,443301.7953,1,1,2.56,1.967183954
119,37,0.15,0.02,0.0145,3141680.743,443301.7953,1,1,2.56,1.967183954
120,37,0.15,0.02,0.0145,3141680.743,443301.7953,1,1,2.56,1.967183954
121,37,0.15,0.02,0.0145,3141680.743,443301.7953,1,1,2.56,1.967183954
122,37,0.15,0.02,0.0145,3141680.743,443301.7953,1,1,2.56,1.967183954
123,38,0.15,0.02,0.0145,3141680.743,443301.7953,1,1,2.56,1.967694496
124,38,0.15,0.02,0.0145,3141680.743,443301.7953,1,1,2.56,1.967694496
125,38,0.15,0.02,0.0145,3141680.743,443301.7953,1,1,2.56,1.967694496
126,38,0.15,0.02,0.0145,3141680.743,443301.7953,1,1,2.56,1.967694496
127,38,0.15,0.02,0.0145,3141680.743,443301.7953,1,1,2.56,1.967694496
128,38,0.15,0.02,0.0145,3141680.743,443301.7953,1,1,2.56,1.967694496
129,38,0.15,0.02,0.0145,3141680.743,443301.7953,1,1,2.56,1.967694496
130,38,0.15,0.02,0.0145,3141680.743,443301.7953,1,1,2.56,1.967694496
131,38,0.15,0.02,0.0145,3141680.743,443301.7953,1,1,2.56,1.967694496
132,39,0.15,0.02,0.0145,3141680.743,443301.7953,1,1,2.56,1.968165257
133,39,0.15,0.02,0.0145,3141680.743,443301.7953,1,1,2.56,1.968165257
134,39,0.15,0.02,0.0145,3141680.743,443301.7953,1,1,2.56,1.968165257
135,39,0.15,0.02,0.0145,3141680.743,443301.7953,1,1,2.56,1.968165257
136,39,0.15,0.02,0.0145,3141680.743,443301.7953,1,1,2.56,1.968165257
137,39,0.15,0.02,0.0145,3141680.743,443301.7953,1,1,2.56,1.968165257
138,39,0.15,0.02,0.0145,3141680.743,443301.7953,1,1,2.56,1.968165257
139,39,0.15,0.02,0.0145,3141680.743,443301.7953,1,1,2.56,1.968165257
140,39,0.15,0.02,0.0145,3141680.743,443301.7953,1,1,2.56,1.968165257
141,40,0.15,0.02,0.0145,3141680.743,443301.7953,1,1,2.56,1.968598348
142,20,0.05,0.02,0.0145,3141680.743,443301.7953,1,1,2.56,1.83565915
143,20,0.05070922,0.02,0.0145,3141680.743,443301.7953,1,1,2.56,1.836193017
144,20,0.05141844,0.02,0.0145,3141680.743,443301.7953,1,1,2.56,1.836731686
145,20,0.05212766,0.02,0.0145,3141680.743,443301.7953,1,1,2.56,1.837275152
146,20,0.052836879,0.02,0.0145,3141680.743,443301.7953,1,1,2.56,1.837823409
147,20,0.053546099,0.02,0.0145,3141680.743,443301.7953,1,1,2.56,1.838376449
148,20,0.054255319,0.02,0.0145,3141680.743,443301.7953,1,1,2.56,1.838934267
149,20,0.054964539,0.02,0.0145,3141680.743,443301.7953,1,1,2.56,1.839496854
150,20,0.055673759,0.02,0.0145,3141680.743,443301.7953,1,1,2.56,1.840064205
151,20,0.056382979,0.02,0.0145,3141680.743,443301.7953,1,1,2.56,1.840636311
152,20,0.057092199,0.02,0.0145,3141680.743,443301.7953,1,1,2.56,1.841213167
153,20,0.057801418,0.02,0.0145,3141680.743,443301.7953,1,1,2.56,1.841794763
154,20,0.058510638,0.02,0.0145,3141680.743,443301.7953,1,1,2.56,1.842381093
155,20,0.059219858,0.02,0.0145,3141680.743,443301.7953,1,1,2.56,1.842972149
156,20,0.059929078,0.02,0.0145,3141680.743,443301.7953,1,1,2.56,1.843567923
157,20,0.060638298,0.02,0.0145,3141680.743,443301.7953,1,1,2.56,1.844168407
158,20,0.061347518,0.02,0.0145,3141680.743,443301.7953,1,1,2.56,1.844773592
159,20,0.062056738,0.02,0.0145,3141680.743,443301.7953,1,1,2.56,1.845383471
160,20,0.062765957,0.02,0.0145,3141680.743,443301.7953,1,1,2.56,1.845998034
161,20,0.063475177,0.02,0.0145,3141680.743,443301.7953,1,1,2.56,1.846617273
162,20,0.064184397,0.02,0.0145,3141680.743,443301.7953,1,1,2.56,1.84724118
163,20,0.064893617,0.02,0.0145,3141680.743,443301.7953,1,1,2.56,1.847869745
164,20,0.065602837,0.02,0.0145,3141680.743,443301.7953,1,1,2.56,1.848502959
165,20,0.066312057,0.02,0.0145,3141680.743,443301.7953,1,1,2.56,1.849140814
166,20,0.067021277,0.02,0.0145,3141680.743,443301.7953,1,1,2.56,1.849783299
167,20,0.067730496,0.02,0.0145,3141680.743,443301.7953,1,1,2.56,1.850430406
168,20,0.068439716,0.02,0.0145,3141680.743,443301.7953,1,1,2.56,1.851082125
169,20,0.069148936,0.02,0.0145,3141680.743,443301.7953,1,1,2.56,1.851738446
170,20,0.069858156,0.02,0.0145,3141680.743,443301.7953,1,1,2.56,1.852399359
171,20,0.070567376,0.02,0.0145,3141680.743,443301.7953,1,1,2.56,1.853064855
172,20,0.071276596,0.02,0.0145,3141680.743,443301.7953,1,1,2.56,1.853734922
173,20,0.071985816,0.02,0.0145,3141680.743,443301.7953,1,1,2.56,1.854409552
174,20,0.072695035,0.02,0.0145,3141680.743,443301.7953,1,1,2.56,1.855088734
175,20,0.073404255,0.02,0.0145,3141680.743,443301.7953,1,1,2.56,1.855772457
176,20,0.074113475,0.02,0.0145,3141680.743,443301.7953,1,1,2.56,1.856460711
177,20,0.074822695,0.02,0.0145,3141680.743,443301.7953,1,1,2.56,1.857153486
178,20,0.075531915,0.02,0.0145,3141680.743,443301.7953,1,1,2.56,1.857850769
179,20,0.076241135,0.02,0.0145,3141680.743,443301.7953,1,1,2.56,1.858552552
180,20,0.076950355,0.02,0.0145,3141680.743,443301.7953,1,1,2.56,1.859258821
181,20,0.077659574,0.02,0.0145,3141680.743,443301.7953,1,1,2.56,1.859969568
182,20,0.078368794,0.02,0.0145,3141680.743,443301.7953,1,1,2.56,1.86068478
183,20,0.079078014,0.02,0.0145,3141680.743,443301.7953,1,1,2.56,1.861404445
184,20,0.079787234,0.02,0.0145,3141680.743,443301.7953,1,1,2.56,1.862128554
185,20,0.080496454,0.02,0.0145,3141680.743,443301.7953,1,1,2.56,1.862857093
186,20,0.081205674,0.02,0.0145,3141680.743,443301.7953,1,1,2.56,1.863590052
187,20,0.081914894,0.02,0.0145,3141680.743,443301.7953,1,1,2.56,1.864327419
188,20,0.082624113,0.02,0.0145,3141680.743,443301.7953,1,1,2.56,1.865069182
189,20,0.083333333,0.02,0.0145,3141680.743,443301.7953,1,1,2.56,1.86581533
190,20,0.084042553,0.02,0.0145,3141680.743,443301.7953,1,1,2.56,1.866565849
191,20,0.084751773,0.02,0.0145,3141680.743,443301.7953,1,1,2.56,1.867320729
192,20,0.085460993,0.02,0.0145,3141680.743,443301.7953,1,1,2.56,1.868079957
193,20,0.086170213,0.02,0.0145,3141680.743,443301.7953,1,1,2.56,1.86884352
194,20,0.086879433,0.02,0.0145,3141680.743,443301.7953,1,1,2.56,1.869611407
195,20,0.087588652,0.02,0.0145,3141680.743,443301.7953,1,1,2.56,1.870383606
196,20,0.088297872,0.02,0.0145,3141680.743,443301.7953,1,1,2.56,1.871160102
197,20,0.089007092,0.02,0.0145,3141680.743,443301.7953,1,1,2.56,1.871940885
198,20,0.089716312,0.02,0.0145,3141680.743,443301.7953,1,1,2.56,1.872725942
199,20,0.090425532,0.02,0.0145,3141680.743,443301.7953,1,1,2.56,1.873515259
200,20,0.091134752,0.02,0.0145,3141680.743,443301.7953,1,1,2.56,1.874308824
201,20,0.091843972,0.02,0.0145,3141680.743,443301.7953,1,1,2.56,1.875106624
202,20,0.092553191,0.02,0.0145,3141680.743,443301.7953,1,1,2.56,1.875908646
203,20,0.093262411,0.02,0.0145,3141680.743,443301.7953,1,1,2.56,1.876714878
204,20,0.093971631,0.02,0.0145,3141680.743,443301.7953,1,1,2.56,1.877525305
205,20,0.094680851,0.02,0.0145,3141680.743,443301.7953,1,1,2.56,1.878339916
206,20,0.095390071,0.02,0.0145,3141680.743,443301.7953,1,1,2.56,1.879158696
207,20,0.096099291,0.02,0.0145,3141680.743,443301.7953,1,1,2.56,1.879981632
208,20,0.096808511,0.02,0.0145,3141680.743,443301.7953,1,1,2.56,1.880808712
209,20,0.09751773,0.02,0.0145,3141680.743,443301.7953,1,1,2.56,1.881639921
210,20,0.09822695,0.02,0.0145,3141680.743,443301.7953,1,1,2.56,1.882475247
211,20,0.09893617,0.02,0.0145,3141680.743,443301.7953,1,1,2.56,1.883314676
212,20,0.09964539,0.02,0.0145,3141680.743,443301.7953,1,1,2.56,1.884158193
213,20,0.10035461,0.02,0.0145,3141680.743,443301.7953,1,1,2.56,1.885005787
214,20,0.10106383,0.02,0.0145,3141680.743,443301.7953,1,1,2.56,1.885857442
215,20,0.10177305,0.02,0.0145,3141680.743,443301.7953,1,1,2.56,1.886713145
216,20,0.10248227,0.02,0.0145,3141680.743,443301.7953,1,1,2.56,1.887572883
217,20,0.103191489,0.02,0.0145,3141680.743,443301.7953,1,1,2.56,1.888436641
218,20,0.103900709,0.02,0.0145,3141680.743,443301.7953,1,1,2.56,1.889304406
219,20,0.104609929,0.02,0.0145,3141680.743,443301.7953,1,1,2.56,1.890176164
220,20,0.105319149,0.02,0.0145,3141680.743,443301.7953,1,1,2.56,1.891051901
221,20,0.106028369,0.02,0.0145,3141680.743,443301.7953,1,1,2.56,1.891931602
222,20,0.106737589,0.02,0.0145,3141680.743,443301.7953,1,1,2.56,1.892815254
223,20,0.107446809,0.02,0.0145,3141680.743,443301.7953,1,1,2.56,1.893702843
224,20,0.108156028,0.02,0.0145,3141680.743,443301.7953,1,1,2.56,1.894594354
225,20,0.108865248,0.02,0.0145,3141680.743,443301.7953,1,1,2.56,1.895489774
226,20,0.109574468,0.02,0.0145,3141680.743,443301.7953,1,1,2.56,1.896389088
227,20,0.110283688,0.02,0.0145,3141680.743,443301.7953,1,1,2.56,1.897292281
228,20,0.110992908,0.02,0.0145,3141680.743,443301.7953,1,1,2.56,1.898199341
229,20,0.111702128,0.02,0.0145,3141680.743,443301.7953,1,1,2.56,1.899110252
230,20,0.112411348,0.02,0.0145,3141680.743,443301.7953,1,1,2.56,1.900024999
231,20,0.113120567,0.02,0.0145,3141680.743,443301.7953,1,1,2.56,1.90094357
232,20,0.113829787,0.02,0.0145,3141680.743,443301.7953,1,1,2.56,1.901865948
233,20,0.114539007,0.02,0.0145,3141680.743,443301.7953,1,1,2.56,1.902792121
234,20,0.115248227,0.02,0.0145,3141680.743,443301.7953,1,1,2.56,1.903722072
235,20,0.115957447,0.02,0.0145,3141680.743,443301.7953,1,1,2.56,1.904655789
236,20,0.116666667,0.02,0.0145,3141680.743,443301.7953,1,1,2.56,1.905593256
237,20,0.117375887,0.02,0.0145,3141680.743,443301.7953,1,1,2.56,1.906534459
238,20,0.118085106,0.02,0.0145,3141680.743,443301.7953,1,1,2.56,1.907479383
239,20,0.118794326,0.02,0.0145,3141680.743,443301.7953,1,1,2.56,1.908428014
240,20,0.119503546,0.02,0.0145,3141680.743,443301.7953,1,1,2.56,1.909380337
241,20,0.120212766,0.02,0.0145,3141680.743,443301.7953,1,1,2.56,1.910336338
242,20,0.120921986,0.02,0.0145,3141680.743,443301.7953,1,1,2.56,1.911296001
243,20,0.121631206,0.02,0.0145,3141680.743,443301.7953,1,1,2.56,1.912259313
244,20,0.122340426,0.02,0.0145,3141680.743,443301.7953,1,1,2.56,1.913226259
245,20,0.123049645,0.02,0.0145,3141680.743,443301.7953,1,1,2.56,1.914196824
246,20,0.123758865,0.02,0.0145,3141680.743,443301.7953,1,1,2.56,1.915170993
247,20,0.124468085,0.02,0.0145,3141680.743,443301.7953,1,1,2.56,1.916148752
248,20,0.125177305,0.02,0.0145,3141680.743,443301.7953,1,1,2.56,1.917130086
249,20,0.125886525,0.02,0.0145,3141680.743,443301.7953,1,1,2.56,1.91811498
250,20,0.126595745,0.02,0.0145,3141680.743,443301.7953,1,1,2.56,1.91910342
251,20,0.127304965,0.02,0.0145,3141680.743,443301.7953,1,1,2.56,1.920095391
252,20,0.128014184,0.02,0.0145,3141680.743,443301.7953,1,1,2.56,1.921090878
253,20,0.128723404,0.02,0.0145,3141680.743,443301.7953,1,1,2.56,1.922089866
254,20,0.129432624,0.02,0.0145,3141680.743,443301.7953,1,1,2.56,1.923092342
255,20,0.130141844,0.02,0.0145,3141680.743,443301.7953,1,1,2.56,1.924098289
256,20,0.130851064,0.02,0.0145,3141680.743,443301.7953,1,1,2.56,1.925107694
257,20,0.131560284,0.02,0.0145,3141680.743,443301.7953,1,1,2.56,1.926120541
258,20,0.132269504,0.02,0.0145,3141680.743,443301.7953,1,1,2.56,1.927136816
259,20,0.132978723,0.02,0.0145,3141680.743,443301.7953,1,1,2.56,1.928156505
260,20,0.133687943,0.02,0.0145,3141680.743,443301.7953,1,1,2.56,1.929179591
261,20,0.134397163,0.02,0.0145,3141680.743,443301.7953,1,1,2.56,1.930206062
262,20,0.135106383,0.02,0.0145,3141680.743,443301.7953,1,1,2.56,1.931235902
263,20,0.135815603,0.02,0.0145,3141680.743,443301.7953,1,1,2.56,1.932269096
264,20,0.136524823,0.02,0.0145,3141680.743,443301.7953,1,1,2.56,1.933305629
265,20,0.137234043,0.02,0.0145,3141680.743,443301.7953,1,1,2.56,1.934345488
266,20,0.137943262,0.02,0.0145,3141680.743,443301.7953,1,1,2.56,1.935388657
267,20,0.138652482,0.02,0.0145,3141680.743,443301.7953,1,1,2.56,1.936435122
268,20,0.139361702,0.02,0.0145,3141680.743,443301.7953,1,1,2.56,1.937484867
269,20,0.140070922,0.02,0.0145,3141680.743,443301.7953,1,1,2.56,1.938537879
270,20,0.140780142,0.02,0.0145,3141680.743,443301.7953,1,1,2.56,1.939594143
271,20,0.141489362,0.02,0.0145,3141680.743,443301.7953,1,1,2.56,1.940653643
272,20,0.142198582,0.02,0.0145,3141680.743,443301.7953,1,1,2.56,1.941716366
273,20,0.142907801,0.02,0.0145,3141680.743,443301.7953,1,1,2.56,1.942782297
274,20,0.143617021,0.02,0.0145,3141680.743,443301.7953,1,1,2.56,1.943851422
275,20,0.144326241,0.02,0.0145,3141680.743,443301.7953,1,1,2.56,1.944923725
276,20,0.145035461,0.02,0.0145,3141680.743,443301.7953,1,1,2.56,1.945999192
277,20,0.145744681,0.02,0.0145,3141680.743,443301.7953,1,1,2.56,1.947077809
278,20,0.146453901,0.02,0.0145,3141680.743,443301.7953,1,1,2.56,1.948159561
279,20,0.147163121,0.02,0.0145,3141680.743,443301.7953,1,1,2.56,1.949244434
280,20,0.14787234,0.02,0.0145,3141680.743,443301.7953,1,1,2.56,1.950332413
281,20,0.14858156,0.02,0.0145,3141680.743,443301.7953,1,1,2.56,1.951423484
282,20,0.14929078,0.02,0.0145,3141680.743,443301.7953,1,1,2.56,1.952517632
283,20,0.15,0.02,0.0145,3141680.743,443301.7953,1,1,2.56,1.953614843
284,20,0.15,0,0.0145,3141680.743,443301.7953,1,1,2.56,1.906483035
285,20,0.15,0.000212766,0.0145,3141680.743,443301.7953,1,1,2.56,1.906940367
286,20,0.15,0.000425532,0.0145,3141680.743,443301.7953,1,1,2.56,1.90739858
287,20,0.15,0.000638298,0.0145,3141680.743,443301.7953,1,1,2.56,1.907857676
288,20,0.15,0.000851064,0.0145,3141680.743,443301.7953,1,1,2.56,1.908317656
289,20,0.15,0.00106383,0.0145,3141680.743,443301.7953,1,1,2.56,1.908778524
290,20,0.15,0.001276596,0.0145,3141680.743,443301.7953,1,1,2.56,1.909240281
291,20,0.15,0.001489362,0.0145,3141680.743,443301.7953,1,1,2.56,1.909702929
292,20,0.15,0.001702128,0.0145,3141680.743,443301.7953,1,1,2.56,1.91016647
293,20,0.15,0.001914894,0.0145,3141680.743,443301.7953,1,1,2.56,1.910630906
294,20,0.15,0.00212766,0.0145,3141680.743,443301.7953,1,1,2.56,1.91109624
295,20,0.15,0.002340426,0.0145,3141680.743,443301.7953,1,1,2.56,1.911562473
296,20,0.15,0.002553191,0.0145,3141680.743,443301.7953,1,1,2.56,1.912029608
297,20,0.15,0.002765957,0.0145,3141680.743,443301.7953,1,1,2.56,1.912497647
298,20,0.15,0.002978723,0.0145,3141680.743,443301.7953,1,1,2.56,1.912966591
299,20,0.15,0.003191489,0.0145,3141680.743,443301.7953,1,1,2.56,1.913436444
300,20,0.15,0.003404255,0.0145,3141680.743,443301.7953,1,1,2.56,1.913907206
301,20,0.15,0.003617021,0.0145,3141680.743,443301.7953,1,1,2.56,1.914378881
302,20,0.15,0.003829787,0.0145,3141680.743,443301.7953,1,1,2.56,1.91485147
303,20,0.15,0.004042553,0.0145,3141680.743,443301.7953,1,1,2.56,1.915324975
304,20,0.15,0.004255319,0.0145,3141680.743,443301.7953,1,1,2.56,1.9157994
305,20,0.15,0.004468085,0.0145,3141680.743,443301.7953,1,1,2.56,1.916274745
306,20,0.15,0.004680851,0.0145,3141680.743,443301.7953,1,1,2.56,1.916751013
307,20,0.15,0.004893617,0.0145,3141680.743,443301.7953,1,1,2.56,1.917228206
308,20,0.15,0.005106383,0.0145,3141680.743,443301.7953,1,1,2.56,1.917706326
309,20,0.15,0.005319149,0.0145,3141680.743,443301.7953,1,1,2.56,1.918185376
310,20,0.15,0.005531915,0.0145,3141680.743,443301.7953,1,1,2.56,1.918665358
311,20,0.15,0.005744681,0.0145,3141680.743,443301.7953,1,1,2.56,1.919146273
312,20,0.15,0.005957447,0.0145,3141680.743,443301.7953,1,1,2.56,1.919628125
313,20,0.15,0.006170213,0.0145,3141680.743,443301.7953,1,1,2.56,1.920110915
314,20,0.15,0.006382979,0.0145,3141680.743,443301.7953,1,1,2.56,1.920594645
315,20,0.15,0.006595745,0.0145,3141680.743,443301.7953,1,1,2.56,1.921079318
316,20,0.15,0.006808511,0.0145,3141680.743,443301.7953,1,1,2.56,1.921564936
317,20,0.15,0.007021277,0.0145,3141680.743,443301.7953,1,1,2.56,1.9220515
318,20,0.15,0.007234043,0.0145,3141680.743,443301.7953,1,1,2.56,1.922539015
319,20,0.15,0.007446809,0.0145,3141680.743,443301.7953,1,1,2.56,1.92302748
320,20,0.15,0.007659574,0.0145,3141680.743,443301.7953,1,1,2.56,1.9235169
321,20,0.15,0.00787234,0.0145,3141680.743,443301.7953,1,1,2.56,1.924007276
322,20,0.15,0.008085106,0.0145,3141680.743,443301.7953,1,1,2.56,1.92449861
323,20,0.15,0.008297872,0.0145,3141680.743,443301.7953,1,1,2.56,1.924990904
324,20,0.15,0.008510638,0.0145,3141680.743,443301.7953,1,1,2.56,1.925484161
325,20,0.15,0.008723404,0.0145,3141680.743,443301.7953,1,1,2.56,1.925978384
326,20,0.15,0.00893617,0.0145,3141680.743,443301.7953,1,1,2.56,1.926473573
327,20,0.15,0.009148936,0.0145,3141680.743,443301.7953,1,1,2.56,1.926969733
328,20,0.15,0.009361702,0.0145,3141680.743,443301.7953,1,1,2.56,1.927466864
329,20,0.15,0.009574468,0.0145,3141680.743,443301.7953,1,1,2.56,1.92796497
330,20,0.15,0.009787234,0.0145,3141680.743,443301.7953,1,1,2.56,1.928464052
331,20,0.15,0.01,0.0145,3141680.743,443301.7953,1,1,2.56,1.928964112
332,20,0.15,0.010212766,0.0145,3141680.743,443301.7953,1,1,2.56,1.929465154
333,20,0.15,0.010425532,0.0145,3141680.743,443301.7953,1,1,2.56,1.92996718
334,20,0.15,0.010638298,0.0145,3141680.743,443301.7953,1,1,2.56,1.930470191
335,20,0.15,0.010851064,0.0145,3141680.743,443301.7953,1,1,2.56,1.93097419
336,20,0.15,0.01106383,0.0145,3141680.743,443301.7953,1,1,2.56,1.931479179
337,20,0.15,0.011276596,0.0145,3141680.743,443301.7953,1,1,2.56,1.931985162
338,20,0.15,0.011489362,0.0145,3141680.743,443301.7953,1,1,2.56,1.932492139
339,20,0.15,0.011702128,0.0145,3141680.743,443301.7953,1,1,2.56,1.933000114
340,20,0.15,0.011914894,0.0145,3141680.743,443301.7953,1,1,2.56,1.933509088
341,20,0.15,0.01212766,0.0145,3141680.743,443301.7953,1,1,2.56,1.934019065
342,20,0.15,0.012340426,0.0145,3141680.743,443301.7953,1,1,2.56,1.934530046
343,20,0.15,0.012553191,0.0145,3141680.743,443301.7953,1,1,2.56,1.935042034
344,20,0.15,0.012765957,0.0145,3141680.743,443301.7953,1,1,2.56,1.935555032
345,20,0.15,0.012978723,0.0145,3141680.743,443301.7953,1,1,2.56,1.936069041
346,20,0.15,0.013191489,0.0145,3141680.743,443301.7953,1,1,2.56,1.936584064
347,20,0.15,0.013404255,0.0145,3141680.743,443301.7953,1,1,2.56,1.937100103
348,20,0.15,0.013617021,0.0145,3141680.743,443301.7953,1,1,2.56,1.937617162
349,20,0.15,0.013829787,0.0145,3141680.743,443301.7953,1,1,2.56,1.938135241
350,20,0.15,0.014042553,0.0145,3141680.743,443301.7953,1,1,2.56,1.938654344
351,20,0.15,0.014255319,0.0145,3141680.743,443301.7953,1,1,2.56,1.939174474
352,20,0.15,0.014468085,0.0145,3141680.743,443301.7953,1,1,2.56,1.939695632
353,20,0.15,0.014680851,0.0145,3141680.743,443301.7953,1,1,2.56,1.94021782
354,20,0.15,0.014893617,0.0145,3141680.743,443301.7953,1,1,2.56,1.940741043
355,20,0.15,0.015106383,0.0145,3141680.743,443301.7953,1,1,2.56,1.941265301
356,20,0.15,0.015319149,0.0145,3141680.743,443301.7953,1,1,2.56,1.941790597
357,20,0.15,0.015531915,0.0145,3141680.743,443301.7953,1,1,2.56,1.942316934
358,20,0.15,0.015744681,0.0145,3141680.743,443301.7953,1,1,2.56,1.942844314
359,20,0.15,0.015957447,0.0145,3141680.743,443301.7953,1,1,2.56,1.94337274
360,20,0.15,0.016170213,0.0145,3141680.743,443301.7953,1,1,2.56,1.943902214
361,20,0.15,0.016382979,0.0145,3141680.743,443301.7953,1,1,2.56,1.944432739
362,20,0.15,0.016595745,0.0145,3141680.743,443301.7953,1,1,2.56,1.944964317
363,20,0.15,0.016808511,0.0145,3141680.743,443301.7953,1,1,2.56,1.94549695
364,20,0.15,0.017021277,0.0145,3141680.743,443301.7953,1,1,2.56,1.946030642
365,20,0.15,0.017234043,0.0145,3141680.743,443301.7953,1,1,2.56,1.946565394
366,20,0.15,0.017446809,0.0145,3141680.743,443301.7953,1,1,2.56,1.947101209
367,20,0.15,0.017659574,0.0145,3141680.743,443301.7953,1,1,2.56,1.94763809
368,20,0.15,0.01787234,0.0145,3141680.743,443301.7953,1,1,2.56,1.948176039
369,20,0.15,0.018085106,0.0145,3141680.743,443301.7953,1,1,2.56,1.948715059
370,20,0.15,0.018297872,0.0145,3141680.743,443301.7953,1,1,2.56,1.949255153
371,20,0.15,0.018510638,0.0145,3141680.743,443301.7953,1,1,2.56,1.949796322
372,20,0.15,0.018723404,0.0145,3141680.743,443301.7953,1,1,2.56,1.950338569
373,20,0.15,0.01893617,0.0145,3141680.743,443301.7953,1,1,2.56,1.950881897
374,20,0.15,0.019148936,0.0145,3141680.743,443301.7953,1,1,2.56,1.951426309
375,20,0.15,0.019361702,0.0145,3141680.743,443301.7953,1,1,2.56,1.951971807
376,20,0.15,0.019574468,0.0145,3141680.743,443301.7953,1,1,2.56,1.952518394
377,20,0.15,0.019787234,0.0145,3141680.743,443301.7953,1,1,2.56,1.953066072
378,20,0.15,0.02,0.0145,3141680.743,443301.7953,1,1,2.56,1.953614843
379,20,0.15,0.020212766,0.0145,3141680.743,443301.7953,1,1,2.56,1.954164711
380,20,0.15,0.020425532,0.0145,3141680.743,443301.7953,1,1,2.56,1.954715679
381,20,0.15,0.020638298,0.0145,3141680.743,443301.7953,1,1,2.56,1.955267747
382,20,0.15,0.020851064,0.0145,3141680.743,443301.7953,1,1,2.56,1.95582092
383,20,0.15,0.02106383,0.0145,3141680.743,443301.7953,1,1,2.56,1.9563752
384,20,0.15,0.021276596,0.0145,3141680.743,443301.7953,1,1,2.56,1.95693059
385,20,0.15,0.021489362,0.0145,3141680.743,443301.7953,1,1,2.56,1.957487091
386,20,0.15,0.021702128,0.0145,3141680.743,443301.7953,1,1,2.56,1.958044708
387,20,0.15,0.021914894,0.0145,3141680.743,443301.7953,1,1,2.56,1.958603442
388,20,0.15,0.02212766,0.0145,3141680.743,443301.7953,1,1,2.56,1.959163296
389,20,0.15,0.022340426,0.0145,3141680.743,443301.7953,1,1,2.56,1.959724272
390,20,0.15,0.022553191,0.0145,3141680.743,443301.7953,1,1,2.56,1.960286375
391,20,0.15,0.022765957,0.0145,3141680.743,443301.7953,1,1,2.56,1.960849605
392,20,0.15,0.022978723,0.0145,3141680.743,443301.7953,1,1,2.56,1.961413966
393,20,0.15,0.023191489,0.0145,3141680.743,443301.7953,1,1,2.56,1.961979461
394,20,0.15,0.023404255,0.0145,3141680.743,443301.7953,1,1,2.56,1.962546092
395,20,0.15,0.023617021,0.0145,3141680.743,443301.7953,1,1,2.56,1.963113862
396,20,0.15,0.023829787,0.0145,3141680.743,443301.7953,1,1,2.56,1.963682773
397,20,0.15,0.024042553,0.0145,3141680.743,443301.7953,1,1,2.56,1.964252829
398,20,0.15,0.024255319,0.0145,3141680.743,443301.7953,1,1,2.56,1.964824032
399,20,0.15,0.024468085,0.0145,3141680.743,443301.7953,1,1,2.56,1.965396385
400,20,0.15,0.024680851,0.0145,3141680.743,443301.7953,1,1,2.56,1.965969891
401,20,0.15,0.024893617,0.0145,3141680.743,443301.7953,1,1,2.56,1.966544551
402,20,0.15,0.025106383,0.0145,3141680.743,443301.7953,1,1,2.56,1.96712037
403,20,0.15,0.025319149,0.0145,3141680.743,443301.7953,1,1,2.56,1.96769735
404,20,0.15,0.025531915,0.0145,3141680.743,443301.7953,1,1,2.56,1.968275493
405,20,0.15,0.025744681,0.0145,3141680.743,443301.7953,1,1,2.56,1.968854802
406,20,0.15,0.025957447,0.0145,3141680.743,443301.7953,1,1,2.56,1.969435281
407,20,0.15,0.026170213,0.0145,3141680.743,443301.7953,1,1,2.56,1.970016932
408,20,0.15,0.026382979,0.0145,3141680.743,443301.7953,1,1,2.56,1.970599757
409,20,0.15,0.026595745,0.0145,3141680.743,443301.7953,1,1,2.56,1.97118376
410,20,0.15,0.026808511,0.0145,3141680.743,443301.7953,1,1,2.56,1.971768943
411,20,0.15,0.027021277,0.0145,3141680.743,443301.7953,1,1,2.56,1.97235531
412,20,0.15,0.027234043,0.0145,3141680.743,443301.7953,1,1,2.56,1.972942862
413,20,0.15,0.027446809,0.0145,3141680.743,443301.7953,1,1,2.56,1.973531604
414,20,0.15,0.027659574,0.0145,3141680.743,443301.7953,1,1,2.56,1.974121537
415,20,0.15,0.02787234,0.0145,3141680.743,443301.7953,1,1,2.56,1.974712664
416,20,0.15,0.028085106,0.0145,3141680.743,443301.7953,1,1,2.56,1.975304989
417,20,0.15,0.028297872,0.0145,3141680.743,443301.7953,1,1,2.56,1.975898515
418,20,0.15,0.028510638,0.0145,3141680.743,443301.7953,1,1,2.56,1.976493243
419,20,0.15,0.028723404,0.0145,3141680.743,443301.7953,1,1,2.56,1.977089177
420,20,0.15,0.02893617,0.0145,3141680.743,443301.7953,1,1,2.56,1.97768632
421,20,0.15,0.029148936,0.0145,3141680.743,443301.7953,1,1,2.56,1.978284675
422,20,0.15,0.029361702,0.0145,3141680.743,443301.7953,1,1,2.56,1.978884245
423,20,0.15,0.029574468,0.0145,3141680.743,443301.7953,1,1,2.56,1.979485032
424,20,0.15,0.029787234,0.0145,3141680.743,443301.7953,1,1,2.56,1.98008704
425,20,0.15,0.03,0.0145,3141680.743,443301.7953,1,1,2.56,1.980690271
426,20,0.15,0.02,0,3141680.743,443301.7953,1,1,2.56,1.843001026
427,20,0.15,0.02,0.000212766,3141680.743,443301.7953,1,1,2.56,1.84452058
428,20,0.15,0.02,0.000425532,3141680.743,443301.7953,1,1,2.56,1.846043061
429,20,0.15,0.02,0.000638298,3141680.743,443301.7953,1,1,2.56,1.847568475
430,20,0.15,0.02,0.000851064,3141680.743,443301.7953,1,1,2.56,1.849096829
431,20,0.15,0.02,0.00106383,3141680.743,443301.7953,1,1,2.56,1.85062813
432,20,0.15,0.02,0.001276596,3141680.743,443301.7953,1,1,2.56,1.852162386
433,20,0.15,0.02,0.001489362,3141680.743,443301.7953,1,1,2.56,1.853699602
434,20,0.15,0.02,0.001702128,3141680.743,443301.7953,1,1,2.56,1.855239786
435,20,0.15,0.02,0.001914894,3141680.743,443301.7953,1,1,2.56,1.856782944
436,20,0.15,0.02,0.00212766,3141680.743,443301.7953,1,1,2.56,1.858329085
437,20,0.15,0.02,0.002340426,3141680.743,443301.7953,1,1,2.56,1.859878214
438,20,0.15,0.02,0.002553191,3141680.743,443301.7953,1,1,2.56,1.861430339
439,20,0.15,0.02,0.002765957,3141680.743,443301.7953,1,1,2.56,1.862985467
440,20,0.15,0.02,0.002978723,3141680.743,443301.7953,1,1,2.56,1.864543604
441,20,0.15,0.02,0.003191489,3141680.743,443301.7953,1,1,2.56,1.866104758
442,20,0.15,0.02,0.003404255,3141680.743,443301.7953,1,1,2.56,1.867668937
443,20,0.15,0.02,0.003617021,3141680.743,443301.7953,1,1,2.56,1.869236146
444,20,0.15,0.02,0.003829787,3141680.743,443301.7953,1,1,2.56,1.870806393
445,20,0.15,0.02,0.004042553,3141680.743,443301.7953,1,1,2.56,1.872379686
446,20,0.15,0.02,0.004255319,3141680.743,443301.7953,1,1,2.56,1.87395603
447,20,0.15,0.02,0.004468085,3141680.743,443301.7953,1,1,2.56,1.875535435
448,20,0.15,0.02,0.004680851,3141680.743,443301.7953,1,1,2.56,1.877117906
449,20,0.15,0.02,0.004893617,3141680.743,443301.7953,1,1,2.56,1.878703451
450,20,0.15,0.02,0.005106383,3141680.743,443301.7953,1,1,2.56,1.880292077
451,20,0.15,0.02,0.005319149,3141680.743,443301.7953,1,1,2.56,1.881883792
452,20,0.15,0.02,0.005531915,3141680.743,443301.7953,1,1,2.56,1.883478602
453,20,0.15,0.02,0.005744681,3141680.743,443301.7953,1,1,2.56,1.885076515
454,20,0.15,0.02,0.005957447,3141680.743,443301.7953,1,1,2.56,1.886677538
455,20,0.15,0.02,0.006170213,3141680.743,443301.7953,1,1,2.56,1.888281678
456,20,0.15,0.02,0.006382979,3141680.743,443301.7953,1,1,2.56,1.889888944
457,20,0.15,0.02,0.006595745,3141680.743,443301.7953,1,1,2.56,1.891499341
458,20,0.15,0.02,0.006808511,3141680.743,443301.7953,1,1,2.56,1.893112878
459,20,0.15,0.02,0.007021277,3141680.743,443301.7953,1,1,2.56,1.894729562
460,20,0.15,0.02,0.007234043,3141680.743,443301.7953,1,1,2.56,1.896349401
461,20,0.15,0.02,0.007446809,3141680.743,443301.7953,1,1,2.56,1.897972401
462,20,0.15,0.02,0.007659574,3141680.743,443301.7953,1,1,2.56,1.89959857
463,20,0.15,0.02,0.00787234,3141680.743,443301.7953,1,1,2.56,1.901227915
464,20,0.15,0.02,0.008085106,3141680.743,443301.7953,1,1,2.56,1.902860445
465,20,0.15,0.02,0.008297872,3141680.743,443301.7953,1,1,2.56,1.904496167
466,20,0.15,0.02,0.008510638,3141680.743,443301.7953,1,1,2.56,1.906135087
467,20,0.15,0.02,0.008723404,3141680.743,443301.7953,1,1,2.56,1.907777214
468,20,0.15,0.02,0.00893617,3141680.743,443301.7953,1,1,2.56,1.909422556
469,20,0.15,0.02,0.009148936,3141680.743,443301.7953,1,1,2.56,1.911071119
470,20,0.15,0.02,0.009361702,3141680.743,443301.7953,1,1,2.56,1.912722911
471,20,0.15,0.02,0.009574468,3141680.743,443301.7953,1,1,2.56,1.91437794
472,20,0.15,0.02,0.009787234,3141680.743,443301.7953,1,1,2.56,1.916036214
473,20,0.15,0.02,0.01,3141680.743,443301.7953,1,1,2.56,1.91769774
474,20,0.15,0.02,0.010212766,3141680.743,443301.7953,1,1,2.56,1.919362526
475,20,0.15,0.02,0.010425532,3141680.743,443301.7953,1,1,2.56,1.92103058
476,20,0.15,0.02,0.010638298,3141680.743,443301.7953,1,1,2.56,1.922701909
477,20,0.15,0.02,0.010851064,3141680.743,443301.7953,1,1,2.56,1.924376521
478,20,0.15,0.02,0.01106383,3141680.743,443301.7953,1,1,2.56,1.926054423
479,20,0.15,0.02,0.011276596,3141680.743,443301.7953,1,1,2.56,1.927735624
480,20,0.15,0.02,0.011489362,3141680.743,443301.7953,1,1,2.56,1.929420132
481,20,0.15,0.02,0.011702128,3141680.743,443301.7953,1,1,2.56,1.931107953
482,20,0.15,0.02,0.011914894,3141680.743,443301.7953,1,1,2.56,1.932799097
483,20,0.15,0.02,0.01212766,3141680.743,443301.7953,1,1,2.56,1.93449357
484,20,0.15,0.02,0.012340426,3141680.743,443301.7953,1,1,2.56,1.936191381
485,20,0.15,0.02,0.012553191,3141680.743,443301.7953,1,1,2.56,1.937892537
486,20,0.15,0.02,0.012765957,3141680.743,443301.7953,1,1,2.56,1.939597047
487,20,0.15,0.02,0.012978723,3141680.743,443301.7953,1,1,2.56,1.941304918
488,20,0.15,0.02,0.013191489,3141680.743,443301.7953,1,1,2.56,1.943016159
489,20,0.15,0.02,0.013404255,3141680.743,443301.7953,1,1,2.56,1.944730777
490,20,0.15,0.02,0.013617021,3141680.743,443301.7953,1,1,2.56,1.94644878
491,20,0.15,0.02,0.013829787,3141680.743,443301.7953,1,1,2.56,1.948170176
492,20,0.15,0.02,0.014042553,3141680.743,443301.7953,1,1,2.56,1.949894973
493,20,0.15,0.02,0.014255319,3141680.743,443301.7953,1,1,2.56,1.95162318
494,20,0.15,0.02,0.014468085,3141680.743,443301.7953,1,1,2.56,1.953354804
495,20,0.15,0.02,0.014680851,3141680.743,443301.7953,1,1,2.56,1.955089854
496,20,0.15,0.02,0.014893617,3141680.743,443301.7953,1,1,2.56,1.956828337
497,20,0.15,0.02,0.015106383,3141680.743,443301.7953,1,1,2.56,1.958570262
498,20,0.15,0.02,0.015319149,3141680.743,443301.7953,1,1,2.56,1.960315637
499,20,0.15,0.02,0.015531915,3141680.743,443301.7953,1,1,2.56,1.96206447
500,20,0.15,0.02,0.015744681,3141680.743,443301.7953,1,1,2.56,1.963816769
501,20,0.15,0.02,0.015957447,3141680.743,443301.7953,1,1,2.56,1.965572542
502,20,0.15,0.02,0.016170213,3141680.743,443301.7953,1,1,2.56,1.967331799
503,20,0.15,0.02,0.016382979,3141680.743,443301.7953,1,1,2.56,1.969094546
504,20,0.15,0.02,0.016595745,3141680.743,443301.7953,1,1,2.56,1.970860792
505,20,0.15,0.02,0.016808511,3141680.743,443301.7953,1,1,2.56,1.972630545
506,20,0.15,0.02,0.017021277,3141680.743,443301.7953,1,1,2.56,1.974403815
507,20,0.15,0.02,0.017234043,3141680.743,443301.7953,1,1,2.56,1.976180608
508,20,0.15,0.02,0.017446809,3141680.743,443301.7953,1,1,2.56,1.977960934
509,20,0.15,0.02,0.017659574,3141680.743,443301.7953,1,1,2.56,1.979744801
510,20,0.15,0.02,0.01787234,3141680.743,443301.7953,1,1,2.56,1.981532217
511,20,0.15,0.02,0.018085106,3141680.743,443301.7953,1,1,2.56,1.983323191
512,20,0.15,0.02,0.018297872,3141680.743,443301.7953,1,1,2.56,1.985117731
513,20,0.15,0.02,0.018510638,3141680.743,443301.7953,1,1,2.56,1.986915845
514,20,0.15,0.02,0.018723404,3141680.743,443301.7953,1,1,2.56,1.988717542
515,20,0.15,0.02,0.01893617,3141680.743,443301.7953,1,1,2.56,1.990522832
516,20,0.15,0.02,0.019148936,3141680.743,443301.7953,1,1,2.56,1.992331721
517,20,0.15,0.02,0.019361702,3141680.743,443301.7953,1,1,2.56,1.994144218
518,20,0.15,0.02,0.019574468,3141680.743,443301.7953,1,1,2.56,1.995960333
519,20,0.15,0.02,0.019787234,3141680.743,443301.7953,1,1,2.56,1.997780074
520,20,0.15,0.02,0.02,3141680.743,443301.7953,1,1,2.56,1.999603449
521,20,0.15,0.02,0.020212766,3141680.743,443301.7953,1,1,2.56,2.001430468
522,20,0.15,0.02,0.020425532,3141680.743,443301.7953,1,1,2.56,2.003261137
523,20,0.15,0.02,0.020638298,3141680.743,443301.7953,1,1,2.56,2.005095468
524,20,0.15,0.02,0.020851064,3141680.743,443301.7953,1,1,2.56,2.006933467
525,20,0.15,0.02,0.02106383,3141680.743,443301.7953,1,1,2.56,2.008775144
526,20,0.15,0.02,0.021276596,3141680.743,443301.7953,1,1,2.56,2.010620508
527,20,0.15,0.02,0.021489362,3141680.743,443301.7953,1,1,2.56,2.012469567
528,20,0.15,0.02,0.021702128,3141680.743,443301.7953,1,1,2.56,2.014322331
529,20,0.15,0.02,0.021914894,3141680.743,443301.7953,1,1,2.56,2.016178807
530,20,0.15,0.02,0.02212766,3141680.743,443301.7953,1,1,2.56,2.018039005
531,20,0.15,0.02,0.022340426,3141680.743,443301.7953,1,1,2.56,2.019902933
532,20,0.15,0.02,0.022553191,3141680.743,443301.7953,1,1,2.56,2.021770602
533,20,0.15,0.02,0.022765957,3141680.743,443301.7953,1,1,2.56,2.023642018
534,20,0.15,0.02,0.022978723,3141680.743,443301.7953,1,1,2.56,2.025517192
535,20,0.15,0.02,0.023191489,3141680.743,443301.7953,1,1,2.56,2.027396132
536,20,0.15,0.02,0.023404255,3141680.743,443301.7953,1,1,2.56,2.029278847
537,20,0.15,0.02,0.023617021,3141680.743,443301.7953,1,1,2.56,2.031165347
538,20,0.15,0.02,0.023829787,3141680.743,443301.7953,1,1,2.56,2.03305564
539,20,0.15,0.02,0.024042553,3141680.743,443301.7953,1,1,2.56,2.034949735
540,20,0.15,0.02,0.024255319,3141680.743,443301.7953,1,1,2.56,2.036847642
541,20,0.15,0.02,0.024468085,3141680.743,443301.7953,1,1,2.56,2.038749369
542,20,0.15,0.02,0.024680851,3141680.743,443301.7953,1,1,2.56,2.040654926
543,20,0.15,0.02,0.024893617,3141680.743,443301.7953,1,1,2.56,2.042564321
544,20,0.15,0.02,0.025106383,3141680.743,443301.7953,1,1,2.56,2.044477564
545,20,0.15,0.02,0.025319149,3141680.743,443301.7953,1,1,2.56,2.046394664
546,20,0.15,0.02,0.025531915,3141680.743,443301.7953,1,1,2.56,2.048315631
547,20,0.15,0.02,0.025744681,3141680.743,443301.7953,1,1,2.56,2.050240473
548,20,0.15,0.02,0.025957447,3141680.743,443301.7953,1,1,2.56,2.052169199
549,20,0.15,0.02,0.026170213,3141680.743,443301.7953,1,1,2.56,2.05410182
550,20,0.15,0.02,0.026382979,3141680.743,443301.7953,1,1,2.56,2.056038344
551,20,0.15,0.02,0.026595745,3141680.743,443301.7953,1,1,2.56,2.05797878
552,20,0.15,0.02,0.026808511,3141680.743,443301.7953,1,1,2.56,2.059923139
553,20,0.15,0.02,0.027021277,3141680.743,443301.7953,1,1,2.56,2.061871428
554,20,0.15,0.02,0.027234043,3141680.743,443301.7953,1,1,2.56,2.063823659
555,20,0.15,0.02,0.027446809,3141680.743,443301.7953,1,1,2.56,2.065779839
556,20,0.15,0.02,0.027659574,3141680.743,443301.7953,1,1,2.56,2.067739979
557,20,0.15,0.02,0.02787234,3141680.743,443301.7953,1,1,2.56,2.069704088
558,20,0.15,0.02,0.028085106,3141680.743,443301.7953,1,1,2.56,2.071672176
559,20,0.15,0.02,0.028297872,3141680.743,443301.7953,1,1,2.56,2.073644252
560,20,0.15,0.02,0.028510638,3141680.743,443301.7953,1,1,2.56,2.075620325
561,20,0.15,0.02,0.028723404,3141680.743,443301.7953,1,1,2.56,2.077600405
562,20,0.15,0.02,0.02893617,3141680.743,443301.7953,1,1,2.56,2.079584502
563,20,0.15,0.02,0.029148936,3141680.743,443301.7953,1,1,2.56,2.081572625
564,20,0.15,0.02,0.029361702,3141680.743,443301.7953,1,1,2.56,2.083564784
565,20,0.15,0.02,0.029574468,3141680.743,443301.7953,1,1,2.56,2.085560988
566,20,0.15,0.02,0.029787234,3141680.743,443301.7953,1,1,2.56,2.087561248
567,20,0.15,0.02,0.03,3141680.743,443301.7953,1,1,2.56,2.089565573
568,20,0.15,0.02,0.0145,3141680.743,443301.7953,0.9,1,2.56,1.919860322
569,20,0.15,0.02,0.0145,3141680.743,443301.7953,0.921985816,1,2.56,1.927281529
570,20,0.15,0.02,0.0145,3141680.743,443301.7953,0.943971631,1,2.56,1.934702736
571,20,0.15,0.02,0.0145,3141680.743,443301.7953,0.965957447,1,2.56,1.942123943
572,20,0.15,0.02,0.0145,3141680.743,443301.7953,0.987943262,1,2.56,1.949545149
573,20,0.15,0.02,0.0145,3141680.743,443301.7953,1.009929078,1,2.56,1.956966356
574,20,0.15,0.02,0.0145,3141680.743,443301.7953,1.031914894,1,2.56,1.964387563
575,20,0.15,0.02,0.0145,3141680.743,443301.7953,1.053900709,1,2.56,1.97180877
576,20,0.15,0.02,0.0145,3141680.743,443301.7953,1.075886525,1,2.56,1.979229976
577,20,0.15,0.02,0.0145,3141680.743,443301.7953,1.09787234,1,2.56,1.986651183
578,20,0.15,0.02,0.0145,3141680.743,443301.7953,1.119858156,1,2.56,1.99407239
579,20,0.15,0.02,0.0145,3141680.743,443301.7953,1.141843972,1,2.56,2.001493597
580,20,0.15,0.02,0.0145,3141680.743,443301.7953,1.163829787,1,2.56,2.008914803
581,20,0.15,0.02,0.0145,3141680.743,443301.7953,1.185815603,1,2.56,2.01633601
582,20,0.15,0.02,0.0145,3141680.743,443301.7953,1.207801418,1,2.56,2.023757217
583,20,0.15,0.02,0.0145,3141680.743,443301.7953,1.229787234,1,2.56,2.031178424
584,20,0.15,0.02,0.0145,3141680.743,443301.7953,1.25177305,1,2.56,2.03859963
585,20,0.15,0.02,0.0145,3141680.743,443301.7953,1.273758865,1,2.56,2.046020837
586,20,0.15,0.02,0.0145,3141680.743,443301.7953,1.295744681,1,2.56,2.053442044
587,20,0.15,0.02,0.0145,3141680.743,443301.7953,1.317730496,1,2.56,2.060863251
588,20,0.15,0.02,0.0145,3141680.743,443301.7953,1.339716312,1,2.56,2.068284457
589,20,0.15,0.02,0.0145,3141680.743,443301.7953,1.361702128,1,2.56,2.075705664
590,20,0.15,0.02,0.0145,3141680.743,443301.7953,1.383687943,1,2.56,2.083126871
591,20,0.15,0.02,0.0145,3141680.743,443301.7953,1.405673759,1,2.56,2.090548078
592,20,0.15,0.02,0.0145,3141680.743,443301.7953,1.427659574,1,2.56,2.097969284
593,20,0.15,0.02,0.0145,3141680.743,443301.7953,1.44964539,1,2.56,2.105390491
594,20,0.15,0.02,0.0145,3141680.743,443301.7953,1.471631206,1,2.56,2.112811698
595,20,0.15,0.02,0.0145,3141680.743,443301.7953,1.493617021,1,2.56,2.120232905
596,20,0.15,0.02,0.0145,3141680.743,443301.7953,1.515602837,1,2.56,2.127654111
597,20,0.15,0.02,0.0145,3141680.743,443301.7953,1.537588652,1,2.56,2.135075318
598,20,0.15,0.02,0.0145,3141680.743,443301.7953,1.559574468,1,2.56,2.142496525
599,20,0.15,0.02,0.0145,3141680.743,443301.7953,1.581560284,1,2.56,2.149917732
600,20,0.15,0.02,0.0145,3141680.743,443301.7953,1.603546099,1,2.56,2.157338938
601,20,0.15,0.02,0.0145,3141680.743,443301.7953,1.625531915,1,2.56,2.164760145
602,20,0.15,0.02,0.0145,3141680.743,443301.7953,1.64751773,1,2.56,2.172181352
603,20,0.15,0.02,0.0145,3141680.743,443301.7953,1.669503546,1,2.56,2.179602559
604,20,0.15,0.02,0.0145,3141680.743,443301.7953,1.691489362,1,2.56,2.187023765
605,20,0.15,0.02,0.0145,3141680.743,443301.7953,1.713475177,1,2.56,2.194444972
606,20,0.15,0.02,0.0145,3141680.743,443301.7953,1.735460993,1,2.56,2.201866179
607,20,0.15,0.02,0.0145,3141680.743,443301.7953,1.757446809,1,2.56,2.209287386
608,20,0.15,0.02,0.0145,3141680.743,443301.7953,1.779432624,1,2.56,2.216708592
609,20,0.15,0.02,0.0145,3141680.743,443301.7953,1.80141844,1,2.56,2.224129799
610,20,0.15,0.02,0.0145,3141680.743,443301.7953,1.823404255,1,2.56,2.231551006
611,20,0.15,0.02,0.0145,3141680.743,443301.7953,1.845390071,1,2.56,2.238972213
612,20,0.15,0.02,0.0145,3141680.743,443301.7953,1.867375887,1,2.56,2.246393419
613,20,0.15,0.02,0.0145,3141680.743,443301.7953,1.889361702,1,2.56,2.253814626
614,20,0.15,0.02,0.0145,3141680.743,443301.7953,1.911347518,1,2.56,2.261235833
615,20,0.15,0.02,0.0145,3141680.743,443301.7953,1.933333333,1,2.56,2.26865704
616,20,0.15,0.02,0.0145,3141680.743,443301.7953,1.955319149,1,2.56,2.276078246
617,20,0.15,0.02,0.0145,3141680.743,443301.7953,1.977304965,1,2.56,2.283499453
618,20,0.15,0.02,0.0145,3141680.743,443301.7953,1.99929078,1,2.56,2.29092066
619,20,0.15,0.02,0.0145,3141680.743,443301.7953,2.021276596,1,2.56,2.298341867
620,20,0.15,0.02,0.0145,3141680.743,443301.7953,2.043262411,1,2.56,2.305763073
621,20,0.15,0.02,0.0145,3141680.743,443301.7953,2.065248227,1,2.56,2.31318428
622,20,0.15,0.02,0.0145,3141680.743,443301.7953,2.087234043,1,2.56,2.320605487
623,20,0.15,0.02,0.0145,3141680.743,443301.7953,2.109219858,1,2.56,2.328026694
624,20,0.15,0.02,0.0145,3141680.743,443301.7953,2.131205674,1,2.56,2.3354479
625,20,0.15,0.02,0.0145,3141680.743,443301.7953,2.153191489,1,2.56,2.342869107
626,20,0.15,0.02,0.0145,3141680.743,443301.7953,2.175177305,1,2.56,2.350290314
627,20,0.15,0.02,0.0145,3141680.743,443301.7953,2.197163121,1,2.56,2.357711521
628,20,0.15,0.02,0.0145,3141680.743,443301.7953,2.219148936,1,2.56,2.365132727
629,20,0.15,0.02,0.0145,3141680.743,443301.7953,2.241134752,1,2.56,2.372553934
630,20,0.15,0.02,0.0145,3141680.743,443301.7953,2.263120567,1,2.56,2.379975141
631,20,0.15,0.02,0.0145,3141680.743,443301.7953,2.285106383,1,2.56,2.387396348
632,20,0.15,0.02,0.0145,3141680.743,443301.7953,2.307092199,1,2.56,2.394817554
633,20,0.15,0.02,0.0145,3141680.743,443301.7953,2.329078014,1,2.56,2.402238761
634,20,0.15,0.02,0.0145,3141680.743,443301.7953,2.35106383,1,2.56,2.409659968
635,20,0.15,0.02,0.0145,3141680.743,443301.7953,2.373049645,1,2.56,2.417081175
636,20,0.15,0.02,0.0145,3141680.743,443301.7953,2.395035461,1,2.56,2.424502381
637,20,0.15,0.02,0.0145,3141680.743,443301.7953,2.417021277,1,2.56,2.431923588
638,20,0.15,0.02,0.0145,3141680.743,443301.7953,2.439007092,1,2.56,2.439344795
639,20,0.15,0.02,0.0145,3141680.743,443301.7953,2.460992908,1,2.56,2.446766002
640,20,0.15,0.02,0.0145,3141680.743,443301.7953,2.482978723,1,2.56,2.454187208
641,20,0.15,0.02,0.0145,3141680.743,443301.7953,2.504964539,1,2.56,2.461608415
642,20,0.15,0.02,0.0145,3141680.743,443301.7953,2.526950355,1,2.56,2.469029622
643,20,0.15,0.02,0.0145,3141680.743,443301.7953,2.54893617,1,2.56,2.476450829
644,20,0.15,0.02,0.0145,3141680.743,443301.7953,2.570921986,1,2.56,2.483872035
645,20,0.15,0.02,0.0145,3141680.743,443301.7953,2.592907801,1,2.56,2.491293242
646,20,0.15,0.02,0.0145,3141680.743,443301.7953,2.614893617,1,2.56,2.498714449
647,20,0.15,0.02,0.0145,3141680.743,443301.7953,2.636879433,1,2.56,2.506135656
648,20,0.15,0.02,0.0145,3141680.743,443301.7953,2.658865248,1,2.56,2.513556862
649,20,0.15,0.02,0.0145,3141680.743,443301.7953,2.680851064,1,2.56,2.520978069
650,20,0.15,0.02,0.0145,3141680.743,443301.7953,2.702836879,1,2.56,2.528399276
651,20,0.15,0.02,0.0145,3141680.743,443301.7953,2.724822695,1,2.56,2.535820483
652,20,0.15,0.02,0.0145,3141680.743,443301.7953,2.746808511,1,2.56,2.543241689
653,20,0.15,0.02,0.0145,3141680.743,443301.7953,2.768794326,1,2.56,2.550662896
654,20,0.15,0.02,0.0145,3141680.743,443301.7953,2.790780142,1,2.56,2.558084103
655,20,0.15,0.02,0.0145,3141680.743,443301.7953,2.812765957,1,2.56,2.56550531
656,20,0.15,0.02,0.0145,3141680.743,443301.7953,2.834751773,1,2.56,2.572926516
657,20,0.15,0.02,0.0145,3141680.743,443301.7953,2.856737589,1,2.56,2.580347723
658,20,0.15,0.02,0.0145,3141680.743,443301.7953,2.878723404,1,2.56,2.58776893
659,20,0.15,0.02,0.0145,3141680.743,443301.7953,2.90070922,1,2.56,2.595190137
660,20,0.15,0.02,0.0145,3141680.743,443301.7953,2.922695035,1,2.56,2.602611343
661,20,0.15,0.02,0.0145,3141680.743,443301.7953,2.944680851,1,2.56,2.61003255
662,20,0.15,0.02,0.0145,3141680.743,443301.7953,2.966666667,1,2.56,2.617453757
663,20,0.15,0.02,0.0145,3141680.743,443301.7953,2.988652482,1,2.56,2.624874964
664,20,0.15,0.02,0.0145,3141680.743,443301.7953,3.010638298,1,2.56,2.63229617
665,20,0.15,0.02,0.0145,3141680.743,443301.7953,3.032624113,1,2.56,2.639717377
666,20,0.15,0.02,0.0145,3141680.743,443301.7953,3.054609929,1,2.56,2.647138584
667,20,0.15,0.02,0.0145,3141680.743,443301.7953,3.076595745,1,2.56,2.654559791
668,20,0.15,0.02,0.0145,3141680.743,443301.7953,3.09858156,1,2.56,2.661980997
669,20,0.15,0.02,0.0145,3141680.743,443301.7953,3.120567376,1,2.56,2.669402204
670,20,0.15,0.02,0.0145,3141680.743,443301.7953,3.142553191,1,2.56,2.676823411
671,20,0.15,0.02,0.0145,3141680.743,443301.7953,3.164539007,1,2.56,2.684244618
672,20,0.15,0.02,0.0145,3141680.743,443301.7953,3.186524823,1,2.56,2.691665824
673,20,0.15,0.02,0.0145,3141680.743,443301.7953,3.208510638,1,2.56,2.699087031
674,20,0.15,0.02,0.0145,3141680.743,443301.7953,3.230496454,1,2.56,2.706508238
675,20,0.15,0.02,0.0145,3141680.743,443301.7953,3.25248227,1,2.56,2.713929445
676,20,0.15,0.02,0.0145,3141680.743,443301.7953,3.274468085,1,2.56,2.721350651
677,20,0.15,0.02,0.0145,3141680.743,443301.7953,3.296453901,1,2.56,2.728771858
678,20,0.15,0.02,0.0145,3141680.743,443301.7953,3.318439716,1,2.56,2.736193065
679,20,0.15,0.02,0.0145,3141680.743,443301.7953,3.340425532,1,2.56,2.743614272
680,20,0.15,0.02,0.0145,3141680.743,443301.7953,3.362411348,1,2.56,2.751035478
681,20,0.15,0.02,0.0145,3141680.743,443301.7953,3.384397163,1,2.56,2.758456685
682,20,0.15,0.02,0.0145,3141680.743,443301.7953,3.406382979,1,2.56,2.765877892
683,20,0.15,0.02,0.0145,3141680.743,443301.7953,3.428368794,1,2.56,2.773299099
684,20,0.15,0.02,0.0145,3141680.743,443301.7953,3.45035461,1,2.56,2.780720306
685,20,0.15,0.02,0.0145,3141680.743,443301.7953,3.472340426,1,2.56,2.788141512
686,20,0.15,0.02,0.0145,3141680.743,443301.7953,3.494326241,1,2.56,2.795562719
687,20,0.15,0.02,0.0145,3141680.743,443301.7953,3.516312057,1,2.56,2.802983926
688,20,0.15,0.02,0.0145,3141680.743,443301.7953,3.538297872,1,2.56,2.810405133
689,20,0.15,0.02,0.0145,3141680.743,443301.7953,3.560283688,1,2.56,2.817826339
690,20,0.15,0.02,0.0145,3141680.743,443301.7953,3.582269504,1,2.56,2.825247546
691,20,0.15,0.02,0.0145,3141680.743,443301.7953,3.604255319,1,2.56,2.832668753
692,20,0.15,0.02,0.0145,3141680.743,443301.7953,3.626241135,1,2.56,2.84008996
693,20,0.15,0.02,0.0145,3141680.743,443301.7953,3.64822695,1,2.56,2.847511166
694,20,0.15,0.02,0.0145,3141680.743,443301.7953,3.670212766,1,2.56,2.854932373
695,20,0.15,0.02,0.0145,3141680.743,443301.7953,3.692198582,1,2.56,2.86235358
696,20,0.15,0.02,0.0145,3141680.743,443301.7953,3.714184397,1,2.56,2.869774787
697,20,0.15,0.02,0.0145,3141680.743,443301.7953,3.736170213,1,2.56,2.877195993
698,20,0.15,0.02,0.0145,3141680.743,443301.7953,3.758156028,1,2.56,2.8846172
699,20,0.15,0.02,0.0145,3141680.743,443301.7953,3.780141844,1,2.56,2.892038407
700,20,0.15,0.02,0.0145,3141680.743,443301.7953,3.80212766,1,2.56,2.899459614
701,20,0.15,0.02,0.0145,3141680.743,443301.7953,3.824113475,1,2.56,2.90688082
702,20,0.15,0.02,0.0145,3141680.743,443301.7953,3.846099291,1,2.56,2.914302027
703,20,0.15,0.02,0.0145,3141680.743,443301.7953,3.868085106,1,2.56,2.921723234
704,20,0.15,0.02,0.0145,3141680.743,443301.7953,3.890070922,1,2.56,2.929144441
705,20,0.15,0.02,0.0145,3141680.743,443301.7953,3.912056738,1,2.56,2.936565647
706,20,0.15,0.02,0.0145,3141680.743,443301.7953,3.934042553,1,2.56,2.943986854
707,20,0.15,0.02,0.0145,3141680.743,443301.7953,3.956028369,1,2.56,2.951408061
708,20,0.15,0.02,0.0145,3141680.743,443301.7953,3.978014184,1,2.56,2.958829268
709,20,0.15,0.02,0.0145,3141680.743,443301.7953,4,1,2.56,2.966250474
710,20,0.15,0.02,0.0145,3141680.743,443301.7953,1,0.9,2.56,1.915164844
711,20,0.15,0.02,0.0145,3141680.743,443301.7953,1,0.921985816,2.56,1.92361839
712,20,0.15,0.02,0.0145,3141680.743,443301.7953,1,0.943971631,2.56,1.932071936
713,20,0.15,0.02,0.0145,3141680.743,443301.7953,1,0.965957447,2.56,1.940525482
714,20,0.15,0.02,0.0145,3141680.743,443301.7953,1,0.987943262,2.56,1.948979028
715,20,0.15,0.02,0.0145,3141680.743,443301.7953,1,1.009929078,2.56,1.957432574
716,20,0.15,0.02,0.0145,3141680.743,443301.7953,1,1.031914894,2.56,1.96588612
717,20,0.15,0.02,0.0145,3141680.743,443301.7953,1,1.053900709,2.56,1.974339666
718,20,0.15,0.02,0.0145,3141680.743,443301.7953,1,1.075886525,2.56,1.982793212
719,20,0.15,0.02,0.0145,3141680.743,443301.7953,1,1.09787234,2.56,1.991246758
720,20,0.15,0.02,0.0145,3141680.743,443301.7953,1,1.119858156,2.56,1.999700304
721,20,0.15,0.02,0.0145,3141680.743,443301.7953,1,1.141843972,2.56,2.00815385
722,20,0.15,0.02,0.0145,3141680.743,443301.7953,1,1.163829787,2.56,2.016607395
723,20,0.15,0.02,0.0145,3141680.743,443301.7953,1,1.185815603,2.56,2.025060941
724,20,0.15,0.02,0.0145,3141680.743,443301.7953,1,1.207801418,2.56,2.033514487
725,20,0.15,0.02,0.0145,3141680.743,443301.7953,1,1.229787234,2.56,2.041968033
726,20,0.15,0.02,0.0145,3141680.743,443301.7953,1,1.25177305,2.56,2.050421579
727,20,0.15,0.02,0.0145,3141680.743,443301.7953,1,1.273758865,2.56,2.058875125
728,20,0.15,0.02,0.0145,3141680.743,443301.7953,1,1.295744681,2.56,2.067328671
729,20,0.15,0.02,0.0145,3141680.743,443301.7953,1,1.317730496,2.56,2.075782217
730,20,0.15,0.02,0.0145,3141680.743,443301.7953,1,1.339716312,2.56,2.084235763
731,20,0.15,0.02,0.0145,3141680.743,443301.7953,1,1.361702128,2.56,2.092689309
732,20,0.15,0.02,0.0145,3141680.743,443301.7953,1,1.383687943,2.56,2.101142855
733,20,0.15,0.02,0.0145,3141680.743,443301.7953,1,1.405673759,2.56,2.109596401
734,20,0.15,0.02,0.0145,3141680.743,443301.7953,1,1.427659574,2.56,2.118049947
735,20,0.15,0.02,0.0145,3141680.743,443301.7953,1,1.44964539,2.56,2.126503493
736,20,0.15,0.02,0.0145,3141680.743,443301.7953,1,1.471631206,2.56,2.134957039
737,20,0.15,0.02,0.0145,3141680.743,443301.7953,1,1.493617021,2.56,2.143410585
738,20,0.15,0.02,0.0145,3141680.743,443301.7953,1,1.515602837,2.56,2.151864131
739,20,0.15,0.02,0.0145,3141680.743,443301.7953,1,1.537588652,2.56,2.160317677
740,20,0.15,0.02,0.0145,3141680.743,443301.7953,1,1.559574468,2.56,2.168771223
741,20,0.15,0.02,0.0145,3141680.743,443301.7953,1,1.581560284,2.56,2.177224769
742,20,0.15,0.02,0.0145,3141680.743,443301.7953,1,1.603546099,2.56,2.185678315
743,20,0.15,0.02,0.0145,3141680.743,443301.7953,1,1.625531915,2.56,2.194131861
744,20,0.15,0.02,0.0145,3141680.743,443301.7953,1,1.64751773,2.56,2.202585407
745,20,0.15,0.02,0.0145,3141680.743,443301.7953,1,1.669503546,2.56,2.211038953
746,20,0.15,0.02,0.0145,3141680.743,443301.7953,1,1.691489362,2.56,2.219492499
747,20,0.15,0.02,0.0145,3141680.743,443301.7953,1,1.713475177,2.56,2.227946045
748,20,0.15,0.02,0.0145,3141680.743,443301.7953,1,1.735460993,2.56,2.236399591
749,20,0.15,0.02,0.0145,3141680.743,443301.7953,1,1.757446809,2.56,2.244853136
750,20,0.15,0.02,0.0145,3141680.743,443301.7953,1,1.779432624,2.56,2.253306682
751,20,0.15,0.02,0.0145,3141680.743,443301.7953,1,1.80141844,2.56,2.261760228
752,20,0.15,0.02,0.0145,3141680.743,443301.7953,1,1.823404255,2.56,2.270213774
753,20,0.15,0.02,0.0145,3141680.743,443301.7953,1,1.845390071,2.56,2.27866732
754,20,0.15,0.02,0.0145,3141680.743,443301.7953,1,1.867375887,2.56,2.287120866
755,20,0.15,0.02,0.0145,3141680.743,443301.7953,1,1.889361702,2.56,2.295574412
756,20,0.15,0.02,0.0145,3141680.743,443301.7953,1,1.911347518,2.56,2.304027958
757,20,0.15,0.02,0.0145,3141680.743,443301.7953,1,1.933333333,2.56,2.312481504
758,20,0.15,0.02,0.0145,3141680.743,443301.7953,1,1.955319149,2.56,2.32093505
759,20,0.15,0.02,0.0145,3141680.743,443301.7953,1,1.977304965,2.56,2.329388596
760,20,0.15,0.02,0.0145,3141680.743,443301.7953,1,1.99929078,2.56,2.337842142
761,20,0.15,0.02,0.0145,3141680.743,443301.7953,1,2.021276596,2.56,2.346295688
762,20,0.15,0.02,0.0145,3141680.743,443301.7953,1,2.043262411,2.56,2.354749234
763,20,0.15,0.02,0.0145,3141680.743,443301.7953,1,2.065248227,2.56,2.36320278
764,20,0.15,0.02,0.0145,3141680.743,443301.7953,1,2.087234043,2.56,2.371656326
765,20,0.15,0.02,0.0145,3141680.743,443301.7953,1,2.109219858,2.56,2.380109872
766,20,0.15,0.02,0.0145,3141680.743,443301.7953,1,2.131205674,2.56,2.388563418
767,20,0.15,0.02,0.0145,3141680.743,443301.7953,1,2.153191489,2.56,2.397016964
768,20,0.15,0.02,0.0145,3141680.743,443301.7953,1,2.175177305,2.56,2.40547051
769,20,0.15,0.02,0.0145,3141680.743,443301.7953,1,2.197163121,2.56,2.413924056
770,20,0.15,0.02,0.0145,3141680.743,443301.7953,1,2.219148936,2.56,2.422377602
771,20,0.15,0.02,0.0145,3141680.743,443301.7953,1,2.241134752,2.56,2.430831148
772,20,0.15,0.02,0.0145,3141680.743,443301.7953,1,2.263120567,2.56,2.439284694
773,20,0.15,0.02,0.0145,3141680.743,443301.7953,1,2.285106383,2.56,2.44773824
774,20,0.15,0.02,0.0145,3141680.743,443301.7953,1,2.307092199,2.56,2.456191786
775,20,0.15,0.02,0.0145,3141680.743,443301.7953,1,2.329078014,2.56,2.464645332
776,20,0.15,0.02,0.0145,3141680.743,443301.7953,1,2.35106383,2.56,2.473098877
777,20,0.15,0.02,0.0145,3141680.743,443301.7953,1,2.373049645,2.56,2.481552423
778,20,0.15,0.02,0.0145,3141680.743,443301.7953,1,2.395035461,2.56,2.490005969
779,20,0.15,0.02,0.0145,3141680.743,443301.7953,1,2.417021277,2.56,2.498459515
780,20,0.15,0.02,0.0145,3141680.743,443301.7953,1,2.439007092,2.56,2.506913061
781,20,0.15,0.02,0.0145,3141680.743,443301.7953,1,2.460992908,2.56,2.515366607
782,20,0.15,0.02,0.0145,3141680.743,443301.7953,1,2.482978723,2.56,2.523820153
783,20,0.15,0.02,0.0145,3141680.743,443301.7953,1,2.504964539,2.56,2.532273699
784,20,0.15,0.02,0.0145,3141680.743,443301.7953,1,2.526950355,2.56,2.540727245
785,20,0.15,0.02,0.0145,3141680.743,443301.7953,1,2.54893617,2.56,2.549180791
786,20,0.15,0.02,0.0145,3141680.743,443301.7953,1,2.570921986,2.56,2.557634337
787,20,0.15,0.02,0.0145,3141680.743,443301.7953,1,2.592907801,2.56,2.566087883
788,20,0.15,0.02,0.0145,3141680.743,443301.7953,1,2.614893617,2.56,2.574541429
789,20,0.15,0.02,0.0145,3141680.743,443301.7953,1,2.636879433,2.56,2.582994975
790,20,0.15,0.02,0.0145,3141680.743,443301.7953,1,2.658865248,2.56,2.591448521
791,20,0.15,0.02,0.0145,3141680.743,443301.7953,1,2.680851064,2.56,2.599902067
792,20,0.15,0.02,0.0145,3141680.743,443301.7953,1,2.702836879,2.56,2.608355613
793,20,0.15,0.02,0.0145,3141680.743,443301.7953,1,2.724822695,2.56,2.616809159
794,20,0.15,0.02,0.0145,3141680.743,443301.7953,1,2.746808511,2.56,2.625262705
795,20,0.15,0.02,0.0145,3141680.743,443301.7953,1,2.768794326,2.56,2.633716251
796,20,0.15,0.02,0.0145,3141680.743,443301.7953,1,2.790780142,2.56,2.642169797
797,20,0.15,0.02,0.0145,3141680.743,443301.7953,1,2.812765957,2.56,2.650623343
798,20,0.15,0.02,0.0145,3141680.743,443301.7953,1,2.834751773,2.56,2.659076889
799,20,0.15,0.02,0.0145,3141680.743,443301.7953,1,2.856737589,2.56,2.667530435
800,20,0.15,0.02,0.0145,3141680.743,443301.7953,1,2.878723404,2.56,2.675983981
801,20,0.15,0.02,0.0145,3141680.743,443301.7953,1,2.90070922,2.56,2.684437527
802,20,0.15,0.02,0.0145,3141680.743,443301.7953,1,2.922695035,2.56,2.692891073
803,20,0.15,0.02,0.0145,3141680.743,443301.7953,1,2.944680851,2.56,2.701344618
804,20,0.15,0.02,0.0145,3141680.743,443301.7953,1,2.966666667,2.56,2.709798164
805,20,0.15,0.02,0.0145,3141680.743,443301.7953,1,2.988652482,2.56,2.71825171
806,20,0.15,0.02,0.0145,3141680.743,443301.7953,1,3.010638298,2.56,2.726705256
807,20,0.15,0.02,0.0145,3141680.743,443301.7953,1,3.032624113,2.56,2.735158802
808,20,0.15,0.02,0.0145,3141680.743,443301.7953,1,3.054609929,2.56,2.743612348
809,20,0.15,0.02,0.0145,3141680.743,443301.7953,1,3.076595745,2.56,2.752065894
810,20,0.15,0.02,0.0145,3141680.743,443301.7953,1,3.09858156,2.56,2.76051944
811,20,0.15,0.02,0.0145,3141680.743,443301.7953,1,3.120567376,2.56,2.768972986
812,20,0.15,0.02,0.0145,3141680.743,443301.7953,1,3.142553191,2.56,2.777426532
813,20,0.15,0.02,0.0145,3141680.743,443301.7953,1,3.164539007,2.56,2.785880078
814,20,0.15,0.02,0.0145,3141680.743,443301.7953,1,3.186524823,2.56,2.794333624
815,20,0.15,0.02,0.0145,3141680.743,443301.7953,1,3.208510638,2.56,2.80278717
816,20,0.15,0.02,0.0145,3141680.743,443301.7953,1,3.230496454,2.56,2.811240716
817,20,0.15,0.02,0.0145,3141680.743,443301.7953,1,3.25248227,2.56,2.819694262
818,20,0.15,0.02,0.0145,3141680.743,443301.7953,1,3.274468085,2.56,2.828147808
819,20,0.15,0.02,0.0145,3141680.743,443301.7953,1,3.296453901,2.56,2.836601354
820,20,0.15,0.02,0.0145,3141680.743,443301.7953,1,3.318439716,2.56,2.8450549
821,20,0.15,0.02,0.0145,3141680.743,443301.7953,1,3.340425532,2.56,2.853508446
822,20,0.15,0.02,0.0145,3141680.743,443301.7953,1,3.362411348,2.56,2.861961992
823,20,0.15,0.02,0.0145,3141680.743,443301.7953,1,3.384397163,2.56,2.870415538
824,20,0.15,0.02,0.0145,3141680.743,443301.7953,1,3.406382979,2.56,2.878869084
825,20,0.15,0.02,0.0145,3141680.743,443301.7953,1,3.428368794,2.56,2.88732263
826,20,0.15,0.02,0.0145,3141680.743,443301.7953,1,3.45035461,2.56,2.895776176
827,20,0.15,0.02,0.0145,3141680.743,443301.7953,1,3.472340426,2.56,2.904229722
828,20,0.15,0.02,0.0145,3141680.743,443301.7953,1,3.494326241,2.56,2.912683268
829,20,0.15,0.02,0.0145,3141680.743,443301.7953,1,3.516312057,2.56,2.921136814
830,20,0.15,0.02,0.0145,3141680.743,443301.7953,1,3.538297872,2.56,2.929590359
831,20,0.15,0.02,0.0145,3141680.743,443301.7953,1,3.560283688,2.56,2.938043905
832,20,0.15,0.02,0.0145,3141680.743,443301.7953,1,3.582269504,2.56,2.946497451
833,20,0.15,0.02,0.0145,3141680.743,443301.7953,1,3.604255319,2.56,2.954950997
834,20,0.15,0.02,0.0145,3141680.743,443301.7953,1,3.626241135,2.56,2.963404543
835,20,0.15,0.02,0.0145,3141680.743,443301.7953,1,3.64822695,2.56,2.971858089
836,20,0.15,0.02,0.0145,3141680.743,443301.7953,1,3.670212766,2.56,2.980311635
837,20,0.15,0.02,0.0145,3141680.743,443301.7953,1,3.692198582,2.56,2.988765181
838,20,0.15,0.02,0.0145,3141680.743,443301.7953,1,3.714184397,2.56,2.997218727
839,20,0.15,0.02,0.0145,3141680.743,443301.7953,1,3.736170213,2.56,3.005672273
840,20,0.15,0.02,0.0145,3141680.743,443301.7953,1,3.758156028,2.56,3.014125819
841,20,0.15,0.02,0.0145,3141680.743,443301.7953,1,3.780141844,2.56,3.022579365
842,20,0.15,0.02,0.0145,3141680.743,443301.7953,1,3.80212766,2.56,3.031032911
843,20,0.15,0.02,0.0145,3141680.743,443301.7953,1,3.824113475,2.56,3.039486457
844,20,0.15,0.02,0.0145,3141680.743,443301.7953,1,3.846099291,2.56,3.047940003
845,20,0.15,0.02,0.0145,3141680.743,443301.7953,1,3.868085106,2.56,3.056393549
846,20,0.15,0.02,0.0145,3141680.743,443301.7953,1,3.890070922,2.56,3.064847095
847,20,0.15,0.02,0.0145,3141680.743,443301.7953,1,3.912056738,2.56,3.073300641
848,20,0.15,0.02,0.0145,3141680.743,443301.7953,1,3.934042553,2.56,3.081754187
849,20,0.15,0.02,0.0145,3141680.743,443301.7953,1,3.956028369,2.56,3.090207733
850,20,0.15,0.02,0.0145,3141680.743,443301.7953,1,3.978014184,2.56,3.098661279
851,20,0.15,0.02,0.0145,3141680.743,443301.7953,1,4,2.56,3.107114825
852,20,0.15,0.02,0.0145,3141680.743,443301.7953,1,1,2.56,1.953614843
853,20,0.15,0.02,0.0145,3141680.743,443301.7953,1,1,2.596879433,1.97135687
854,20,0.15,0.02,0.0145,3141680.743,443301.7953,1,1,2.633758865,1.989098898
855,20,0.15,0.02,0.0145,3141680.743,443301.7953,1,1,2.670638298,2.006840925
856,20,0.15,0.02,0.0145,3141680.743,443301.7953,1,1,2.70751773,2.024582952
857,20,0.15,0.02,0.0145,3141680.743,443301.7953,1,1,2.744397163,2.042324979
858,20,0.15,0.02,0.0145,3141680.743,443301.7953,1,1,2.781276596,2.060067006
859,20,0.15,0.02,0.0145,3141680.743,443301.7953,1,1,2.818156028,2.077809033
860,20,0.15,0.02,0.0145,3141680.743,443301.7953,1,1,2.855035461,2.095551061
861,20,0.15,0.02,0.0145,3141680.743,443301.7953,1,1,2.891914894,2.113293088
862,20,0.15,0.02,0.0145,3141680.743,443301.7953,1,1,2.928794326,2.131035115
863,20,0.15,0.02,0.0145,3141680.743,443301.7953,1,1,2.965673759,2.148777142
864,20,0.15,0.02,0.0145,3141680.743,443301.7953,1,1,3.002553191,2.166519169
865,20,0.15,0.02,0.0145,3141680.743,443301.7953,1,1,3.039432624,2.184261196
866,20,0.15,0.02,0.0145,3141680.743,443301.7953,1,1,3.076312057,2.202003224
867,20,0.15,0.02,0.0145,3141680.743,443301.7953,1,1,3.113191489,2.219745251
868,20,0.15,0.02,0.0145,3141680.743,443301.7953,1,1,3.150070922,2.237487278
869,20,0.15,0.02,0.0145,3141680.743,443301.7953,1,1,3.186950355,2.255229305
870,20,0.15,0.02,0.0145,3141680.743,443301.7953,1,1,3.223829787,2.272971332
871,20,0.15,0.02,0.0145,3141680.743,443301.7953,1,1,3.26070922,2.290713359
872,20,0.15,0.02,0.0145,3141680.743,443301.7953,1,1,3.297588652,2.308455387
873,20,0.15,0.02,0.0145,3141680.743,443301.7953,1,1,3.334468085,2.326197414
874,20,0.15,0.02,0.0145,3141680.743,443301.7953,1,1,3.371347518,2.343939441
875,20,0.15,0.02,0.0145,3141680.743,443301.7953,1,1,3.40822695,2.361681468
876,20,0.15,0.02,0.0145,3141680.743,443301.7953,1,1,3.445106383,2.379423495
877,20,0.15,0.02,0.0145,3141680.743,443301.7953,1,1,3.481985816,2.397165522
878,20,0.15,0.02,0.0145,3141680.743,443301.7953,1,1,3.518865248,2.414907549
879,20,0.15,0.02,0.0145,3141680.743,443301.7953,1,1,3.555744681,2.432649577
880,20,0.15,0.02,0.0145,3141680.743,443301.7953,1,1,3.592624113,2.450391604
881,20,0.15,0.02,0.0145,3141680.743,443301.7953,1,1,3.629503546,2.468133631
882,20,0.15,0.02,0.0145,3141680.743,443301.7953,1,1,3.666382979,2.485875658
883,20,0.15,0.02,0.0145,3141680.743,443301.7953,1,1,3.703262411,2.503617685
884,20,0.15,0.02,0.0145,3141680.743,443301.7953,1,1,3.740141844,2.521359712
885,20,0.15,0.02,0.0145,3141680.743,443301.7953,1,1,3.777021277,2.53910174
886,20,0.15,0.02,0.0145,3141680.743,443301.7953,1,1,3.813900709,2.556843767
887,20,0.15,0.02,0.0145,3141680.743,443301.7953,1,1,3.850780142,2.574585794
888,20,0.15,0.02,0.0145,3141680.743,443301.7953,1,1,3.887659574,2.592327821
889,20,0.15,0.02,0.0145,3141680.743,443301.7953,1,1,3.924539007,2.610069848
890,20,0.15,0.02,0.0145,3141680.743,443301.7953,1,1,3.96141844,2.627811875
891,20,0.15,0.02,0.0145,3141680.743,443301.7953,1,1,3.998297872,2.645553903
892,20,0.15,0.02,0.0145,3141680.743,443301.7953,1,1,4.035177305,2.66329593
893,20,0.15,0.02,0.0145,3141680.743,443301.7953,1,1,4.072056738,2.681037957
894,20,0.15,0.02,0.0145,3141680.743,443301.7953,1,1,4.10893617,2.698779984
895,20,0.15,0.02,0.0145,3141680.743,443301.7953,1,1,4.145815603,2.716522011
896,20,0.15,0.02,0.0145,3141680.743,443301.7953,1,1,4.182695035,2.734264038
897,20,0.15,0.02,0.0145,3141680.743,443301.7953,1,1,4.219574468,2.752006066
898,20,0.15,0.02,0.0145,3141680.743,443301.7953,1,1,4.256453901,2.769748093
899,20,0.15,0.02,0.0145,3141680.743,443301.7953,1,1,4.293333333,2.78749012
900,20,0.15,0.02,0.0145,3141680.743,443301.7953,1,1,4.330212766,2.805232147
901,20,0.15,0.02,0.0145,3141680.743,443301.7953,1,1,4.367092199,2.822974174
902,20,0.15,0.02,0.0145,3141680.743,443301.7953,1,1,4.403971631,2.840716201
903,20,0.15,0.02,0.0145,3141680.743,443301.7953,1,1,4.440851064,2.858458229
904,20,0.15,0.02,0.0145,3141680.743,443301.7953,1,1,4.477730496,2.876200256
905,20,0.15,0.02,0.0145,3141680.743,443301.7953,1,1,4.514609929,2.893942283
906,20,0.15,0.02,0.0145,3141680.743,443301.7953,1,1,4.551489362,2.91168431
907,20,0.15,0.02,0.0145,3141680.743,443301.7953,1,1,4.588368794,2.929426337
908,20,0.15,0.02,0.0145,3141680.743,443301.7953,1,1,4.625248227,2.947168364
909,20,0.15,0.02,0.0145,3141680.743,443301.7953,1,1,4.66212766,2.964910391
910,20,0.15,0.02,0.0145,3141680.743,443301.7953,1,1,4.699007092,2.982652419
911,20,0.15,0.02,0.0145,3141680.743,443301.7953,1,1,4.735886525,3.000394446
912,20,0.15,0.02,0.0145,3141680.743,443301.7953,1,1,4.772765957,3.018136473
913,20,0.15,0.02,0.0145,3141680.743,443301.7953,1,1,4.80964539,3.0358785
914,20,0.15,0.02,0.0145,3141680.743,443301.7953,1,1,4.846524823,3.053620527
915,20,0.15,0.02,0.0145,3141680.743,443301.7953,1,1,4.883404255,3.071362554
916,20,0.15,0.02,0.0145,3141680.743,443301.7953,1,1,4.920283688,3.089104582
917,20,0.15,0.02,0.0145,3141680.743,443301.7953,1,1,4.957163121,3.106846609
918,20,0.15,0.02,0.0145,3141680.743,443301.7953,1,1,4.994042553,3.124588636
919,20,0.15,0.02,0.0145,3141680.743,443301.7953,1,1,5.030921986,3.142330663
920,20,0.15,0.02,0.0145,3141680.743,443301.7953,1,1,5.067801418,3.16007269
921,20,0.15,0.02,0.0145,3141680.743,443301.7953,1,1,5.104680851,3.177814717
922,20,0.15,0.02,0.0145,3141680.743,443301.7953,1,1,5.141560284,3.195556745
923,20,0.15,0.02,0.0145,3141680.743,443301.7953,1,1,5.178439716,3.213298772
924,20,0.15,0.02,0.0145,3141680.743,443301.7953,1,1,5.215319149,3.231040799
925,20,0.15,0.02,0.0145,3141680.743,443301.7953,1,1,5.252198582,3.248782826
926,20,0.15,0.02,0.0145,3141680.743,443301.7953,1,1,5.289078014,3.266524853
927,20,0.15,0.02,0.0145,3141680.743,443301.7953,1,1,5.325957447,3.28426688
928,20,0.15,0.02,0.0145,3141680.743,443301.7953,1,1,5.362836879,3.302008908
929,20,0.15,0.02,0.0145,3141680.743,443301.7953,1,1,5.399716312,3.319750935
930,20,0.15,0.02,0.0145,3141680.743,443301.7953,1,1,5.436595745,3.337492962
931,20,0.15,0.02,0.0145,3141680.743,443301.7953,1,1,5.473475177,3.355234989
932,20,0.15,0.02,0.0145,3141680.743,443301.7953,1,1,5.51035461,3.372977016
933,20,0.15,0.02,0.0145,3141680.743,443301.7953,1,1,5.547234043,3.390719043
934,20,0.15,0.02,0.0145,3141680.743,443301.7953,1,1,5.584113475,3.40846107
935,20,0.15,0.02,0.0145,3141680.743,443301.7953,1,1,5.620992908,3.426203098
936,20,0.15,0.02,0.0145,3141680.743,443301.7953,1,1,5.65787234,3.443945125
937,20,0.15,0.02,0.0145,3141680.743,443301.7953,1,1,5.694751773,3.461687152
938,20,0.15,0.02,0.0145,3141680.743,443301.7953,1,1,5.731631206,3.479429179
939,20,0.15,0.02,0.0145,3141680.743,443301.7953,1,1,5.768510638,3.497171206
940,20,0.15,0.02,0.0145,3141680.743,443301.7953,1,1,5.805390071,3.514913233
941,20,0.15,0.02,0.0145,3141680.743,443301.7953,1,1,5.842269504,3.532655261
942,20,0.15,0.02,0.0145,3141680.743,443301.7953,1,1,5.879148936,3.550397288
943,20,0.15,0.02,0.0145,3141680.743,443301.7953,1,1,5.916028369,3.568139315
944,20,0.15,0.02,0.0145,3141680.743,443301.7953,1,1,5.952907801,3.585881342
945,20,0.15,0.02,0.0145,3141680.743,443301.7953,1,1,5.989787234,3.603623369
946,20,0.15,0.02,0.0145,3141680.743,443301.7953,1,1,6.026666667,3.621365396
947,20,0.15,0.02,0.0145,3141680.743,443301.7953,1,1,6.063546099,3.639107424
948,20,0.15,0.02,0.0145,3141680.743,443301.7953,1,1,6.100425532,3.656849451
949,20,0.15,0.02,0.0145,3141680.743,443301.7953,1,1,6.137304965,3.674591478
950,20,0.15,0.02,0.0145,3141680.743,443301.7953,1,1,6.174184397,3.692333505
951,20,0.15,0.02,0.0145,3141680.743,443301.7953,1,1,6.21106383,3.710075532
952,20,0.15,0.02,0.0145,3141680.743,443301.7953,1,1,6.247943262,3.727817559
953,20,0.15,0.02,0.0145,3141680.743,443301.7953,1,1,6.284822695,3.745559587
954,20,0.15,0.02,0.0145,3141680.743,443301.7953,1,1,6.321702128,3.763301614
955,20,0.15,0.02,0.0145,3141680.743,443301.7953,1,1,6.35858156,3.781043641
956,20,0.15,0.02,0.0145,3141680.743,443301.7953,1,1,6.395460993,3.798785668
957,20,0.15,0.02,0.0145,3141680.743,443301.7953,1,1,6.432340426,3.816527695
958,20,0.15,0.02,0.0145,3141680.743,443301.7953,1,1,6.469219858,3.834269722
959,20,0.15,0.02,0.0145,3141680.743,443301.7953,1,1,6.506099291,3.852011749
960,20,0.15,0.02,0.0145,3141680.743,443301.7953,1,1,6.542978723,3.869753777
961,20,0.15,0.02,0.0145,3141680.743,443301.7953,1,1,6.579858156,3.887495804
962,20,0.15,0.02,0.0145,3141680.743,443301.7953,1,1,6.616737589,3.905237831
963,20,0.15,0.02,0.0145,3141680.743,443301.7953,1,1,6.653617021,3.922979858
964,20,0.15,0.02,0.0145,3141680.743,443301.7953,1,1,6.690496454,3.940721885
965,20,0.15,0.02,0.0145,3141680.743,443301.7953,1,1,6.727375887,3.958463912
966,20,0.15,0.02,0.0145,3141680.743,443301.7953,1,1,6.764255319,3.97620594
967,20,0.15,0.02,0.0145,3141680.743,443301.7953,1,1,6.801134752,3.993947967
968,20,0.15,0.02,0.0145,3141680.743,443301.7953,1,1,6.838014184,4.011689994
969,20,0.15,0.02,0.0145,3141680.743,443301.7953,1,1,6.874893617,4.029432021
970,20,0.15,0.02,0.0145,3141680.743,443301.7953,1,1,6.91177305,4.047174048
971,20,0.15,0.02,0.0145,3141680.743,443301.7953,1,1,6.948652482,4.064916075
972,20,0.15,0.02,0.0145,3141680.743,443301.7953,1,1,6.985531915,4.082658103
973,20,0.15,0.02,0.0145,3141680.743,443301.7953,1,1,7.022411348,4.10040013
974,20,0.15,0.02,0.0145,3141680.743,443301.7953,1,1,7.05929078,4.118142157
975,20,0.15,0.02,0.0145,3141680.743,443301.7953,1,1,7.096170213,4.135884184
976,20,0.15,0.02,0.0145,3141680.743,443301.7953,1,1,7.133049645,4.153626211
977,20,0.15,0.02,0.0145,3141680.743,443301.7953,1,1,7.169929078,4.171368238
978,20,0.15,0.02,0.0145,3141680.743,443301.7953,1,1,7.206808511,4.189110266
979,20,0.15,0.02,0.0145,3141680.743,443301.7953,1,1,7.243687943,4.206852293
980,20,0.15,0.02,0.0145,3141680.743,443301.7953,1,1,7.280567376,4.22459432
981,20,0.15,0.02,0.0145,3141680.743,443301.7953,1,1,7.317446809,4.242336347
982,20,0.15,0.02,0.0145,3141680.743,443301.7953,1,1,7.354326241,4.260078374
983,20,0.15,0.02,0.0145,3141680.743,443301.7953,1,1,7.391205674,4.277820401
984,20,0.15,0.02,0.0145,3141680.743,443301.7953,1,1,7.428085106,4.295562429
985,20,0.15,0.02,0.0145,3141680.743,443301.7953,1,1,7.464964539,4.313304456
986,20,0.15,0.02,0.0145,3141680.743,443301.7953,1,1,7.501843972,4.331046483
987,20,0.15,0.02,0.0145,3141680.743,443301.7953,1,1,7.538723404,4.34878851
988,20,0.15,0.02,0.0145,3141680.743,443301.7953,1,1,7.575602837,4.366530537
989,20,0.15,0.02,0.0145,3141680.743,443301.7953,1,1,7.61248227,4.384272564
990,20,0.15,0.02,0.0145,3141680.743,443301.7953,1,1,7.649361702,4.402014591
991,20,0.15,0.02,0.0145,3141680.743,443301.7953,1,1,7.686241135,4.419756619
992,20,0.15,0.02,0.0145,3141680.743,443301.7953,1,1,7.723120567,4.437498646
993,20,0.15,0.02,0.0145,3141680.743,443301.7953,1,1,7.76,4.455240673
