MECS_NAICS,MECS_FT,CHP and/or Cogeneration Process,Conventional Boiler Use,Conventional Electricity Generation,Electro-Chemical Processes,Facility HVAC,Facility Lighting,Machine Drive,Onsite Transportation,Other Facility Support,Other Nonprocess Use,Other Process Use,Process Cooling and Refrigeration,Process Heating
31,Net_electricity,0.0,0.012692307692307692,0.0,0.06769230769230769,0.095,0.06538461538461539,0.4819230769230769,0.005,0.02,0.004230769230769231,0.025384615384615384,0.0726923076923077,0.13153846153846155
31,Residual_fuel_oil,0.3333333333333333,0.36666666666666664,0.0003333333333333333,0.0,0.0003333333333333333,0.0,0.0003333333333333333,0.0,0.0003333333333333333,0.0003333333333333333,0.0003333333333333333,0.0003333333333333333,0.23333333333333334
31,Diesel,0.09090909090909091,0.04040404040404041,0.030303030303030304,0.0,0.04040404040404041,0.0,0.13131313131313133,0.3939393939393939,0.020202020202020204,0.1111111111111111,0.08080808080808081,0.00010101010101010101,0.050505050505050504
31,Natural_gas,0.26442471833390235,0.12905428473881872,0.0020484807101399795,0.0,0.06299078183680437,0.0,0.027654489586889725,0.0003414134516899966,0.00699897575964493,0.0013656538067599864,0.029532263571184703,0.004609081597814954,0.44213041993854557
31,LPG_NGL,0.03571428571428571,0.047619047619047616,0.00011904761904761905,0.0,0.08333333333333333,0.0,0.03571428571428571,0.23809523809523808,0.00011904761904761905,0.00011904761904761905,0.03571428571428571,0.00011904761904761905,0.44047619047619047
31,Coal,0.44329896907216493,0.061855670103092786,0.002577319587628866,0.0,0.003865979381443299,0.0,0.001288659793814433,0.0,1.288659793814433e-05,1.288659793814433e-05,0.02190721649484536,0.0,0.36082474226804123
31,Other,0.9,0.1,0.0,0.0,0.0,0.0,0.0,0.0,0.0,0.0,0.0,0.0,0.0
31,Coke_and_breeze,0.44329896907216493,0.061855670103092786,0.002577319587628866,0.0,0.003865979381443299,0.0,0.001288659793814433,0.0,1.288659793814433e-05,1.288659793814433e-05,0.02190721649484536,0.0,0.36082474226804123
311,Net_electricity,0.0,0.02834008097165992,0.0,0.004048582995951417,0.08097165991902834,0.0728744939271255,0.4291497975708502,0.008097165991902834,0.020242914979757085,4.048582995951417e-05,0.020242914979757085,0.26720647773279355,0.044534412955465584
311,Residual_fuel_oil,0.25,0.5,0.0,0.0,0.0025,0.0,0.005,0.0,0.0025,0.0,0.0,0.005,0.005
311,Diesel,0.15,0.05,0.1,0.0,0.05,0.0,0.05,0.25,0.05,0.15,0.099,0.0005,0.0005
311,Natural_gas,0.32105263157894737,0.2578947368421053,1.7543859649122806e-05,0.0,0.05789473684210526,0.0,0.007017543859649123,1.7543859649122806e-05,0.02631578947368421,0.0017543859649122807,0.01929824561403509,0.005263157894736842,0.28421052631578947
311,LPG_NGL,0.16666666666666666,0.16666666666666666,0.0016666666666666668,0.0,0.16666666666666666,0.0,0.0016666666666666668,0.16666666666666666,0.0016666666666666668,0.0016666666666666668,0.0016666666666666668,0.0016666666666666668,0.16666666666666666
311,Coal,0.5636363636363636,0.10909090909090909,0.0,0.0,9.090909090909092e-05,0.0,0.0,0.0,9.090909090909092e-05,0.0,0.0,0.0,0.12727272727272726
311,Other,0.9,0.1,0.0,0.0,0.0,0.0,0.0,0.0,0.0,0.0,0.0,0.0,0.0
311,Coke_and_breeze,0.5636363636363636,0.10909090909090909,0.0,0.0,9.090909090909092e-05,0.0,0.0,0.0,9.090909090909092e-05,0.0,0.0,0.0,0.12727272727272726
3112,Net_electricity,0.0,0.04,0.0,0.0002,0.04,0.04,0.72,0.0002,0.0002,0.0002,0.0002,0.1,0.02
3112,Residual_fuel_oil,0.33333333333333337,0.0,0.0,0.0,0.33333333333333337,0.0,0.0,0.0,0.0,0.0,0.0,0.0,0.33333333333333337
3112,Diesel,0.01,0.01,0.01,0.0,0.01,0.0,0.01,1.0,0.01,0.01,0.01,0.01,0.01
3112,Natural_gas,0.2706766917293233,0.37593984962406013,7.518796992481203e-05,0.0,0.022556390977443608,0.0,0.007518796992481203,7.518796992481203e-05,0.007518796992481203,7.518796992481203e-05,0.03759398496240601,0.015037593984962405,0.2631578947368421
3112,LPG_NGL,0.09090909090909091,0.09090909090909091,0.09090909090909091,0.0,0.09090909090909091,0.0,0.09090909090909091,0.09090909090909091,0.09090909090909091,0.09090909090909091,0.09090909090909091,0.0,0.09090909090909091
3112,Coal,0.46153846153846156,0.18461538461538463,0.0,0.0,0.00015384615384615385,0.0,0.0,0.0,0.00015384615384615385,0.0,0.0,0.0,0.015384615384615385
3112,Other,0.9,0.1,0.0,0.0,0.0,0.0,0.0,0.0,0.0,0.0,0.0,0.0,0.0
3112,Coke_and_breeze,0.46153846153846156,0.18461538461538463,0.0,0.0,0.00015384615384615385,0.0,0.0,0.0,0.00015384615384615385,0.0,0.0,0.0,0.015384615384615385
311221,Net_electricity,0.0,0.045454545454545456,0.0,0.0,0.045454545454545456,0.045454545454545456,0.7272727272727273,0.00045454545454545455,0.00045454545454545455,0.0,0.00045454545454545455,0.13636363636363635,0.00045454545454545455
311221,Residual_fuel_oil,0.0,0.0,0.0,0.0,0.0,0.0,0.0,0.0,0.0,0.0,0.0,0.0,0.0
311221,Diesel,0.0,0.14285714285714285,0.14285714285714285,0.0,0.14285714285714285,0.0,0.14285714285714285,0.14285714285714285,0.0,0.14285714285714285,0.0,0.0,0.14285714285714285
311221,Natural_gas,0.2916666666666667,0.375,0.0,0.0,0.020833333333333332,0.0,0.00020833333333333335,0.00020833333333333335,0.00020833333333333335,0.0,0.00020833333333333335,0.00020833333333333335,0.3125
311221,LPG_NGL,0.0,0.0,0.16666666666666669,0.0,0.16666666666666669,0.0,0.0,0.16666666666666669,0.16666666666666669,0.0,0.0,0.0,0.16666666666666669
311221,Coal,0.41818181818181815,0.16363636363636364,0.0,0.0,0.0,0.0,0.0,0.0,0.0,0.0,0.0,0.0,0.01818181818181818
311221,Other,0.9,0.1,0.0,0.0,0.0,0.0,0.0,0.0,0.0,0.0,0.0,0.0,0.0
311221,Coke_and_breeze,0.41818181818181815,0.16363636363636364,0.0,0.0,0.0,0.0,0.0,0.0,0.0,0.0,0.0,0.0,0.01818181818181818
31131,Net_electricity,0.0,0.0025,0.0,0.0025,0.05,0.05,0.75,0.05,0.05,0.05,0.0,0.0025,0.0025
31131,Residual_fuel_oil,0.33333333333333337,0.33333333333333337,0.0,0.0,0.0,0.0,0.33333333333333337,0.0,0.0,0.0,0.0,0.0,0.0
31131,Diesel,0.5,0.0,0.0,0.0,0.0,0.0,0.005,0.5,0.0,0.005,0.0,0.0,0.0
31131,Natural_gas,0.5,0.1875,0.0,0.0,0.000625,0.0,0.0,0.0,0.000625,0.0,0.000625,0.0,0.3125
31131,LPG_NGL,0.0,0.0,0.0,0.0,0.25,0.0,0.0,0.25,0.0,0.25,0.0,0.0,0.0
31131,Coal,0.7111111111111111,0.0,0.0,0.0,0.0,0.0,0.0,0.0,0.0,0.0,0.0,0.0,0.28888888888888886
31131,Other,0.9,0.1,0.0,0.0,0.0,0.0,0.0,0.0,0.0,0.0,0.0,0.0,0.0
31131,Coke_and_breeze,0.7111111111111111,0.0,0.0,0.0,0.0,0.0,0.0,0.0,0.0,0.0,0.0,0.0,0.28888888888888886
3114,Net_electricity,0.0,0.030303030303030304,0.0,0.00030303030303030303,0.09090909090909091,0.06060606060606061,0.2727272727272727,0.030303030303030304,0.030303030303030304,0.00030303030303030303,0.00030303030303030303,0.3939393939393939,0.06060606060606061
3114,Residual_fuel_oil,0.19999999999999998,0.19999999999999998,0.0,0.0,0.19999999999999998,0.0,0.0,0.0,0.19999999999999998,0.0,0.0,0.0,0.19999999999999998
3114,Diesel,0.01,0.01,0.01,0.0,0.01,0.0,0.01,0.01,0.0,0.01,0.01,0.01,0.01
3114,Natural_gas,0.4380952380952381,0.21904761904761905,9.523809523809524e-05,0.0,0.06666666666666667,0.0,9.523809523809524e-05,9.523809523809524e-05,0.009523809523809525,0.0,9.523809523809524e-05,9.523809523809524e-05,0.19047619047619047
3114,LPG_NGL,0.01,0.01,0.0,0.0,0.25,0.0,0.01,0.25,0.25,0.25,0.01,0.0,0.01
3114,Coal,1.0,0.0,0.0,0.0,0.0,0.0,0.0,0.0,0.0,0.0,0.0,0.0,0.0
3114,Other,0.9,0.1,0.0,0.0,0.0,0.0,0.0,0.0,0.0,0.0,0.0,0.0,0.0
3114,Coke_and_breeze,1.0,0.0,0.0,0.0,0.0,0.0,0.0,0.0,0.0,0.0,0.0,0.0,0.0
3115,Net_electricity,0.0,0.02857142857142857,0.0,0.00028571428571428574,0.08571428571428572,0.05714285714285714,0.34285714285714286,0.00028571428571428574,0.02857142857142857,0.00028571428571428574,0.02857142857142857,0.34285714285714286,0.02857142857142857
3115,Residual_fuel_oil,0.01,1.0,0.0,0.0,0.01,0.0,0.01,0.0,0.0,0.0,0.0,0.01,0.01
3115,Diesel,0.0033333333333333335,0.33,0.0033333333333333335,0.0,0.0033333333333333335,0.0,0.041666666666666664,0.0033333333333333335,0.0,0.3333333333333333,0.041666666666666664,0.041666666666666664,0.041666666666666664
3115,Natural_gas,0.3382352941176471,0.3088235294117647,0.0,0.0,0.052941176470588235,0.0,0.014705882352941176,0.00014705882352941178,0.008823529411764706,0.00014705882352941178,0.014705882352941176,0.00014705882352941178,0.22058823529411764
3115,LPG_NGL,0.01,0.01,0.0,0.0,0.01,0.0,0.01,0.01,0.01,0.01,0.01,0.0,0.01
3115,Coal,0.0,0.0,0.0,0.0,0.5,0.0,0.0,0.0,0.0,0.0,0.0,0.0,0.5
3115,Other,0.9,0.1,0.0,0.0,0.0,0.0,0.0,0.0,0.0,0.0,0.0,0.0,0.0
3115,Coke_and_breeze,0.0,0.0,0.0,0.0,0.5,0.0,0.0,0.0,0.0,0.0,0.0,0.0,0.5
3116,Net_electricity,0.0,0.03225806451612903,0.0,0.00016129032258064516,0.06451612903225806,0.08064516129032258,0.2903225806451613,0.00016129032258064516,0.016129032258064516,0.00016129032258064516,0.03225806451612903,0.41935483870967744,0.04838709677419355
3116,Residual_fuel_oil,1.0,0.01,0.0,0.0,0.0,0.0,0.0,0.0,0.01,0.0,0.0,0.0,0.0
3116,Diesel,0.2,0.002,0.002,0.0,0.002,0.0,0.002,0.2,0.002,0.4,0.002,0.002,0.002
3116,Natural_gas,0.3888888888888889,0.23809523809523808,7.936507936507937e-05,0.0,0.06349206349206349,0.0,0.007936507936507936,7.936507936507937e-05,0.0873015873015873,7.936507936507937e-05,0.031746031746031744,7.936507936507937e-05,0.1746031746031746
3116,LPG_NGL,0.005,0.6,0.0,0.0,0.05,0.0,0.05,0.05,0.05,0.05,0.05,0.05,0.05
3116,Coal,1.0,0.0,0.0,0.0,0.0,0.0,0.0,0.0,0.0,0.0,0.0,0.0,0.0
3116,Other,0.9,0.1,0.0,0.0,0.0,0.0,0.0,0.0,0.0,0.0,0.0,0.0,0.0
3116,Coke_and_breeze,1.0,0.0,0.0,0.0,0.0,0.0,0.0,0.0,0.0,0.0,0.0,0.0,0.0
312,Net_electricity,0.0,0.030303030303030304,0.0,0.00030303030303030303,0.12121212121212122,0.09090909090909091,0.36363636363636365,0.030303030303030304,0.030303030303030304,0.00030303030303030303,0.030303030303030304,0.21212121212121213,0.030303030303030304
312,Residual_fuel_oil,0.0,1.0,0.0,0.0,0.0,0.0,0.0,0.0,0.0,0.0,0.0,0.0,0.0
312,Diesel,0.01,0.01,0.01,0.0,0.01,0.0,0.01,0.01,0.01,0.01,0.01,0.0,0.01
312,Natural_gas,0.2708333333333333,0.4375,0.00020833333333333335,0.0,0.10416666666666667,0.0,0.00020833333333333335,0.00020833333333333335,0.00020833333333333335,0.00020833333333333335,0.00020833333333333335,0.00020833333333333335,0.125
312,LPG_NGL,0.01,0.01,0.0,0.0,0.01,0.0,0.01,1.0,0.01,0.01,0.01,0.0,0.01
312,Coal,0.7142857142857143,0.2857142857142857,0.0,0.0,0.0014285714285714286,0.0,0.0,0.0,0.0,0.0,0.0,0.0,0.0014285714285714286
312,Other,0.9,0.1,0.0,0.0,0.0,0.0,0.0,0.0,0.0,0.0,0.0,0.0,0.0
312,Coke_and_breeze,0.7142857142857143,0.2857142857142857,0.0,0.0,0.0014285714285714286,0.0,0.0,0.0,0.0,0.0,0.0,0.0,0.0014285714285714286
3121,Net_electricity,0.0,0.0003333333333333333,0.0,0.0003333333333333333,0.1,0.1,0.36666666666666664,0.03333333333333333,0.03333333333333333,0.0003333333333333333,0.03333333333333333,0.2,0.03333333333333333
3121,Residual_fuel_oil,0.0,0.0,0.0,0.0,0.0,0.0,0.0,0.0,0.0,0.0,0.0,0.0,0.0
3121,Diesel,0.01,0.01,0.25,0.0,0.25,0.0,0.01,0.25,0.0,0.25,0.01,0.0,0.01
3121,Natural_gas,0.3023255813953488,0.4186046511627907,0.00023255813953488373,0.0,0.09302325581395349,0.0,0.00023255813953488373,0.00023255813953488373,0.00023255813953488373,0.00023255813953488373,0.00023255813953488373,0.00023255813953488373,0.11627906976744186
3121,LPG_NGL,0.01,0.01,0.0,0.0,0.01,0.0,0.01,1.0,0.01,0.01,0.01,0.0,0.01
3121,Coal,0.6666666666666666,0.3333333333333333,0.0,0.0,0.0,0.0,0.0,0.0,0.0,0.0,0.0,0.0,0.0
3121,Other,0.9,0.1,0.0,0.0,0.0,0.0,0.0,0.0,0.0,0.0,0.0,0.0,0.0
3121,Coke_and_breeze,0.6666666666666666,0.3333333333333333,0.0,0.0,0.0,0.0,0.0,0.0,0.0,0.0,0.0,0.0,0.0
3122,Net_electricity,0.0,0.0029850746268656717,0.0,0.07462686567164178,0.29850746268656714,0.07462686567164178,0.1791044776119403,0.07462686567164178,0.07462686567164178,0.07462686567164178,0.07462686567164178,0.07462686567164178,0.07462686567164178
3122,Residual_fuel_oil,0.0,1.0,0.0,0.0,0.0,0.0,0.0,0.0,0.0,0.0,0.0,0.0,0.0
3122,Diesel,0.11111111111111112,0.11111111111111112,0.11111111111111112,0.0,0.11111111111111112,0.0,0.11111111111111112,0.11111111111111112,0.11111111111111112,0.11111111111111112,0.0,0.0,0.11111111111111112
3122,Natural_gas,0.2,0.6,0.0,0.0,0.002,0.0,0.002,0.002,0.002,0.002,0.002,0.002,0.2
3122,LPG_NGL,0.125,0.125,0.0,0.0,0.125,0.0,0.125,0.125,0.0,0.125,0.125,0.0,0.125
3122,Coal,0.1,0.4,0.0,0.0,0.2,0.0,0.0,0.0,0.0,0.0,0.0,0.0,0.3
3122,Other,0.9,0.1,0.0,0.0,0.0,0.0,0.0,0.0,0.0,0.0,0.0,0.0,0.0
3122,Coke_and_breeze,0.1,0.4,0.0,0.0,0.2,0.0,0.0,0.0,0.0,0.0,0.0,0.0,0.3
313,Net_electricity,0.0,0.023255813953488372,0.0,0.00023255813953488373,0.13953488372093023,0.06976744186046512,0.5813953488372093,0.00023255813953488373,0.023255813953488372,0.00023255813953488373,0.023255813953488372,0.046511627906976744,0.09302325581395349
313,Residual_fuel_oil,0.33333333333333337,0.0,0.0,0.0,0.33333333333333337,0.0,0.0,0.0,0.0,0.0,0.0,0.0,0.33333333333333337
313,Diesel,0.11111111111111112,0.11111111111111112,0.11111111111111112,0.0,0.11111111111111112,0.0,0.0,0.11111111111111112,0.11111111111111112,0.11111111111111112,0.11111111111111112,0.0,0.11111111111111112
313,Natural_gas,0.25,0.1111111111111111,0.0,0.0,0.05555555555555555,0.0,0.1663888888888889,0.0,0.0002777777777777778,0.0,0.027777777777777776,0.0002777777777777778,0.3333333333333333
313,LPG_NGL,0.1,0.1,0.0,0.0,0.1,0.0,0.1,0.1,0.1,0.1,0.1,0.1,0.1
313,Coal,0.8333333333333334,0.16666666666666666,0.0,0.0,0.0,0.0,0.0,0.0,0.0,0.0,0.0,0.0,0.0
313,Other,0.9,0.1,0.0,0.0,0.0,0.0,0.0,0.0,0.0,0.0,0.0,0.0,0.0
313,Coke_and_breeze,0.8333333333333334,0.16666666666666666,0.0,0.0,0.0,0.0,0.0,0.0,0.0,0.0,0.0,0.0,0.0
314,Net_electricity,0.0,0.0011111111111111111,0.0,0.0011111111111111111,0.1111111111111111,0.1111111111111111,0.5111111111111111,0.03666666666666667,0.03666666666666667,0.03666666666666667,0.0011111111111111111,0.07777777777777778,0.07777777777777778
314,Residual_fuel_oil,1.0,0.0,0.0,0.0,0.0,0.0,0.0,0.0,0.0,0.0,0.0,0.0,0.0
314,Diesel,0.09090909090909091,0.09090909090909091,0.09090909090909091,0.0,0.09090909090909091,0.0,0.09090909090909091,0.09090909090909091,0.09090909090909091,0.09090909090909091,0.09090909090909091,0.0,0.09090909090909091
314,Natural_gas,0.125,0.25,0.0,0.0,0.25,0.0,0.000625,0.0,0.000625,0.0,0.000625,0.0,0.375
314,LPG_NGL,0.01,0.01,0.0,0.0,0.01,0.0,0.01,0.01,0.01,0.01,0.01,0.0,0.01
314,Coal,1.0,0.01,0.0,0.0,0.0,0.0,0.0,0.0,0.0,0.0,0.0,0.0,0.0
314,Other,0.9,0.1,0.0,0.0,0.0,0.0,0.0,0.0,0.0,0.0,0.0,0.0,0.0
314,Coke_and_breeze,1.0,0.01,0.0,0.0,0.0,0.0,0.0,0.0,0.0,0.0,0.0,0.0,0.0
315,Net_electricity,0.0,0.14666666666666667,0.0,0.0033333333333333335,0.3333333333333333,0.0033333333333333335,0.3333333333333333,0.0033333333333333335,0.0033333333333333335,0.0,0.0,0.0033333333333333335,0.0033333333333333335
315,Residual_fuel_oil,0.0,0.0,0.0,0.0,0.0,0.0,0.0,0.0,0.0,0.0,0.0,0.0,0.0
315,Diesel,0.0,0.25,0.0,0.0,0.25,0.0,0.0,0.25,0.0,0.0,0.25,0.0,0.0
315,Natural_gas,0.2875,0.2875,0.0,0.0,0.1125,0.0,0.05,0.0,0.1125,0.0,0.05,0.0,0.05
315,LPG_NGL,0.16666666666666669,0.0,0.0,0.0,0.16666666666666669,0.0,0.0,0.16666666666666669,0.0,0.0,0.16666666666666669,0.0,0.16666666666666669
315,Coal,0.0,0.0,0.0,0.0,0.0,0.0,0.0,0.0,0.0,0.0,0.0,0.0,0.0
315,Other,0.9,0.1,0.0,0.0,0.0,0.0,0.0,0.0,0.0,0.0,0.0,0.0,0.0
315,Coke_and_breeze,0.0,0.0,0.0,0.0,0.0,0.0,0.0,0.0,0.0,0.0,0.0,0.0,0.0
316,Net_electricity,0.0,0.01,0.0,0.01,0.01,0.01,1.0,0.01,0.01,0.01,0.01,0.01,0.01
316,Residual_fuel_oil,0.5,0.0,0.0,0.0,0.0,0.0,0.0,0.0,0.0,0.0,0.5,0.0,0.0
316,Diesel,0.19999999999999998,0.0,0.0,0.0,0.19999999999999998,0.0,0.0,0.19999999999999998,0.0,0.19999999999999998,0.0,0.0,0.19999999999999998
316,Natural_gas,0.01,0.01,0.0,0.0,0.01,0.0,0.01,0.0,0.01,0.0,0.01,0.0,1.0
316,LPG_NGL,0.0,0.0,0.0,0.0,0.16666666666666669,0.0,0.0,0.16666666666666669,0.16666666666666669,0.0,0.16666666666666669,0.0,0.16666666666666669
316,Coal,0.0,0.0,0.0,0.0,0.0,0.0,0.0,0.0,0.0,0.0,0.0,0.0,0.0
316,Other,0.9,0.1,0.0,0.0,0.0,0.0,0.0,0.0,0.0,0.0,0.0,0.0,0.0
316,Coke_and_breeze,0.0,0.0,0.0,0.0,0.0,0.0,0.0,0.0,0.0,0.0,0.0,0.0,0.0
321,Net_electricity,0.0,0.0136986301369863,0.0,0.000136986301369863,0.0821917808219178,0.0547945205479452,0.7397260273972602,0.000136986301369863,0.0136986301369863,0.000136986301369863,0.0136986301369863,0.0136986301369863,0.0547945205479452
321,Residual_fuel_oil,0.0,0.0,0.0,0.0,0.0,0.0,0.33333333333333337,0.0,0.0,0.0,0.33333333333333337,0.0,0.33333333333333337
321,Diesel,0.001,0.001,0.001,0.0,0.001,0.0,0.1,0.7,0.001,0.001,0.098,0.001,0.001
321,Natural_gas,0.14285714285714285,0.08163265306122448,0.00020408163265306123,0.0,0.12244897959183673,0.0,0.04081632653061224,0.00020408163265306123,0.00020408163265306123,0.00020408163265306123,0.04081632653061224,0.00020408163265306123,0.5714285714285714
321,LPG_NGL,0.0033333333333333335,0.0033333333333333335,0.0033333333333333335,0.0,0.0033333333333333335,0.0,0.0033333333333333335,0.6666666666666666,0.0033333333333333335,0.0033333333333333335,0.0033333333333333335,0.0,0.3333333333333333
321,Coal,0.01,0.01,0.0,0.0,0.0,0.0,0.0,0.0,0.0,0.0,0.0,0.0,0.01
321,Other,0.9,0.1,0.0,0.0,0.0,0.0,0.0,0.0,0.0,0.0,0.0,0.0,0.0
321,Coke_and_breeze,0.01,0.01,0.0,0.0,0.0,0.0,0.0,0.0,0.0,0.0,0.0,0.0,0.01
321113,Net_electricity,0.0,0.0005882352941176471,0.0,0.0005882352941176471,0.058823529411764705,0.058823529411764705,0.7647058823529411,0.0005882352941176471,0.0005882352941176471,0.0005882352941176471,0.0005882352941176471,0.0005882352941176471,0.058823529411764705
321113,Residual_fuel_oil,0.0,0.0,0.0,0.0,0.0,0.0,0.5,0.0,0.0,0.0,0.0,0.0,0.5
321113,Diesel,0.002,0.002,0.025,0.0,0.025,0.0,0.04,0.7,0.025,0.025,0.04,0.0,0.04
321113,Natural_gas,0.16666666666666666,0.16666666666666666,0.0016666666666666668,0.0,0.0016666666666666668,0.0,0.0016666666666666668,0.0016666666666666668,0.0016666666666666668,0.0016666666666666668,0.0,0.0,0.6666666666666666
321113,LPG_NGL,0.09999999999999999,0.0,0.09999999999999999,0.0,0.09999999999999999,0.0,0.09999999999999999,0.09999999999999999,0.09999999999999999,0.09999999999999999,0.09999999999999999,0.0,0.09999999999999999
321113,Coal,0.0,0.0,0.0,0.0,0.0,0.0,0.0,0.0,0.0,0.0,0.0,0.0,1.0
321113,Other,0.9,0.1,0.0,0.0,0.0,0.0,0.0,0.0,0.0,0.0,0.0,0.0,0.0
321113,Coke_and_breeze,0.0,0.0,0.0,0.0,0.0,0.0,0.0,0.0,0.0,0.0,0.0,0.0,1.0
3212,Net_electricity,0.0,0.04,0.0,0.0004,0.04,0.04,0.76,0.0004,0.0004,0.0004,0.0004,0.0004,0.08
3212,Residual_fuel_oil,0.0,0.0,0.0,0.0,0.0,0.0,0.0,0.0,0.0,0.0,0.0,0.0,0.0
3212,Diesel,0.1125,0.1125,0.005,0.0,0.005,0.0,0.0833333335,0.5,0.005,0.005,0.0833333335,0.0,0.0833333335
3212,Natural_gas,0.09999999999999999,0.04285714285714286,0.0,0.0,0.03571428571428571,0.0,0.03571428571428571,0.0,0.017857142857142856,0.017857142857142856,0.07142857142857142,0.0,0.6785714285714286
3212,LPG_NGL,0.01,0.01,0.0,0.0,0.01,0.0,0.01,1.0,0.01,0.01,0.01,0.0,0.01
3212,Coal,0.2,0.8,0.0,0.0,0.0,0.0,0.0,0.0,0.0,0.0,0.0,0.0,0.0
3212,Other,0.9,0.1,0.0,0.0,0.0,0.0,0.0,0.0,0.0,0.0,0.0,0.0,0.0
3212,Coke_and_breeze,0.2,0.8,0.0,0.0,0.0,0.0,0.0,0.0,0.0,0.0,0.0,0.0,0.0
321219,Net_electricity,0.0,0.0005882352941176471,0.0,0.0005882352941176471,0.058823529411764705,0.058823529411764705,0.7647058823529411,0.0005882352941176471,0.0005882352941176471,0.0005882352941176471,0.0005882352941176471,0.0005882352941176471,0.058823529411764705
321219,Residual_fuel_oil,0.0,0.0,0.0,0.0,0.0,0.0,0.0,0.0,0.0,0.0,0.0,0.0,0.0
321219,Diesel,0.125,0.0,0.125,0.0,0.125,0.0,0.125,0.125,0.125,0.125,0.0,0.0,0.125
321219,Natural_gas,0.1,0.05,0.0,0.0,0.0005,0.0,0.05,0.0,0.0005,0.0005,0.1,0.0,0.7
321219,LPG_NGL,0.11111111111111112,0.11111111111111112,0.0,0.0,0.11111111111111112,0.0,0.11111111111111112,0.11111111111111112,0.11111111111111112,0.11111111111111112,0.11111111111111112,0.0,0.11111111111111112
321219,Coal,0.01,0.01,0.0,0.0,0.0,0.0,0.0,0.0,0.0,0.0,0.0,0.0,0.0
321219,Other,0.9,0.1,0.0,0.0,0.0,0.0,0.0,0.0,0.0,0.0,0.0,0.0,0.0
321219,Coke_and_breeze,0.01,0.01,0.0,0.0,0.0,0.0,0.0,0.0,0.0,0.0,0.0,0.0,0.0
3219,Net_electricity,0.0,0.0003448275862068966,0.0,0.0003448275862068966,0.13793103448275862,0.06896551724137931,0.7241379310344828,0.0003448275862068966,0.0003448275862068966,0.0003448275862068966,0.034482758620689655,0.0003448275862068966,0.034482758620689655
3219,Residual_fuel_oil,0.0,0.0,0.0,0.0,0.0,0.0,1.0,0.0,0.0,0.0,0.0,0.0,0.0
3219,Diesel,0.0033333333333333335,0.0033333333333333335,0.0033333333333333335,0.0,0.0033333333333333335,0.0,0.0033333333333333335,0.6666666666666666,0.0,0.0033333333333333335,0.3133333333333333,0.0033333333333333335,0.0033333333333333335
3219,Natural_gas,0.23076923076923078,0.07692307692307693,0.0007692307692307692,0.0,0.3076923076923077,0.0,0.07538461538461538,0.0007692307692307692,0.0007692307692307692,0.0,0.0007692307692307692,0.0007692307692307692,0.3076923076923077
3219,LPG_NGL,0.01,0.19,0.005,0.0,0.005,0.0,0.0833333335,0.5,0.005,0.005,0.0833333335,0.0,0.0833333335
3219,Coal,0.0,0.0,0.0,0.0,0.0,0.0,0.0,0.0,0.0,0.0,0.0,0.0,0.0
3219,Other,0.9,0.1,0.0,0.0,0.0,0.0,0.0,0.0,0.0,0.0,0.0,0.0,0.0
3219,Coke_and_breeze,0.0,0.0,0.0,0.0,0.0,0.0,0.0,0.0,0.0,0.0,0.0,0.0,0.0
322,Net_electricity,0.0,0.02617801047120419,0.0,0.010471204188481676,0.041884816753926704,0.041884816753926704,0.743455497382199,0.005235602094240838,0.010471204188481676,5.2356020942408376e-05,0.05759162303664921,0.020942408376963352,0.041884816753926704
322,Residual_fuel_oil,0.47058823529411764,0.29411764705882354,0.0005882352941176471,0.0,0.0005882352941176471,0.0,0.0005882352941176471,0.0,0.0,0.0005882352941176471,0.0,0.0,0.23529411764705882
322,Diesel,0.4,0.002,0.002,0.0,0.002,0.0,0.0333333334,0.392,0.002,0.002,0.0333333334,0.0,0.0333333334
322,Natural_gas,0.5229357798165137,0.0963302752293578,0.006880733944954129,0.0,0.0389908256880734,0.0,0.0389908256880734,2.293577981651376e-05,0.0045871559633027525,2.293577981651376e-05,0.006880733944954129,2.293577981651376e-05,0.28211009174311924
322,LPG_NGL,0.13333333333333333,0.0,0.0033333333333333335,0.0,0.0033333333333333335,0.0,0.055555555666666666,0.6666666666666666,0.0033333333333333335,0.0033333333333333335,0.055555555666666666,0.0,0.055555555666666666
322,Coal,0.863013698630137,0.0547945205479452,0.0136986301369863,0.0,6.84931506849315e-05,0.0,6.84931506849315e-05,0.0,0.0,0.0,0.0136986301369863,0.0,0.03424657534246575
322,Other,0.9,0.1,0.0,0.0,0.0,0.0,0.0,0.0,0.0,0.0,0.0,0.0,0.0
322,Coke_and_breeze,0.863013698630137,0.0547945205479452,0.0136986301369863,0.0,6.84931506849315e-05,0.0,6.84931506849315e-05,0.0,0.0,0.0,0.0136986301369863,0.0,0.03424657534246575
322110,Net_electricity,0.0,0.002,0.0,0.0,0.002,0.002,0.8,0.002,0.002,0.0,0.0,0.002,0.002
322110,Residual_fuel_oil,1.0,0.0,0.0,0.0,0.0,0.0,0.0,0.0,0.0,0.0,0.0,0.0,0.005
322110,Diesel,0.01,0.01,0.0,0.0,0.0,0.0,0.2,0.5,0.0,0.0,0.0,0.0,0.2
322110,Natural_gas,0.5172413793103449,0.0,0.0,0.0,0.0003448275862068966,0.0,0.0,0.0,0.0003448275862068966,0.0,0.0,0.0,0.4827586206896552
322110,LPG_NGL,0.16666666666666669,0.0,0.0,0.0,0.16666666666666669,0.0,0.0,0.16666666666666669,0.16666666666666669,0.0,0.0,0.0,0.16666666666666669
322110,Coal,1.0,0.0,0.0,0.0,0.0,0.0,0.0,0.0,0.0,0.0,0.0,0.0,0.0
322110,Other,0.9,0.1,0.0,0.0,0.0,0.0,0.0,0.0,0.0,0.0,0.0,0.0,0.0
322110,Coke_and_breeze,1.0,0.0,0.0,0.0,0.0,0.0,0.0,0.0,0.0,0.0,0.0,0.0,0.0
322121,Net_electricity,0.0,0.03389830508474576,0.0,0.00016949152542372882,0.01694915254237288,0.03389830508474576,0.8305084745762712,0.00016949152542372882,0.00016949152542372882,0.0,0.00016949152542372882,0.01694915254237288,0.03389830508474576
322121,Residual_fuel_oil,0.3333333333333333,0.4444444444444444,0.0011111111111111111,0.0,0.0011111111111111111,0.0,0.0011111111111111111,0.0,0.0,0.0011111111111111111,0.0,0.0,0.2222222222222222
322121,Diesel,0.5,0.005,0.005,0.0,0.005,0.0,0.005,0.5,0.005,0.005,0.005,0.0,0.005
322121,Natural_gas,0.46875,0.09375,0.01875,0.0,0.01875,0.0,0.09375,6.25e-05,6.25e-05,6.25e-05,0.00625,6.25e-05,0.30625
322121,LPG_NGL,0.01,0.0,0.0,0.0,0.01,0.0,0.01,1.0,0.01,0.01,0.0,0.0,0.01
322121,Coal,0.8387096774193549,0.06451612903225806,0.010752688172043012,0.0,0.00010752688172043011,0.0,0.00010752688172043011,0.0,0.0,0.0,0.021505376344086023,0.0,0.03225806451612903
322121,Other,0.9,0.1,0.0,0.0,0.0,0.0,0.0,0.0,0.0,0.0,0.0,0.0,0.0
322121,Coke_and_breeze,0.8387096774193549,0.06451612903225806,0.010752688172043012,0.0,0.00010752688172043011,0.0,0.00010752688172043011,0.0,0.0,0.0,0.021505376344086023,0.0,0.03225806451612903
322122,Net_electricity,0.0,0.03571428571428571,0.0,0.03571428571428571,0.008928571428571428,0.008928571428571428,0.5714285714285714,0.008928571428571428,0.008928571428571428,0.0,0.32142857142857145,0.00035714285714285714,0.00035714285714285714
322122,Residual_fuel_oil,0.0,0.0,0.0,0.0,0.0,0.0,0.0,0.0,0.0,0.0,0.0,0.0,0.0
322122,Diesel,0.19999999999999998,0.0,0.0,0.0,0.0,0.0,0.19999999999999998,0.19999999999999998,0.0,0.19999999999999998,0.19999999999999998,0.0,0.0
322122,Natural_gas,0.75,0.00125,0.0,0.0,0.00125,0.0,0.0,0.0,0.00125,0.0,0.00125,0.0,0.25
322122,LPG_NGL,0.0,0.0,0.0,0.0,0.33333333333333337,0.0,0.0,0.33333333333333337,0.0,0.0,0.0,0.0,0.33333333333333337
322122,Coal,1.0,0.0,0.0,0.0,0.0,0.0,0.0,0.0,0.0,0.0,0.0,0.0,0.0
322122,Other,0.9,0.1,0.0,0.0,0.0,0.0,0.0,0.0,0.0,0.0,0.0,0.0,0.0
322122,Coke_and_breeze,1.0,0.0,0.0,0.0,0.0,0.0,0.0,0.0,0.0,0.0,0.0,0.0,0.0
322130,Net_electricity,0.0,0.01818181818181818,0.0,0.00018181818181818183,0.02727272727272727,0.02727272727272727,0.8363636363636363,0.00018181818181818183,0.01818181818181818,0.00018181818181818183,0.01818181818181818,0.01818181818181818,0.01818181818181818
322130,Residual_fuel_oil,0.6,0.002,0.002,0.0,0.002,0.0,0.0,0.0,0.0,0.0,0.0,0.0,0.4
322130,Diesel,0.5,0.005,0.005,0.0,0.005,0.0,0.005,0.5,0.0,0.005,0.005,0.0,0.005
322130,Natural_gas,0.648936170212766,0.09574468085106383,5.319148936170213e-05,0.0,0.026595744680851064,0.0,0.010638297872340425,0.0,0.005319148936170213,0.0,0.010638297872340425,0.0,0.20212765957446807
322130,LPG_NGL,0.1,0.0,0.0,0.0,0.125,0.0,0.133333333,0.125,0.125,0.125,0.133333333,0.0,0.133333333
322130,Coal,0.9111111111111111,0.022222222222222223,0.00022222222222222223,0.0,0.0,0.0,0.0,0.0,0.0,0.0,0.0,0.0,0.06666666666666667
322130,Other,0.9,0.1,0.0,0.0,0.0,0.0,0.0,0.0,0.0,0.0,0.0,0.0,0.0
322130,Coke_and_breeze,0.9111111111111111,0.022222222222222223,0.00022222222222222223,0.0,0.0,0.0,0.0,0.0,0.0,0.0,0.0,0.0,0.06666666666666667
323,Net_electricity,0.0,0.00020408163265306123,0.0,0.02040816326530612,0.16326530612244897,0.08163265306122448,0.5306122448979592,0.02040816326530612,0.02040816326530612,0.00020408163265306123,0.02040816326530612,0.08163265306122448,0.04081632653061224
323,Residual_fuel_oil,0.0,1.0,0.0,0.0,0.0,0.0,0.0,0.0,0.0,0.0,0.0,0.0,0.0
323,Diesel,0.11111111111111112,0.11111111111111112,0.11111111111111112,0.0,0.11111111111111112,0.0,0.11111111111111112,0.11111111111111112,0.11111111111111112,0.11111111111111112,0.11111111111111112,0.0,0.0
323,Natural_gas,0.07692307692307693,0.10256410256410256,0.050512820512820515,0.0,0.28205128205128205,0.0,0.02564102564102564,0.0002564102564102564,0.0002564102564102564,0.0002564102564102564,0.0002564102564102564,0.0002564102564102564,0.4358974358974359
323,LPG_NGL,0.01,0.01,0.0,0.0,0.01,0.0,0.01,1.0,0.01,0.0,0.01,0.0,0.01
323,Coal,0.0,0.0,0.0,0.0,0.0,0.0,0.0,0.0,0.0,0.0,0.0,0.0,0.0
323,Other,0.9,0.1,0.0,0.0,0.0,0.0,0.0,0.0,0.0,0.0,0.0,0.0,0.0
323,Coke_and_breeze,0.0,0.0,0.0,0.0,0.0,0.0,0.0,0.0,0.0,0.0,0.0,0.0,0.0
324,Net_electricity,0.0,0.005988023952095809,0.0,5.988023952095808e-05,0.03592814371257485,0.023952095808383235,0.8622754491017964,5.988023952095808e-05,0.011976047904191617,5.988023952095808e-05,0.011976047904191617,0.041916167664670656,-0.011976047904191617
324,Residual_fuel_oil,0.0025,0.25,0.0,0.0,0.0025,0.0,0.0025,0.0,0.0,0.0,0.0025,0.0025,0.75
324,Diesel,0.09090909090909091,0.0009090909090909091,0.0009090909090909091,0.0,0.0009090909090909091,0.0,0.18181818181818182,0.36363636363636365,0.0009090909090909091,0.09090909090909091,0.09090909090909091,0.0009090909090909091,0.18181818181818182
324,Natural_gas,0.2222222222222222,0.10364145658263306,0.0028011204481792717,0.0,0.004668534080298786,0.0,0.012138188608776844,9.337068160597572e-06,9.337068160597572e-06,9.337068160597572e-06,0.028011204481792718,0.0009337068160597573,0.5284780578898226
324,LPG_NGL,0.05555555555555555,0.08333333333333333,0.0002777777777777778,0.0,0.0002777777777777778,0.0,0.0002777777777777778,0.0002777777777777778,0.0002777777777777778,0.0002777777777777778,0.0002777777777777778,0.0002777777777777778,0.8333333333333334
324,Coal,0.125,0.0,0.0,0.0,0.0,0.0,0.0,0.0,0.0,0.00125,1.0,0.0,0.0
324,Other,0.9,0.1,0.0,0.0,0.0,0.0,0.0,0.0,0.0,0.0,0.0,0.0,0.0
324,Coke_and_breeze,0.125,0.0,0.0,0.0,0.0,0.0,0.0,0.0,0.0,0.00125,1.0,0.0,0.0
324110,Net_electricity,0.0,0.00625,0.0,6.25e-05,0.0375,0.025,0.875,0.0,0.0125,6.25e-05,0.00625,0.04375,-0.01875
324110,Residual_fuel_oil,0.0,0.3333333333333333,0.0,0.0,0.0,0.0,0.0,0.0,0.0,0.0,0.0,0.0,0.6666666666666666
324110,Diesel,0.0016666666666666668,0.165,0.0016666666666666668,0.0,0.0016666666666666668,0.0,0.16666666666666666,0.5,0.0016666666666666668,0.16666666666666666,0.0016666666666666668,0.0,0.0016666666666666668
324110,Natural_gas,0.227,0.105,0.003,0.0,0.002,0.0,0.009,0.0,1e-05,1e-05,0.028,1e-05,0.521
324110,LPG_NGL,0.05714285714285714,0.08571428571428572,0.00028571428571428574,0.0,0.00028571428571428574,0.0,0.00028571428571428574,0.00028571428571428574,0.00028571428571428574,0.0,0.00028571428571428574,0.00028571428571428574,0.8571428571428571
324110,Coal,1.0,0.0,0.0,0.0,0.0,0.0,0.0,0.0,0.0,0.0,0.0,0.0,0.0
324110,Other,0.0828,0.8372,0.0,0.0,0.0,0.0,0.0168,0.0,0.0,0.0,0.004,0.0016,0.0576
324110,Coke_and_breeze,1.0,0.0,0.0,0.0,0.0,0.0,0.0,0.0,0.0,0.0,0.0,0.0,0.0
324121,Net_electricity,0.0,0.0033333333333333335,0.0,0.0033333333333333335,0.0033333333333333335,0.0033333333333333335,0.6666666666666666,0.0033333333333333335,0.0033333333333333335,0.0033333333333333335,0.0033333333333333335,0.0033333333333333335,0.3333333333333333
324121,Residual_fuel_oil,0.0,0.0,0.0,0.0,0.005,0.0,0.16649999999999998,0.0,0.0,0.0,0.16649999999999998,0.16649999999999998,0.5
324121,Diesel,0.002,0.098,0.01,0.0,0.01,0.0,0.2,0.16,0.01,0.01,0.1,0.1,0.2
324121,Natural_gas,0.11904761904761904,0.023809523809523808,0.0002380952380952381,0.0,0.023809523809523808,0.0,0.09523809523809523,0.0002380952380952381,0.0002380952380952381,0.0002380952380952381,0.047619047619047616,0.0002380952380952381,0.7142857142857143
324121,LPG_NGL,0.01,0.01,0.0,0.0,0.01,0.0,0.01,0.01,0.01,0.01,0.01,0.0,1.0
324121,Coal,0.0,0.0,0.0,0.0,0.0,0.0,0.0,0.0,0.0,0.0,0.0,0.0,0.0
324121,Other,0.9,0.1,0.0,0.0,0.0,0.0,0.0,0.0,0.0,0.0,0.0,0.0,0.0
324121,Coke_and_breeze,0.0,0.0,0.0,0.0,0.0,0.0,0.0,0.0,0.0,0.0,0.0,0.0,0.0
324122,Net_electricity,0.0,0.005,0.0,0.005,0.005,0.005,1.0,0.005,0.005,0.0,0.005,0.005,0.005
324122,Residual_fuel_oil,1.0,0.0,0.0,0.0,0.0,0.0,0.0,0.0,0.0,0.0,0.0,0.0,0.0
324122,Diesel,0.09090909090909091,0.09090909090909091,0.09090909090909091,0.0,0.09090909090909091,0.0,0.09090909090909091,0.09090909090909091,0.09090909090909091,0.09090909090909091,0.09090909090909091,0.0,0.09090909090909091
324122,Natural_gas,0.18181818181818182,0.09090909090909091,0.0009090909090909091,0.0,0.09090909090909091,0.0,0.0009090909090909091,0.0009090909090909091,0.0009090909090909091,0.0009090909090909091,0.0009090909090909091,0.0009090909090909091,0.6363636363636364
324122,LPG_NGL,0.09999999999999999,0.09999999999999999,0.0,0.0,0.09999999999999999,0.0,0.09999999999999999,0.09999999999999999,0.09999999999999999,0.09999999999999999,0.09999999999999999,0.0,0.09999999999999999
324122,Coal,0.0,0.0,0.0,0.0,0.0,0.0,0.0,0.0,0.0,0.0,1.0,0.0,0.0
324122,Other,0.9,0.1,0.0,0.0,0.0,0.0,0.0,0.0,0.0,0.0,0.0,0.0,0.0
324122,Coke_and_breeze,0.0,0.0,0.0,0.0,0.0,0.0,0.0,0.0,0.0,0.0,1.0,0.0,0.0
324199,Net_electricity,-0.0,-0.01,-0.0,-0.0,-0.01,-0.01,1.0,-0.01,-0.01,-0.01,-0.01,-0.01,-0.01
324199,Residual_fuel_oil,0.0,0.0,0.0,0.0,0.0,0.0,0.0,0.0,0.0,0.0,0.0,0.0,0.0
324199,Diesel,0.11111111111111112,0.11111111111111112,0.11111111111111112,0.0,0.11111111111111112,0.0,0.11111111111111112,0.11111111111111112,0.0,0.11111111111111112,0.11111111111111112,0.0,0.11111111111111112
324199,Natural_gas,0.125,0.125,0.0,0.0,0.125,0.0,0.0,0.0,0.00125,0.00125,0.0,0.0,0.625
324199,LPG_NGL,0.125,0.0,0.0,0.0,0.125,0.0,0.0,0.125,0.125,0.0,0.125,0.125,0.125
324199,Coal,0.0,0.0,0.0,0.0,0.0,0.0,0.0,0.0,0.0,0.0014285714285714286,1.0,0.0,0.0
324199,Other,0.9,0.1,0.0,0.0,0.0,0.0,0.0,0.0,0.0,0.0,0.0,0.0,0.0
324199,Coke_and_breeze,0.0,0.0,0.0,0.0,0.0,0.0,0.0,0.0,0.0,0.0014285714285714286,1.0,0.0,0.0
325,Net_electricity,0.0,0.015283842794759825,0.0,0.12663755458515283,0.07205240174672489,0.04585152838427948,0.5524017467248908,0.002183406113537118,0.013100436681222707,0.004366812227074236,0.019650655021834062,0.0851528384279476,0.043668122270742356
325,Residual_fuel_oil,0.005,1.0,0.0,0.0,0.005,0.0,0.0,0.0,0.0,0.0,0.0,0.0,0.005
325,Diesel,0.2,0.1,0.025,0.0,0.025,0.0,0.2,0.3,0.025,0.025,0.033,0.033,0.033
325,Natural_gas,0.3596403596403596,0.16633366633366634,4.995004995004995e-06,0.0,0.023976023976023976,0.0,0.045454545454545456,4.995004995004995e-06,0.0034965034965034965,0.000999000999000999,0.03296703296703297,0.007992007992007992,0.35364635364635366
325,LPG_NGL,0.0025,0.0025,0.0025,0.0,0.0025,0.0,0.0025,0.25,0.0025,0.0025,0.25,0.0025,0.25
325,Coal,0.5907172995780591,0.10126582278481013,0.0,0.0,0.008438818565400843,0.0,4.219409282700422e-05,0.0,0.0,0.0,0.0,0.0,0.06751054852320675
325,Other,0.684,0.076,0.0,0.0,0.0,0.0,0.0696,0.0,0.0,0.0,0.024,0.0096,0.1368
325,Coke_and_breeze,0.5907172995780591,0.10126582278481013,0.0,0.0,0.008438818565400843,0.0,4.219409282700422e-05,0.0,0.0,0.0,0.0,0.0,0.06751054852320675
325110,Net_electricity,0.0,0.0005,0.0,0.15,0.05,0.0005,0.6,0.0005,0.0005,0.0005,0.0,0.15,0.05
325110,Residual_fuel_oil,0.0,0.0,0.0,0.0,0.0,0.0,0.0,0.0,0.0,0.0,0.0,0.0,0.0
325110,Diesel,0.01,0.01,0.01,0.0,0.01,0.0,0.01,0.01,0.01,0.01,0.01,0.0,0.0
325110,Natural_gas,0.22006472491909385,0.061488673139158574,0.0,0.0,3.2362459546925564e-05,0.0,0.022653721682847898,0.0,3.2362459546925564e-05,0.003236245954692557,0.025889967637540454,0.009708737864077669,0.656957928802589
325110,LPG_NGL,0.01,0.01,0.0,0.0,0.01,0.0,0.01,0.01,0.0,0.0,0.01,0.0,0.01
325110,Coal,0.0,0.0,0.0,0.0,0.0,0.0,0.0,0.0,0.0,0.0,0.0,0.0,0.0
325110,Other,0.9,0.1,0.0,0.0,0.0,0.0,0.0,0.0,0.0,0.0,0.0,0.0,0.0
325110,Coke_and_breeze,0.0,0.0,0.0,0.0,0.0,0.0,0.0,0.0,0.0,0.0,0.0,0.0,0.0
325120,Net_electricity,0.0,0.00014705882352941178,0.0,0.00014705882352941178,0.014705882352941176,0.003676470588235294,0.9411764705882353,0.003676470588235294,0.003676470588235294,0.003676470588235294,0.0,0.014705882352941176,0.014705882352941176
325120,Residual_fuel_oil,0.0,0.0,0.0,0.0,0.0,0.0,0.0,0.0,0.0,0.0,0.0,0.0,0.0
325120,Diesel,0.11111111111111112,0.11111111111111112,0.0,0.0,0.11111111111111112,0.0,0.11111111111111112,0.11111111111111112,0.11111111111111112,0.11111111111111112,0.0,0.11111111111111112,0.11111111111111112
325120,Natural_gas,0.05263157894736842,0.07894736842105263,0.0,0.0,0.42105263157894735,0.0,0.13157894736842105,0.0002631578947368421,0.0002631578947368421,0.0,0.10526315789473684,0.0002631578947368421,0.18421052631578946
325120,LPG_NGL,0.19999999999999998,0.0,0.0,0.0,0.19999999999999998,0.0,0.0,0.19999999999999998,0.19999999999999998,0.0,0.0,0.0,0.0
325120,Coal,0.0,0.0,0.0,0.0,0.0,0.0,0.0,0.0,0.0,0.0,0.0,0.0,0.0
325120,Other,0.9,0.1,0.0,0.0,0.0,0.0,0.0,0.0,0.0,0.0,0.0,0.0,0.0
325120,Coke_and_breeze,0.0,0.0,0.0,0.0,0.0,0.0,0.0,0.0,0.0,0.0,0.0,0.0,0.0
325180,Net_electricity,0.0,0.02531645569620253,0.0,0.5063291139240507,0.02531645569620253,0.02531645569620253,0.22784810126582278,0.00012658227848101267,0.012658227848101266,0.00012658227848101267,0.06329113924050633,0.0379746835443038,0.05063291139240506
325180,Residual_fuel_oil,0.0,0.0,0.0,0.0,0.0,0.0,0.0,0.0,0.0,0.0,0.0,0.0,0.0
325180,Diesel,0.01,0.01,0.01,0.0,0.01,0.0,0.01,1.0,0.01,0.01,0.01,0.01,0.01
325180,Natural_gas,0.23841059602649006,0.09933774834437085,0.0,0.0,0.016556291390728478,0.0,0.31125827814569534,0.0,0.0033112582781456954,0.0,0.006622516556291391,6.622516556291391e-05,0.32450331125827814
325180,LPG_NGL,0.09999999999999999,0.09999999999999999,0.0,0.0,0.09999999999999999,0.0,0.09999999999999999,0.09999999999999999,0.09999999999999999,0.09999999999999999,0.09999999999999999,0.0,0.09999999999999999
325180,Coal,0.8679245283018868,0.09433962264150944,0.0,0.0,0.0,0.0,0.0,0.0,0.0,0.0,0.0,0.0,0.03773584905660377
325180,Other,0.9,0.1,0.0,0.0,0.0,0.0,0.0,0.0,0.0,0.0,0.0,0.0,0.0
325180,Coke_and_breeze,0.8679245283018868,0.09433962264150944,0.0,0.0,0.0,0.0,0.0,0.0,0.0,0.0,0.0,0.0,0.03773584905660377
325193,Net_electricity,0.0,0.02564102564102564,0.0,0.0002564102564102564,0.02564102564102564,0.02564102564102564,0.6666666666666666,0.01282051282051282,0.01282051282051282,0.0,0.02564102564102564,0.10256410256410256,0.05128205128205128
325193,Residual_fuel_oil,0.0,0.0,0.0,0.0,0.0,0.0,0.0,0.0,0.0,0.0,0.0,0.0,0.0
325193,Diesel,0.0,0.0,0.125,0.0,0.0,0.0,0.5,0.125,0.125,0.125,0.0,0.0,0.0
325193,Natural_gas,0.26721763085399447,0.3333333333333333,0.0,0.0,0.008264462809917356,0.0,0.0027548209366391185,2.7548209366391185e-05,0.0027548209366391185,2.7548209366391185e-05,0.04132231404958678,0.0027548209366391185,0.3333333333333333
325193,LPG_NGL,0.0,0.0,0.0,0.0,0.19999999999999998,0.0,0.19999999999999998,0.19999999999999998,0.19999999999999998,0.0,0.0,0.0,0.0
325193,Coal,0.3625,0.075,0.0,0.0,0.0,0.0,0.0,0.0,0.0,0.0,0.0,0.0,0.0375
325193,Other,0.9,0.1,0.0,0.0,0.0,0.0,0.0,0.0,0.0,0.0,0.0,0.0,0.0
325193,Coke_and_breeze,0.3625,0.075,0.0,0.0,0.0,0.0,0.0,0.0,0.0,0.0,0.0,0.0,0.0375
325194,Net_electricity,0.0,0.001,0.0,0.001,0.1,0.1,0.5,0.001,0.001,0.0,0.001,0.2,0.1
325194,Residual_fuel_oil,0.0,0.0,0.0,0.0,0.0,0.0,0.0,0.0,0.0,0.0,0.0,0.0,0.0
325194,Diesel,0.0,0.14285714285714285,0.14285714285714285,0.0,0.14285714285714285,0.0,0.14285714285714285,0.14285714285714285,0.0,0.0,0.14285714285714285,0.14285714285714285,0.0
325194,Natural_gas,0.375,0.25,0.0,0.0,0.0004166666666666667,0.0,0.0,0.0,0.0004166666666666667,0.0004166666666666667,0.020833333333333332,0.0,0.3541666666666667
325194,LPG_NGL,0.0,0.0,0.0,0.0,0.19999999999999998,0.0,0.0,0.19999999999999998,0.19999999999999998,0.0,0.19999999999999998,0.0,0.19999999999999998
325194,Coal,0.0,0.0,0.0,0.0,0.0,0.0,0.0,0.0,0.0,0.0,0.0,0.0,0.0
325194,Other,0.9,0.1,0.0,0.0,0.0,0.0,0.0,0.0,0.0,0.0,0.0,0.0,0.0
325194,Coke_and_breeze,0.0,0.0,0.0,0.0,0.0,0.0,0.0,0.0,0.0,0.0,0.0,0.0,0.0
325199,Net_electricity,0.0,0.017543859649122806,0.0,0.05263157894736842,0.05263157894736842,0.05263157894736842,0.631578947368421,0.011694736842105263,0.011694736842105263,0.011694736842105263,0.00017543859649122808,0.12280701754385964,0.03508771929824561
325199,Residual_fuel_oil,0.0,1.0,0.0,0.0,0.0,0.0,0.0,0.0,0.0,0.0,0.0,0.0,0.0
325199,Diesel,0.005,0.005,0.1,0.0,0.1,0.0,0.5,0.1,0.1,0.1,0.005,0.0,0.005
325199,Natural_gas,0.3983516483516483,0.23076923076923078,2.7472527472527473e-05,0.0,0.01098901098901099,0.0,0.04120879120879121,2.7472527472527473e-05,0.0027472527472527475,0.002692307692307692,0.054945054945054944,0.01098901098901099,0.24175824175824176
325199,LPG_NGL,0.09090909090909091,0.09090909090909091,0.0,0.0,0.09090909090909091,0.0,0.09090909090909091,0.09090909090909091,0.09090909090909091,0.09090909090909091,0.09090909090909091,0.09090909090909091,0.09090909090909091
325199,Coal,0.7627118644067796,0.01694915254237288,0.0,0.0,0.0,0.0,0.0,0.0,0.0,0.0,0.0,0.0,0.0
325199,Other,0.9,0.1,0.0,0.0,0.0,0.0,0.0,0.0,0.0,0.0,0.0,0.0,0.0
325199,Coke_and_breeze,0.7627118644067796,0.01694915254237288,0.0,0.0,0.0,0.0,0.0,0.0,0.0,0.0,0.0,0.0,0.0
325211,Net_electricity,0.0,0.017241379310344827,0.0,0.15517241379310345,0.05172413793103448,0.034482758620689655,0.5862068965517241,0.0001724137931034483,0.017241379310344827,0.0001724137931034483,0.0001724137931034483,0.05172413793103448,0.05172413793103448
325211,Residual_fuel_oil,0.25,0.25,0.0,0.0,0.25,0.0,0.0,0.0,0.0,0.0,0.0,0.0,0.25
325211,Diesel,0.01,0.01,0.01,0.0,0.01,0.0,0.01,1.0,0.01,0.01,0.01,0.01,0.0
325211,Natural_gas,0.6853333333333333,0.06666666666666667,2.6666666666666667e-05,0.0,0.010666666666666666,0.0,0.010666666666666666,2.6666666666666667e-05,0.005333333333333333,2.6666666666666667e-05,0.013333333333333334,0.016,0.192
325211,LPG_NGL,0.01,0.19,0.0,0.0,0.1,0.0,0.1,0.1,0.1,0.1,0.1,0.1,0.1
325211,Coal,0.0,0.42857142857142855,0.0,0.0,0.07142857142857142,0.0,0.0,0.0,0.0,0.0,0.0,0.0,0.5
325211,Other,0.9,0.1,0.0,0.0,0.0,0.0,0.0,0.0,0.0,0.0,0.0,0.0,0.0
325211,Coke_and_breeze,0.0,0.42857142857142855,0.0,0.0,0.07142857142857142,0.0,0.0,0.0,0.0,0.0,0.0,0.0,0.5
325212,Net_electricity,0.0,0.0025,0.0,0.0,0.05,0.05,0.5,0.05,0.05,0.05,0.0,0.25,0.0025
325212,Residual_fuel_oil,0.0,0.0,0.0,0.0,0.0,0.0,0.0,0.0,0.0,0.0,0.0,0.0,0.0
325212,Diesel,0.11111111111111112,0.11111111111111112,0.11111111111111112,0.0,0.0,0.0,0.11111111111111112,0.11111111111111112,0.0,0.11111111111111112,0.11111111111111112,0.0,0.11111111111111112
325212,Natural_gas,0.5263157894736842,0.42105263157894735,0.0,0.0,0.0005263157894736842,0.0,0.0005263157894736842,0.0,0.0005263157894736842,0.0005263157894736842,0.0005263157894736842,0.0005263157894736842,0.05263157894736842
325212,LPG_NGL,0.16666666666666669,0.0,0.0,0.0,0.16666666666666669,0.0,0.16666666666666669,0.16666666666666669,0.0,0.16666666666666669,0.0,0.0,0.0
325212,Coal,1.0,0.0,0.0,0.0,0.0,0.0,0.0,0.0,0.0,0.0,0.0,0.0,0.0
325212,Other,0.9,0.1,0.0,0.0,0.0,0.0,0.0,0.0,0.0,0.0,0.0,0.0,0.0
325212,Coke_and_breeze,1.0,0.0,0.0,0.0,0.0,0.0,0.0,0.0,0.0,0.0,0.0,0.0,0.0
325220,Net_electricity,0.0,0.0009090909090909091,0.0,0.0009090909090909091,0.09090909090909091,0.09090909090909091,0.5454545454545454,0.0009090909090909091,0.0009090909090909091,0.0009090909090909091,0.09090909090909091,0.09090909090909091,0.09090909090909091
325220,Residual_fuel_oil,0.0,0.5,0.0,0.0,0.0,0.0,0.0,0.0,0.0,0.0,0.0,0.0,0.5
325220,Diesel,0.125,0.125,0.125,0.0,0.0,0.0,0.125,0.125,0.125,0.125,0.0,0.0,0.125
325220,Natural_gas,0.38461538461538464,0.3076923076923077,0.0,0.0,0.0007692307692307692,0.0,0.0007692307692307692,0.0007692307692307692,0.0007692307692307692,0.0,0.0007692307692307692,0.07692307692307693,0.23076923076923078
325220,LPG_NGL,0.0,0.125,0.0,0.0,0.125,0.0,0.125,0.125,0.0,0.125,0.125,0.0,0.125
325220,Coal,0.9,0.1,0.0,0.0,0.0,0.0,0.0,0.0,0.0,0.0,0.0,0.0,0.001
325220,Other,0.9,0.1,0.0,0.0,0.0,0.0,0.0,0.0,0.0,0.0,0.0,0.0,0.0
325220,Coke_and_breeze,0.9,0.1,0.0,0.0,0.0,0.0,0.0,0.0,0.0,0.0,0.0,0.0,0.001
325311,Net_electricity,0.0,0.0007692307692307692,0.0,0.0007692307692307692,0.07692307692307693,0.07692307692307693,0.6153846153846154,0.0007692307692307692,0.0007692307692307692,0.0007692307692307692,0.0007692307692307692,0.07692307692307693,0.07692307692307693
325311,Residual_fuel_oil,1.0,0.0,0.0,0.0,0.0,0.0,0.0,0.0,0.0,0.0,0.0,0.0,0.0
325311,Diesel,0.0,0.0,0.14285714285714285,0.0,0.0,0.0,0.14285714285714285,0.14285714285714285,0.0,0.14285714285714285,0.14285714285714285,0.14285714285714285,0.14285714285714285
325311,Natural_gas,0.1518987341772152,0.0759493670886076,0.0,0.0,6.329113924050633e-05,0.0,0.0189873417721519,0.0,6.329113924050633e-05,0.0,0.056962025316455694,6.329113924050633e-05,0.6518987341772152
325311,LPG_NGL,0.19999999999999998,0.0,0.0,0.0,0.19999999999999998,0.0,0.0,0.19999999999999998,0.0,0.0,0.0,0.0,0.19999999999999998
325311,Coal,0.0,0.0,0.0,0.0,0.0,0.0,0.0,0.0,0.0,0.0,0.0,0.0,0.0
325311,Other,0.9,0.1,0.0,0.0,0.0,0.0,0.0,0.0,0.0,0.0,0.0,0.0,0.0
325311,Coke_and_breeze,0.0,0.0,0.0,0.0,0.0,0.0,0.0,0.0,0.0,0.0,0.0,0.0,0.0
325312,Net_electricity,0.0,0.028571428571428574,0.0,0.0,0.0014285714285714286,0.0014285714285714286,0.8571428571428571,0.0014285714285714286,0.0014285714285714286,0.0014285714285714286,0.0,0.0014285714285714286,0.0014285714285714286
325312,Residual_fuel_oil,1.0,0.0,0.0,0.0,0.0,0.0,0.0,0.0,0.0,0.0,0.0,0.0,0.0
325312,Diesel,0.5,0.0,0.0,0.0,0.0,0.0,0.005,0.5,0.0,0.005,0.005,0.0,0.0
325312,Natural_gas,0.08,0.04,0.0,0.0,0.0004,0.0,0.0,0.0,0.0004,0.0,0.0004,0.0004,0.84
325312,LPG_NGL,0.19999999999999998,0.0,0.0,0.0,0.19999999999999998,0.0,0.0,0.19999999999999998,0.0,0.0,0.19999999999999998,0.0,0.19999999999999998
325312,Coal,1.0,0.0,0.0,0.0,0.0,0.0,0.0,0.0,0.0,0.0,0.0,0.0,0.0
325312,Other,0.9,0.1,0.0,0.0,0.0,0.0,0.0,0.0,0.0,0.0,0.0,0.0,0.0
325312,Coke_and_breeze,1.0,0.0,0.0,0.0,0.0,0.0,0.0,0.0,0.0,0.0,0.0,0.0,0.0
3254,Net_electricity,0.0,0.027777777777777776,0.0,0.0002777777777777778,0.3333333333333333,0.1388888888888889,0.2777777777777778,0.0002777777777777778,0.027777777777777776,0.0002777777777777778,0.027777777777777776,0.16666666666666666,0.027777777777777776
3254,Residual_fuel_oil,0.0,0.0,0.0,0.0,0.0,0.0,0.0,0.0,0.0,0.0,0.0,0.0,0.0
3254,Diesel,0.01,0.09,0.1,0.0,0.1,0.0,0.075,0.1,0.1,0.1,0.075,0.075,0.075
3254,Natural_gas,0.38,0.34,0.0002,0.0,0.14,0.0,0.0002,0.0002,0.02,0.0002,0.02,0.0002,0.08
3254,LPG_NGL,0.09999999999999999,0.09999999999999999,0.09999999999999999,0.0,0.09999999999999999,0.0,0.09999999999999999,0.09999999999999999,0.09999999999999999,0.09999999999999999,0.09999999999999999,0.0,0.09999999999999999
3254,Coal,0.6666666666666666,0.0033333333333333335,0.0,0.0,0.3333333333333333,0.0,0.0,0.0,0.0,0.0,0.0,0.0,0.0
3254,Other,0.9,0.1,0.0,0.0,0.0,0.0,0.0,0.0,0.0,0.0,0.0,0.0,0.0
3254,Coke_and_breeze,0.6666666666666666,0.0033333333333333335,0.0,0.0,0.3333333333333333,0.0,0.0,0.0,0.0,0.0,0.0,0.0,0.0
325412,Net_electricity,0.0,0.0005263157894736842,0.0,0.0005263157894736842,0.3157894736842105,0.10526315789473684,0.2631578947368421,0.0005263157894736842,0.05263157894736842,0.0005263157894736842,0.0005263157894736842,0.15789473684210525,0.05263157894736842
325412,Residual_fuel_oil,0.0,0.0,0.0,0.0,0.0,0.0,0.0,0.0,0.0,0.0,0.0,0.0,0.0
325412,Diesel,0.01,0.09,0.1,0.0,0.1,0.0,0.1,0.1,0.1,0.1,0.1,0.1,0.1
325412,Natural_gas,0.2857142857142857,0.38095238095238093,0.0004761904761904762,0.0,0.19047619047619047,0.0,0.0004761904761904762,0.0004761904761904762,0.0004761904761904762,0.0004761904761904762,0.047619047619047616,0.0004761904761904762,0.09523809523809523
325412,LPG_NGL,0.09999999999999999,0.09999999999999999,0.09999999999999999,0.0,0.09999999999999999,0.0,0.09999999999999999,0.09999999999999999,0.09999999999999999,0.09999999999999999,0.09999999999999999,0.0,0.09999999999999999
325412,Coal,0.6666666666666666,0.0033333333333333335,0.0,0.0,0.3333333333333333,0.0,0.0,0.0,0.0,0.0,0.0,0.0,0.0
325412,Other,0.9,0.1,0.0,0.0,0.0,0.0,0.0,0.0,0.0,0.0,0.0,0.0,0.0
325412,Coke_and_breeze,0.6666666666666666,0.0033333333333333335,0.0,0.0,0.3333333333333333,0.0,0.0,0.0,0.0,0.0,0.0,0.0,0.0
325992,Net_electricity,0.0,0.0033333333333333335,0.0,0.0033333333333333335,0.3333333333333333,0.0033333333333333335,0.3333333333333333,0.0033333333333333335,0.0033333333333333335,0.0033333333333333335,0.0033333333333333335,0.3333333333333333,0.0033333333333333335
325992,Residual_fuel_oil,1.0,0.0,0.0,0.0,0.0,0.0,0.0,0.0,0.0,0.0,0.0,0.0,0.0
325992,Diesel,0.14285714285714285,0.0,0.14285714285714285,0.0,0.14285714285714285,0.0,0.14285714285714285,0.14285714285714285,0.14285714285714285,0.14285714285714285,0.0,0.0,0.0
325992,Natural_gas,0.25,0.25,0.0025,0.0,0.0025,0.0,0.0025,0.0,0.0025,0.0025,0.0025,0.0,0.25
325992,LPG_NGL,0.125,0.0,0.0,0.0,0.125,0.0,0.125,0.125,0.125,0.0,0.0,0.125,0.125
325992,Coal,0.0,0.0,0.0,0.0,0.0,0.0,0.0,0.0,0.0,0.0,0.0,0.0,0.0
325992,Other,0.9,0.1,0.0,0.0,0.0,0.0,0.0,0.0,0.0,0.0,0.0,0.0,0.0
325992,Coke_and_breeze,0.0,0.0,0.0,0.0,0.0,0.0,0.0,0.0,0.0,0.0,0.0,0.0,0.0
326,Net_electricity,0.0,0.005263157894736842,0.0,0.005263157894736842,0.1,0.08947368421052632,0.5157894736842106,0.005263157894736842,0.021052631578947368,0.010526315789473684,0.010526315789473684,0.07894736842105263,0.15263157894736842
326,Residual_fuel_oil,0.0,0.0,0.0,0.0,0.0,0.0,0.0,0.0,0.0,0.0,0.0,0.0,0.0
326,Diesel,0.0,0.009259259259259259,0.009259259259259259,0.0,0.009259259259259259,0.0,0.009259259259259259,0.009259259259259259,0.009259259259259259,0.9259259259259258,0.0,0.0,0.009259259259259259
326,Natural_gas,0.23333333333333334,0.23333333333333334,0.0,0.0,0.2222222222222222,0.0,0.011111111111111112,0.00011111111111111112,0.011111111111111112,0.00011111111111111112,0.00011111111111111112,0.00011111111111111112,0.25555555555555554
326,LPG_NGL,0.0025,0.0025,0.0,0.0,0.25,0.0,0.0025,0.5,0.0025,0.0025,0.0025,0.0,0.0025
326,Coal,0.9966273187183812,0.0016863406408094436,0.0,0.0,0.0016863406408094436,0.0,0.0,0.0,0.0,0.0,0.0,0.0,0.0
326,Other,0.9,0.1,0.0,0.0,0.0,0.0,0.0,0.0,0.0,0.0,0.0,0.0,0.0
326,Coke_and_breeze,0.9966273187183812,0.0016863406408094436,0.0,0.0,0.0016863406408094436,0.0,0.0,0.0,0.0,0.0,0.0,0.0,0.0
327,Net_electricity,0.0,0.0078125,0.0,0.015625,0.0625,0.046875,0.5,7.8125e-05,0.015625,7.8125e-05,0.0234375,0.0390625,0.2421875
327,Residual_fuel_oil,0.33333333333333337,0.0,0.0,0.0,0.33333333333333337,0.0,0.0,0.0,0.0,0.0,0.0,0.0,0.33333333333333337
327,Diesel,0.0005263157894736842,0.0005263157894736842,0.0005263157894736842,0.0,0.0005263157894736842,0.0,0.21052631578947367,0.42105263157894735,0.0005263157894736842,0.10526315789473684,0.15789473684210525,0.0,0.05263157894736842
327,Natural_gas,0.03303303303303303,0.006006006006006006,3.003003003003003e-05,0.0,0.057057057057057055,0.0,0.024024024024024024,3.003003003003003e-05,0.006006006006006006,3.003003003003003e-05,0.009009009009009009,0.006006006006006006,0.7987987987987988
327,LPG_NGL,0.0033333333333333335,0.0033333333333333335,0.0033333333333333335,0.0,0.0033333333333333335,0.0,0.0033333333333333335,0.32,0.0033333333333333335,0.0033333333333333335,0.0033333333333333335,0.0033333333333333335,0.3333333333333333
327,Coal,0.00425531914893617,0.0,0.0,0.0,4.2553191489361704e-05,0.0,0.00425531914893617,0.0,0.0,0.0,0.0,0.0,0.9914893617021276
327,Other,0.9,0.1,0.0,0.0,0.0,0.0,0.0,0.0,0.0,0.0,0.0,0.0,0.0
327,Coke_and_breeze,0.00425531914893617,0.0,0.0,0.0,4.2553191489361704e-05,0.0,0.00425531914893617,0.0,0.0,0.0,0.0,0.0,0.9914893617021276
327120,Net_electricity,0.0,0.002,0.0,0.002,0.04,0.04,0.6,0.04,0.04,0.04,0.002,0.002,0.2
327120,Residual_fuel_oil,0.0,0.0,0.0,0.0,0.0,0.0,0.0,0.0,0.0,0.0,0.0,0.0,1.0
327120,Diesel,0.0,0.0,0.125,0.0,0.125,0.0,0.166666667,0.125,0.0,0.125,0.166666667,0.0,0.166666667
327120,Natural_gas,0.02857142857142857,0.00028571428571428574,0.007142857142857143,0.0,0.02857142857142857,0.0,0.00028571428571428574,0.007142857142857143,0.007142857142857143,0.007142857142857143,0.00028571428571428574,0.0,0.9142857142857143
327120,LPG_NGL,0.0,0.0,0.125,0.0,0.125,0.0,0.125,0.125,0.125,0.0,0.125,0.0,0.125
327120,Coal,0.0,0.0,0.0,0.0,0.0,0.0,0.0,0.0,0.0,0.0,0.0,0.0,1.0
327120,Other,0.9,0.1,0.0,0.0,0.0,0.0,0.0,0.0,0.0,0.0,0.0,0.0,0.0
327120,Coke_and_breeze,0.0,0.0,0.0,0.0,0.0,0.0,0.0,0.0,0.0,0.0,0.0,0.0,1.0
327211,Net_electricity,0.0,0.0016666666666666668,0.0,0.0016666666666666668,0.041666666666666664,0.041666666666666664,0.3333333333333333,0.041666666666666664,0.041666666666666664,0.0,0.0016666666666666668,0.0016666666666666668,0.3333333333333333
327211,Residual_fuel_oil,0.0,0.0,0.0,0.0,0.0,0.0,0.0,0.0,0.0,0.0,0.0,0.0,0.0
327211,Diesel,0.0,0.0,0.14285714285714285,0.0,0.14285714285714285,0.0,0.14285714285714285,0.14285714285714285,0.0,0.14285714285714285,0.14285714285714285,0.0,0.0
327211,Natural_gas,0.0,0.0002127659574468085,0.0,0.0,0.02127659574468085,0.0,0.0425531914893617,0.0,0.0002127659574468085,0.0,0.02127659574468085,0.0425531914893617,0.8297872340425532
327211,LPG_NGL,0.0,0.0,0.0,0.0,0.16666666666666669,0.0,0.0,0.16666666666666669,0.16666666666666669,0.0,0.16666666666666669,0.0,0.16666666666666669
327211,Coal,0.0,0.0,0.0,0.0,0.0,0.0,0.0,0.0,0.0,0.0,0.0,0.0,0.0
327211,Other,0.9,0.1,0.0,0.0,0.0,0.0,0.0,0.0,0.0,0.0,0.0,0.0,0.0
327211,Coke_and_breeze,0.0,0.0,0.0,0.0,0.0,0.0,0.0,0.0,0.0,0.0,0.0,0.0,0.0
327212,Net_electricity,0.0,0.00125,0.0,0.00125,0.125,0.00125,0.25,0.00125,0.00125,0.0,0.00125,0.125,0.375
327212,Residual_fuel_oil,0.0,0.0,0.0,0.0,0.0,0.0,0.0,0.0,0.0,0.0,0.0,0.0,0.0
327212,Diesel,0.125,0.125,0.125,0.0,0.0,0.0,0.125,0.125,0.0,0.125,0.125,0.0,0.125
327212,Natural_gas,0.125,0.0004166666666666667,0.0,0.0,0.041666666666666664,0.0,0.041666666666666664,0.0004166666666666667,0.0004166666666666667,0.0,0.041666666666666664,0.0004166666666666667,0.7916666666666666
327212,LPG_NGL,0.0,0.0,0.0,0.0,0.14285714285714285,0.0,0.14285714285714285,0.14285714285714285,0.0,0.14285714285714285,0.14285714285714285,0.0,0.14285714285714285
327212,Coal,0.0,0.0,0.0,0.0,0.0,0.0,0.0,0.0,0.0,0.0,0.0,0.0,0.0
327212,Other,0.9,0.1,0.0,0.0,0.0,0.0,0.0,0.0,0.0,0.0,0.0,0.0,0.0
327212,Coke_and_breeze,0.0,0.0,0.0,0.0,0.0,0.0,0.0,0.0,0.0,0.0,0.0,0.0,0.0
327213,Net_electricity,0.0,0.0008333333333333334,0.0,0.0,0.049999999999999996,0.049999999999999996,0.5,0.0008333333333333334,0.0008333333333333334,0.0,0.041666666666666664,0.041666666666666664,0.3333333333333333
327213,Residual_fuel_oil,0.0,0.0,0.0,0.0,0.0,0.0,0.0,0.0,0.0,0.0,0.0,0.0,0.0
327213,Diesel,0.0,0.0,0.14285714285714285,0.0,0.14285714285714285,0.0,0.14285714285714285,0.14285714285714285,0.0,0.14285714285714285,0.14285714285714285,0.0,0.14285714285714285
327213,Natural_gas,0.0002173913043478261,0.0002173913043478261,0.0,0.0,0.043478260869565216,0.0,0.021739130434782608,0.0,0.0002173913043478261,0.0,0.0,0.0002173913043478261,0.9130434782608695
327213,LPG_NGL,0.14285714285714285,0.0,0.0,0.0,0.14285714285714285,0.0,0.14285714285714285,0.14285714285714285,0.14285714285714285,0.0,0.0,0.0,0.14285714285714285
327213,Coal,0.0,0.0,0.0,0.0,0.0,0.0,0.0,0.0,0.0,0.0,0.0,0.0,0.0
327213,Other,0.9,0.1,0.0,0.0,0.0,0.0,0.0,0.0,0.0,0.0,0.0,0.0,0.0
327213,Coke_and_breeze,0.0,0.0,0.0,0.0,0.0,0.0,0.0,0.0,0.0,0.0,0.0,0.0,0.0
327215,Net_electricity,0.0,0.0009090909090909091,0.0,0.06060606063636364,0.09090909090909091,0.09090909090909091,0.2727272727272727,0.0009090909090909091,0.0009090909090909091,0.0009090909090909091,0.06060606063636364,0.06060606063636364,0.36363636363636365
327215,Residual_fuel_oil,1.0,0.0,0.0,0.0,0.0,0.0,0.0,0.0,0.0,0.0,0.0,0.0,0.0
327215,Diesel,0.14285714285714285,0.0,0.14285714285714285,0.0,0.0,0.0,0.14285714285714285,0.14285714285714285,0.0,0.14285714285714285,0.14285714285714285,0.0,0.0
327215,Natural_gas,0.09090909090909091,0.0009090909090909091,0.0009090909090909091,0.0,0.18181818181818182,0.0,0.0009090909090909091,0.0009090909090909091,0.0009090909090909091,0.0009090909090909091,0.0009090909090909091,0.0009090909090909091,0.7272727272727273
327215,LPG_NGL,0.09090909090909091,0.09090909090909091,0.09090909090909091,0.0,0.09090909090909091,0.0,0.09090909090909091,0.09090909090909091,0.09090909090909091,0.09090909090909091,0.09090909090909091,0.0,0.09090909090909091
327215,Coal,0.0,0.0,0.0,0.0,1.0,0.0,0.0,0.0,0.0,0.0,0.0,0.0,0.0
327215,Other,0.9,0.1,0.0,0.0,0.0,0.0,0.0,0.0,0.0,0.0,0.0,0.0,0.0
327215,Coke_and_breeze,0.0,0.0,0.0,0.0,1.0,0.0,0.0,0.0,0.0,0.0,0.0,0.0,0.0
327310,Net_electricity,0.0,0.0002631578947368421,0.0,0.0002631578947368421,0.02631578947368421,0.02631578947368421,0.6842105263157895,0.0002631578947368421,0.0002631578947368421,0.0002631578947368421,0.02631578947368421,0.05263157894736842,0.18421052631578946
327310,Residual_fuel_oil,0.0,0.0,0.0,0.0,0.0,0.0,0.0,0.0,0.0,0.0,0.0,0.0,1.0
327310,Diesel,0.0,0.0,0.0025,0.0,0.0025,0.0,0.25,0.5,0.0,0.0025,0.0025,0.0,0.25
327310,Natural_gas,0.0004761904761904762,0.0,0.0,0.0,0.0004761904761904762,0.0,0.0004761904761904762,0.0,0.0004761904761904762,0.0,0.0,0.0004761904761904762,0.9523809523809523
327310,LPG_NGL,0.0,0.0,0.0,0.0,0.11111111111111112,0.0,0.11111111111111112,0.11111111111111112,0.11111111111111112,0.11111111111111112,0.11111111111111112,0.11111111111111112,0.11111111111111112
327310,Coal,0.006329113924050633,0.0,0.0,0.0,0.0,0.0,0.006329113924050633,0.0,0.0,0.0,0.0,0.0,0.9873417721518988
327310,Other,0.9,0.1,0.0,0.0,0.0,0.0,0.0,0.0,0.0,0.0,0.0,0.0,0.0
327310,Coke_and_breeze,0.006329113924050633,0.0,0.0,0.0,0.0,0.0,0.006329113924050633,0.0,0.0,0.0,0.0,0.0,0.9873417721518988
327410,Net_electricity,0.0,0.002,0.0,0.0,0.002,0.002,0.8,0.002,0.002,0.0,0.002,0.002,0.2
327410,Residual_fuel_oil,0.0,0.0,0.0,0.0,0.0,0.0,0.0,0.0,0.0,0.0,0.0,0.0,0.0
327410,Diesel,0.0,0.0,0.0,0.0,0.0,0.0,0.01,1.0,0.0,0.0,0.01,0.0,0.01
327410,Natural_gas,0.0,0.0,0.0,0.0,0.0016666666666666668,0.0,0.0,0.0,0.0016666666666666668,0.0,0.0,0.0,1.0
327410,LPG_NGL,0.0,0.0,0.0,0.0,0.16666666666666669,0.0,0.16666666666666669,0.16666666666666669,0.0,0.0,0.16666666666666669,0.0,0.16666666666666669
327410,Coal,0.0,0.0,0.0,0.0,0.0,0.0,0.0,0.0,0.0,0.0,0.0,0.0,1.0
327410,Other,0.9,0.1,0.0,0.0,0.0,0.0,0.0,0.0,0.0,0.0,0.0,0.0,0.0
327410,Coke_and_breeze,0.0,0.0,0.0,0.0,0.0,0.0,0.0,0.0,0.0,0.0,0.0,0.0,1.0
327420,Net_electricity,0.0,0.002,0.0,0.0,0.05,0.05,0.6,0.05,0.05,0.0,0.0,0.1,0.1
327420,Residual_fuel_oil,0.0,0.0,0.0,0.0,0.0,0.0,0.0,0.0,0.0,0.0,0.0,0.0,0.0
327420,Diesel,0.0,0.14285714285714285,0.0,0.0,0.14285714285714285,0.0,0.14285714285714285,0.14285714285714285,0.14285714285714285,0.0,0.14285714285714285,0.0,0.14285714285714285
327420,Natural_gas,0.0002127659574468085,0.0002127659574468085,0.0002127659574468085,0.0,0.02127659574468085,0.0,0.0425531914893617,0.0,0.0002127659574468085,0.0,0.0,0.0,0.9148936170212766
327420,LPG_NGL,0.0,0.0,0.0,0.0,0.33333333333333337,0.0,0.0,0.33333333333333337,0.33333333333333337,0.0,0.0,0.0,0.0
327420,Coal,0.0,0.0,0.0,0.0,0.0,0.0,0.0,0.0,0.0,0.0,0.0,0.0,0.0
327420,Other,0.9,0.1,0.0,0.0,0.0,0.0,0.0,0.0,0.0,0.0,0.0,0.0,0.0
327420,Coke_and_breeze,0.0,0.0,0.0,0.0,0.0,0.0,0.0,0.0,0.0,0.0,0.0,0.0,0.0
327993,Net_electricity,0.0,0.0009090909090909091,0.0,0.0009090909090909091,0.0009090909090909091,0.09090909090909091,0.36363636363636365,0.0009090909090909091,0.0009090909090909091,0.0009090909090909091,0.09090909090909091,0.0009090909090909091,0.45454545454545453
327993,Residual_fuel_oil,0.0,0.0,0.0,0.0,0.0,0.0,0.0,0.0,0.0,0.0,0.0,0.0,0.0
327993,Diesel,0.125,0.0,0.125,0.0,0.125,0.0,0.125,0.125,0.125,0.125,0.125,0.0,0.0
327993,Natural_gas,0.0005,0.0005,0.0,0.0,0.1,0.0,0.0005,0.0005,0.0005,0.0005,0.05,0.0005,0.85
327993,LPG_NGL,0.0,0.0,0.0,0.0,0.11111111111111112,0.0,0.11111111111111112,0.11111111111111112,0.11111111111111112,0.11111111111111112,0.11111111111111112,0.11111111111111112,0.11111111111111112
327993,Coal,0.0,0.0,0.0,0.0,0.0,0.0,0.0,0.0,0.0,0.0,0.0,0.0,0.0
327993,Other,0.9,0.1,0.0,0.0,0.0,0.0,0.0,0.0,0.0,0.0,0.0,0.0,0.0
327993,Coke_and_breeze,0.0,0.0,0.0,0.0,0.0,0.0,0.0,0.0,0.0,0.0,0.0,0.0,0.0
331,Net_electricity,0.0,0.004618937644341801,0.0,0.22863741339491916,0.03464203233256351,0.03233256351039261,0.26558891454965355,0.0023094688221709007,0.009237875288683603,0.0023094688221709007,0.016166281755196306,0.013856812933025405,0.3695150115473441
331,Residual_fuel_oil,0.01,0.39,0.0,0.0,0.2,0.0,0.2,0.0,0.0,0.0,0.0,0.0,0.2
331,Diesel,0.0016666666666666668,0.0016666666666666668,0.0016666666666666668,0.0,0.0016666666666666668,0.0,0.0016666666666666668,0.8333333333333334,0.0016666666666666668,0.0016666666666666668,0.0016666666666666668,0.0016666666666666668,0.16666666666666666
331,Natural_gas,0.09642301710730948,0.03576982892690513,1.5552099533437014e-05,0.0,0.060653188180404355,0.0,0.01866251944012442,0.0015552099533437014,0.01088646967340591,0.0015552099533437014,0.05598755832037325,0.007776049766718507,0.702954898911353
331,LPG_NGL,0.0033333333333333335,0.14666666666666667,0.024999999999999998,0.0,0.024999999999999998,0.0,0.0033333333333333335,0.3333333333333333,0.024999999999999998,0.024999999999999998,0.0033333333333333335,0.0033333333333333335,0.3233333333333333
331,Coal,0.0,0.0,0.0,0.0,0.0,0.0,0.0,0.0,0.0,0.0,0.3888888888888889,0.0,0.6111111111111112
331,Other,0.95,0.0,0.0,0.0,0.0,0.0,0.0,0.0,0.0,0.0,0.0,0.0,0.05
331,Coke_and_breeze,0.0,0.0,0.0,0.0,0.0,0.0,0.0,0.0,0.0,0.0,0.3888888888888889,0.0,0.6111111111111112
331110,Net_electricity,0.0,0.004901960784313725,0.0,0.024509803921568627,0.024509803921568627,0.029411764705882353,0.3088235294117647,4.901960784313725e-05,0.00980392156862745,4.901960784313725e-05,0.014705882352941176,0.014705882352941176,0.5294117647058824
331110,Residual_fuel_oil,0.33333333333333337,0.33333333333333337,0.0,0.0,0.0,0.0,0.0,0.0,0.0,0.0,0.0,0.0,0.0
331110,Diesel,0.0,0.0,0.0025,0.0,0.0025,0.0,0.0025,0.75,0.0,0.0025,0.0025,0.0,0.0025
331110,Natural_gas,0.0773067331670823,0.034912718204488775,0.0,0.0,0.034912718204488775,0.0,0.007481296758104738,2.493765586034913e-05,0.00997506234413965,0.0024937655860349127,0.08478802992518704,0.012468827930174564,0.7281795511221946
331110,LPG_NGL,0.09090909090909091,0.0,0.09090909090909091,0.0,0.09090909090909091,0.0,0.09090909090909091,0.09090909090909091,0.09090909090909091,0.09090909090909091,0.09090909090909091,0.09090909090909091,0.09090909090909091
331110,Coal,0.0,0.0,0.0,0.0,0.0,0.0,0.0,0.0,0.0,0.0,0.4117647058823529,0.0,0.6470588235294118
331110,Other,0.9,0.1,0.0,0.0,0.0,0.0,0.0,0.0,0.0,0.0,0.0,0.0,0.0
331110,Coke_and_breeze,0.0,0.0,0.0,0.0,0.0,0.0,0.0,0.0,0.0,0.0,0.4117647058823529,0.0,0.6470588235294118
3312,Net_electricity,0.0,0.00045454545454545455,0.0,0.00045454545454545455,0.045454545454545456,0.045454545454545456,0.5909090909090909,0.00045454545454545455,0.00045454545454545455,0.00045454545454545455,0.00045454545454545455,0.045454545454545456,0.2727272727272727
3312,Residual_fuel_oil,0.0,0.0,0.0,0.0,0.0,0.0,0.0,0.0,0.0,0.0,0.0,0.0,0.0
3312,Diesel,0.01,0.0,0.01,0.0,0.01,0.0,0.01,1.0,0.0,0.0,0.01,0.01,0.01
3312,Natural_gas,0.037037037037037035,0.07407407407407407,0.009259259259259259,0.0,0.1111111111111111,0.0,0.07333333333333333,0.009259259259259259,0.009259259259259259,0.009259259259259259,0.00037037037037037035,0.00037037037037037035,0.6296296296296297
3312,LPG_NGL,0.09999999999999999,0.0,0.09999999999999999,0.0,0.09999999999999999,0.0,0.09999999999999999,0.09999999999999999,0.09999999999999999,0.09999999999999999,0.09999999999999999,0.0,0.09999999999999999
3312,Coal,0.0,0.0,0.0,0.0,0.0,0.0,0.0,0.0,0.0,0.0,0.0,0.0,0.0
3312,Other,0.9,0.1,0.0,0.0,0.0,0.0,0.0,0.0,0.0,0.0,0.0,0.0,0.0
3312,Coke_and_breeze,0.0,0.0,0.0,0.0,0.0,0.0,0.0,0.0,0.0,0.0,0.0,0.0,0.0
3313,Net_electricity,0.0,8.547008547008547e-05,0.0,0.7521367521367521,0.017094017094017096,0.017094017094017096,0.1452991452991453,8.547008547008547e-05,0.008547008547008548,8.547008547008547e-05,8.547008547008547e-05,0.008547008547008548,0.042735042735042736
3313,Residual_fuel_oil,0.0,0.33333333333333337,0.0,0.0,0.33333333333333337,0.0,0.0,0.0,0.0,0.0,0.0,0.0,0.33333333333333337
3313,Diesel,0.0,0.0,0.01,0.0,0.01,0.0,0.01,0.97,0.0,0.01,0.01,0.01,0.01
3313,Natural_gas,0.20512820512820512,0.02564102564102564,8.547008547008547e-05,0.0,0.05982905982905983,0.0,0.042735042735042736,0.0059829059829059825,0.017094017094017096,0.0,8.547008547008547e-05,8.547008547008547e-05,0.6324786324786325
3313,LPG_NGL,0.01,0.01,0.0,0.0,0.01,0.0,0.01,0.01,0.01,0.01,0.01,0.0,0.01
3313,Coal,0.0,0.0,0.0,0.0,0.0,0.0,0.0,0.0,0.0,0.0,0.0,0.0,0.0
3313,Other,0.9,0.1,0.0,0.0,0.0,0.0,0.0,0.0,0.0,0.0,0.0,0.0,0.0
3313,Coke_and_breeze,0.0,0.0,0.0,0.0,0.0,0.0,0.0,0.0,0.0,0.0,0.0,0.0,0.0
331314,Net_electricity,0.0,0.0033333333333333335,0.0,0.0033333333333333335,0.06666666666666667,0.06666666666666667,0.3333333333333333,0.06666666666666667,0.06666666666666667,0.06666666666666667,0.0033333333333333335,0.0033333333333333335,0.3333333333333333
331314,Residual_fuel_oil,0.0,0.0,0.0,0.0,0.0,0.0,0.0,0.0,0.0,0.0,0.0,0.0,0.0
331314,Diesel,0.0,0.0,0.14285714285714285,0.0,0.14285714285714285,0.0,0.14285714285714285,0.14285714285714285,0.0,0.14285714285714285,0.14285714285714285,0.0,0.14285714285714285
331314,Natural_gas,0.000625,0.000625,0.000625,0.0,0.0625,0.0,0.000625,0.0,0.000625,0.0,0.0,0.0,0.875
331314,LPG_NGL,0.0,0.0,0.0,0.0,0.14285714285714285,0.0,0.14285714285714285,0.14285714285714285,0.0,0.14285714285714285,0.14285714285714285,0.0,0.14285714285714285
331314,Coal,0.0,0.0,0.0,0.0,0.0,0.0,0.0,0.0,0.0,0.0,0.0,0.0,0.0
331314,Other,0.9,0.1,0.0,0.0,0.0,0.0,0.0,0.0,0.0,0.0,0.0,0.0,0.0
331314,Coke_and_breeze,0.0,0.0,0.0,0.0,0.0,0.0,0.0,0.0,0.0,0.0,0.0,0.0,0.0
331315,Net_electricity,0.0,0.0006666666666666666,0.0,0.0006666666666666666,0.06666666666666667,0.06666666666666667,0.6666666666666666,0.0006666666666666666,0.0006666666666666666,0.0006666666666666666,0.0006666666666666666,0.0006666666666666666,0.2
331315,Residual_fuel_oil,0.0,0.0,0.0,0.0,0.0,0.0,0.0,0.0,0.0,0.0,0.0,0.0,1.0
331315,Diesel,0.0,0.0,0.0,0.0,0.0,0.0,0.25,0.25,0.0,0.25,0.0,0.25,0.0
331315,Natural_gas,0.00022222222222222223,0.044444444444444446,0.0,0.0,0.08888888888888889,0.0,0.08888888888888889,0.00022222222222222223,0.022222222222222223,0.0,0.00022222222222222223,0.00022222222222222223,0.7555555555555555
331315,LPG_NGL,0.0,0.0,0.0,0.0,0.0,0.0,0.0,0.25,0.25,0.0,0.25,0.0,0.25
331315,Coal,0.0,0.0,0.0,0.0,0.0,0.0,0.0,0.0,0.0,0.0,0.0,0.0,0.0
331315,Other,0.9,0.1,0.0,0.0,0.0,0.0,0.0,0.0,0.0,0.0,0.0,0.0,0.0
331315,Coke_and_breeze,0.0,0.0,0.0,0.0,0.0,0.0,0.0,0.0,0.0,0.0,0.0,0.0,0.0
331318,Net_electricity,0.0,0.0016666666666666668,0.0,0.0016666666666666668,0.0016666666666666668,0.16666666666666666,0.5,0.0016666666666666668,0.0016666666666666668,0.0016666666666666668,0.0016666666666666668,0.0016666666666666668,0.16666666666666666
331318,Residual_fuel_oil,0.0,0.0,0.0,0.0,1.0,0.0,0.0,0.0,0.0,0.0,0.0,0.0,0.0
331318,Diesel,0.0,0.0,0.14285714285714285,0.0,0.14285714285714285,0.0,0.14285714285714285,0.14285714285714285,0.0,0.14285714285714285,0.14285714285714285,0.0,0.0
331318,Natural_gas,0.023076923076923075,0.05384615384615384,0.025615384615384613,0.0,0.07692307692307693,0.0,0.0007692307692307692,0.025615384615384613,0.025615384615384613,0.0,0.0007692307692307692,0.0007692307692307692,0.7692307692307693
331318,LPG_NGL,0.11111111111111112,0.11111111111111112,0.0,0.0,0.11111111111111112,0.0,0.11111111111111112,0.11111111111111112,0.11111111111111112,0.0,0.11111111111111112,0.0,0.11111111111111112
331318,Coal,0.0,0.0,0.0,0.0,0.0,0.0,0.0,0.0,0.0,0.0,0.0,0.0,0.0
331318,Other,0.9,0.1,0.0,0.0,0.0,0.0,0.0,0.0,0.0,0.0,0.0,0.0,0.0
331318,Coke_and_breeze,0.0,0.0,0.0,0.0,0.0,0.0,0.0,0.0,0.0,0.0,0.0,0.0,0.0
3314,Net_electricity,0.0,0.00022727272727272727,0.0,0.13636363636363635,0.045454545454545456,0.022727272727272728,0.22727272727272727,0.00022727272727272727,0.00022727272727272727,0.00022727272727272727,0.06818181818181818,0.022727272727272728,0.4318181818181818
3314,Residual_fuel_oil,0.0,0.0,0.0,0.0,0.0,0.0,0.0,0.0,0.0,0.0,0.0,0.0,0.0
3314,Diesel,0.09999999999999999,0.09999999999999999,0.09999999999999999,0.0,0.09999999999999999,0.0,0.09999999999999999,0.09999999999999999,0.09999999999999999,0.09999999999999999,0.09999999999999999,0.0,0.09999999999999999
3314,Natural_gas,0.10952380952380951,0.08333333333333333,0.0002380952380952381,0.0,0.09523809523809523,0.0,0.0002380952380952381,0.0002380952380952381,0.0002380952380952381,0.0002380952380952381,0.0002380952380952381,0.0,0.6904761904761905
3314,LPG_NGL,0.01,0.01,0.0,0.0,0.01,0.0,0.01,0.01,0.01,0.01,0.01,0.0,1.0
3314,Coal,0.0,0.0,0.0,0.0,0.0,0.0,0.0,0.0,0.0,0.0,1.0,0.0,0.0
3314,Other,0.9,0.1,0.0,0.0,0.0,0.0,0.0,0.0,0.0,0.0,0.0,0.0,0.0
3314,Coke_and_breeze,0.0,0.0,0.0,0.0,0.0,0.0,0.0,0.0,0.0,0.0,1.0,0.0,0.0
331410,Net_electricity,0.0,0.00037037037037037035,0.0,0.2222222222222222,0.037037037037037035,0.00037037037037037035,0.07407407407407407,0.00037037037037037035,0.00037037037037037035,0.00037037037037037035,0.07407407407407407,0.037037037037037035,0.5185185185185185
331410,Residual_fuel_oil,0.0,0.0,0.0,0.0,0.0,0.0,0.0,0.0,0.0,0.0,0.0,0.0,0.0
331410,Diesel,0.125,0.125,0.125,0.0,0.0,0.0,0.125,0.125,0.0,0.125,0.125,0.0,0.125
331410,Natural_gas,0.25,0.125,0.000625,0.0,0.0625,0.0,0.000625,0.000625,0.000625,0.0,0.000625,0.0,0.5625
331410,LPG_NGL,0.0,0.0,0.0,0.0,0.14285714285714285,0.0,0.0,0.14285714285714285,0.14285714285714285,0.14285714285714285,0.14285714285714285,0.0,0.14285714285714285
331410,Coal,0.0,0.0,0.0,0.0,0.0,0.0,0.0,0.0,0.0,0.0,1.0,0.0,0.0
331410,Other,0.9,0.1,0.0,0.0,0.0,0.0,0.0,0.0,0.0,0.0,0.0,0.0,0.0
331410,Coke_and_breeze,0.0,0.0,0.0,0.0,0.0,0.0,0.0,0.0,0.0,0.0,1.0,0.0,0.0
3315,Net_electricity,0.0,0.00022222222222222223,0.0,0.00022222222222222223,0.1111111111111111,0.06666666666666667,0.28888888888888886,0.00022222222222222223,0.022222222222222223,0.00022222222222222223,0.022222222222222223,0.022222222222222223,0.4666666666666667
3315,Residual_fuel_oil,0.0,0.0,0.0,0.0,0.5,0.0,0.5,0.0,0.0,0.0,0.0,0.0,0.0
3315,Diesel,0.01,0.01,0.01,0.0,0.01,0.0,0.01,1.0,0.01,0.01,0.01,0.0,0.01
3315,Natural_gas,0.01818181818181818,0.01818181818181818,0.00018181818181818183,0.0,0.2,0.0,0.01818181818181818,0.00018181818181818183,0.01818181818181818,0.00018181818181818183,0.01818181818181818,0.00018181818181818183,0.7272727272727273
3315,LPG_NGL,0.01,0.09,0.1,0.0,0.1,0.0,0.1,0.1,0.1,0.1,0.1,0.1,0.1
3315,Coal,0.0,0.0,0.0,0.0,0.0,0.0,0.0,0.0,0.0,0.0,0.0,0.0,1.0
3315,Other,0.9,0.1,0.0,0.0,0.0,0.0,0.0,0.0,0.0,0.0,0.0,0.0,0.0
3315,Coke_and_breeze,0.0,0.0,0.0,0.0,0.0,0.0,0.0,0.0,0.0,0.0,0.0,0.0,1.0
331511,Net_electricity,0.0,0.0004761904761904762,0.0,0.0004761904761904762,0.14285714285714285,0.047619047619047616,0.23809523809523808,0.0004761904761904762,0.0004761904761904762,0.0004761904761904762,0.0004761904761904762,0.0004761904761904762,0.47619047619047616
331511,Residual_fuel_oil,0.0,0.0,0.0,0.0,1.0,0.0,0.0,0.0,0.0,0.0,0.0,0.0,0.0
331511,Diesel,0.11111111111111112,0.0,0.11111111111111112,0.0,0.11111111111111112,0.0,0.11111111111111112,0.11111111111111112,0.11111111111111112,0.11111111111111112,0.0,0.0,0.11111111111111112
331511,Natural_gas,0.000625,0.000625,0.0,0.0,0.375,0.0,0.000625,0.0,0.000625,0.000625,0.0625,0.0,0.5625
331511,LPG_NGL,0.09090909090909091,0.09090909090909091,0.09090909090909091,0.0,0.09090909090909091,0.0,0.09090909090909091,0.09090909090909091,0.09090909090909091,0.09090909090909091,0.09090909090909091,0.0,0.09090909090909091
331511,Coal,0.0,0.0,0.0,0.0,0.0,0.0,0.0,0.0,0.0,0.0,0.0,0.0,1.0
331511,Other,0.9,0.1,0.0,0.0,0.0,0.0,0.0,0.0,0.0,0.0,0.0,0.0,0.0
331511,Coke_and_breeze,0.0,0.0,0.0,0.0,0.0,0.0,0.0,0.0,0.0,0.0,0.0,0.0,1.0
331523,Net_electricity,0.0,0.0014285714285714286,0.0,0.0014285714285714286,0.14285714285714285,0.14285714285714285,0.42857142857142855,0.0014285714285714286,0.0014285714285714286,0.0014285714285714286,0.0014285714285714286,0.0014285714285714286,0.2857142857142857
331523,Residual_fuel_oil,0.0,0.0,0.0,0.0,0.0,0.0,0.0,0.0,0.0,0.0,0.0,0.0,0.0
331523,Diesel,0.0,0.0,0.14285714285714285,0.0,0.14285714285714285,0.0,0.14285714285714285,0.14285714285714285,0.14285714285714285,0.14285714285714285,0.14285714285714285,0.0,0.0
331523,Natural_gas,0.0005882352941176471,0.058823529411764705,0.0,0.0,0.11764705882352941,0.0,0.0005882352941176471,0.019588235294117646,0.019588235294117646,0.019588235294117646,0.0005882352941176471,0.0005882352941176471,0.7647058823529411
331523,LPG_NGL,0.0,0.0,0.0,0.0,0.14285714285714285,0.0,0.14285714285714285,0.14285714285714285,0.14285714285714285,0.0,0.14285714285714285,0.0,0.14285714285714285
331523,Coal,0.0,0.0,0.0,0.0,0.0,0.0,0.0,0.0,0.0,0.0,0.0,0.0,0.0
331523,Other,0.9,0.1,0.0,0.0,0.0,0.0,0.0,0.0,0.0,0.0,0.0,0.0,0.0
331523,Coke_and_breeze,0.0,0.0,0.0,0.0,0.0,0.0,0.0,0.0,0.0,0.0,0.0,0.0,0.0
331524,Net_electricity,0.0,0.0033333333333333335,0.0,0.0033333333333333335,0.06666666666666667,0.06666666666666667,0.3333333333333333,0.06666666666666667,0.06666666666666667,0.06666666666666667,0.0033333333333333335,0.0033333333333333335,0.3333333333333333
331524,Residual_fuel_oil,0.0,0.0,0.0,0.0,0.0,0.0,1.0,0.0,0.0,0.0,0.0,0.0,0.0
331524,Diesel,0.14285714285714285,0.14285714285714285,0.0,0.0,0.14285714285714285,0.0,0.14285714285714285,0.14285714285714285,0.0,0.0,0.14285714285714285,0.0,0.14285714285714285
331524,Natural_gas,0.00125,0.00125,0.00125,0.0,0.125,0.0,0.00125,0.00125,0.00125,0.0,0.00125,0.00125,0.875
331524,LPG_NGL,0.09999999999999999,0.09999999999999999,0.0,0.0,0.09999999999999999,0.0,0.09999999999999999,0.09999999999999999,0.09999999999999999,0.09999999999999999,0.09999999999999999,0.0,0.09999999999999999
331524,Coal,0.0,0.0,0.0,0.0,0.0,0.0,0.0,0.0,0.0,0.0,0.0,0.0,0.0
331524,Other,0.9,0.1,0.0,0.0,0.0,0.0,0.0,0.0,0.0,0.0,0.0,0.0,0.0
331524,Coke_and_breeze,0.0,0.0,0.0,0.0,0.0,0.0,0.0,0.0,0.0,0.0,0.0,0.0,0.0
332,Net_electricity,0.0,0.014055944055944054,0.0,0.03496503496503497,0.15384615384615385,0.09090909090909091,0.42657342657342656,0.006993006993006993,0.03496503496503497,6.993006993006993e-05,0.03496503496503497,0.03496503496503497,0.15384615384615385
332,Residual_fuel_oil,0.0,0.0,0.0,0.0,0.0,0.0,0.0,0.0,0.0,0.0,0.0,0.0,0.0
332,Diesel,0.0,0.0,0.005,0.0,0.485,0.0,0.005,0.5,0.005,0.005,0.005,0.0,0.005
332,Natural_gas,0.08376963350785341,0.020942408376963352,5.2356020942408376e-05,0.0,0.2356020942408377,0.0,0.02617801047120419,5.2356020942408376e-05,0.010471204188481676,5.2356020942408376e-05,0.010418848167539267,5.2356020942408376e-05,0.581151832460733
332,LPG_NGL,0.0014285714285714286,0.0014285714285714286,0.0,0.0,0.28285714285714286,0.0,0.0014285714285714286,0.5714285714285714,0.0014285714285714286,0.0014285714285714286,0.0014285714285714286,0.0,0.13999999999999999
332,Coal,0.0,0.0,0.0,0.0,0.0,0.0,0.0,0.0,0.0,0.0,0.0,0.0,0.0
332,Other,0.9,0.1,0.0,0.0,0.0,0.0,0.0,0.0,0.0,0.0,0.0,0.0,0.0
332,Coke_and_breeze,0.0,0.0,0.0,0.0,0.0,0.0,0.0,0.0,0.0,0.0,0.0,0.0,0.0
333,Net_electricity,0.0,0.0125,0.0,0.0125,0.2,0.1375,0.4125,0.0125,0.0375,0.000125,0.025,0.0375,0.1
333,Residual_fuel_oil,0.0,0.0,0.0,0.0,0.5,0.0,0.0,0.0,0.0,0.5,0.0,0.0,0.0
333,Diesel,0.002,0.002,0.002,0.0,0.002,0.0,0.002,0.002,0.386,0.002,0.6,0.002,0.0
333,Natural_gas,0.1388888888888889,0.05555555555555555,0.0001388888888888889,0.0,0.4305555555555556,0.0,0.027777777777777776,0.0001388888888888889,0.013888888888888888,0.0001388888888888889,0.06930555555555556,0.0001388888888888889,0.25
333,LPG_NGL,0.0033333333333333335,0.0,0.0033333333333333335,0.0,0.3233333333333333,0.0,0.0033333333333333335,0.3333333333333333,0.0033333333333333335,0.0033333333333333335,0.16666666666666666,0.0033333333333333335,0.16
333,Coal,1.0,0.0,0.0,0.0,0.0,0.0,0.0,0.0,0.0,0.0,0.0,0.0,0.0
333,Other,0.9,0.1,0.0,0.0,0.0,0.0,0.0,0.0,0.0,0.0,0.0,0.0,0.0
333,Coke_and_breeze,1.0,0.0,0.0,0.0,0.0,0.0,0.0,0.0,0.0,0.0,0.0,0.0,0.0
334,Net_electricity,0.0,0.008928571428571428,0.0,0.026785714285714284,0.24107142857142858,0.08928571428571429,0.23214285714285715,8.928571428571429e-05,0.05357142857142857,0.017857142857142856,0.07142857142857142,0.11607142857142858,0.11607142857142858
334,Residual_fuel_oil,0.0,0.0,0.0,0.0,1.0,0.0,0.0,0.0,0.0,0.0,0.0,0.0,0.0
334,Diesel,0.0,0.01,0.01,0.0,0.01,0.0,0.01,0.01,0.01,0.01,0.01,0.0,0.01
334,Natural_gas,0.10638297872340426,0.23404255319148937,0.0002127659574468085,0.0,0.3191489361702128,0.0,0.0002127659574468085,0.0002127659574468085,0.02127659574468085,0.02127659574468085,0.0851063829787234,0.0002127659574468085,0.2127659574468085
334,LPG_NGL,0.09999999999999999,0.09999999999999999,0.0,0.0,0.09999999999999999,0.0,0.09999999999999999,0.09999999999999999,0.09999999999999999,0.09999999999999999,0.09999999999999999,0.0,0.09999999999999999
334,Coal,0.0,0.0,0.0,0.0,0.0,0.0,0.0,0.0,0.0,0.0,0.0,0.0,0.0
334,Other,0.9,0.1,0.0,0.0,0.0,0.0,0.0,0.0,0.0,0.0,0.0,0.0,0.0
334,Coke_and_breeze,0.0,0.0,0.0,0.0,0.0,0.0,0.0,0.0,0.0,0.0,0.0,0.0,0.0
334413,Net_electricity,0.0,0.015384615384615385,0.0,0.03076923076923077,0.23076923076923078,0.06153846153846154,0.23076923076923078,0.00015384615384615385,0.046153846153846156,0.03076923076923077,0.09230769230769231,0.13846153846153847,0.12307692307692308
334413,Residual_fuel_oil,0.0,0.0,0.0,0.0,1.0,0.0,0.0,0.0,0.0,0.0,0.0,0.0,0.0
334413,Diesel,0.0,0.125,0.125,0.0,0.125,0.0,0.125,0.125,0.125,0.125,0.125,0.0,0.0
334413,Natural_gas,0.08333333333333333,0.3333333333333333,0.0004166666666666667,0.0,0.2916666666666667,0.0,0.0004166666666666667,0.0,0.0004166666666666667,0.041666666666666664,0.125,0.0004166666666666667,0.125
334413,LPG_NGL,0.14285714285714285,0.14285714285714285,0.0,0.0,0.14285714285714285,0.0,0.14285714285714285,0.14285714285714285,0.14285714285714285,0.14285714285714285,0.0,0.0,0.0
334413,Coal,0.0,0.0,0.0,0.0,0.0,0.0,0.0,0.0,0.0,0.0,0.0,0.0,0.0
334413,Other,0.9,0.1,0.0,0.0,0.0,0.0,0.0,0.0,0.0,0.0,0.0,0.0,0.0
334413,Coke_and_breeze,0.0,0.0,0.0,0.0,0.0,0.0,0.0,0.0,0.0,0.0,0.0,0.0,0.0
335,Net_electricity,0.0,0.00025,0.0,0.075,0.175,0.1,0.275,0.00025,0.025,0.00025,0.025,0.075,0.225
335,Residual_fuel_oil,0.0,0.0,0.0,0.0,0.0,0.0,0.0,0.0,0.0,0.0,0.0,0.0,0.0
335,Diesel,0.0,0.0,0.125,0.0,0.125,0.0,0.125,0.125,0.125,0.125,0.0,0.0,0.125
335,Natural_gas,0.037037037037037035,0.07407407407407407,0.0,0.0,0.2222222222222222,0.0,0.00037037037037037035,0.0,0.00037037037037037035,0.00037037037037037035,0.00037037037037037035,0.00037037037037037035,0.5925925925925926
335,LPG_NGL,0.0,0.01,0.1955,0.0,0.1955,0.0,0.0,0.1955,0.1955,0.2,0.0,0.0,0.01
335,Coal,0.0,0.0,0.0,0.0,0.0,0.0,0.0,0.0,0.0,0.0,0.0,0.0,0.0
335,Other,0.9,0.1,0.0,0.0,0.0,0.0,0.0,0.0,0.0,0.0,0.0,0.0,0.0
335,Coke_and_breeze,0.0,0.0,0.0,0.0,0.0,0.0,0.0,0.0,0.0,0.0,0.0,0.0,0.0
336,Net_electricity,0.0,0.006493506493506494,0.0,0.006493506493506494,0.18831168831168832,0.12337662337662338,0.38311688311688313,0.012987012987012988,0.03896103896103896,0.012987012987012988,0.045454545454545456,0.05194805194805195,0.11038961038961038
336,Residual_fuel_oil,0.0,1.0,0.0,0.0,0.0,0.0,0.0,0.0,0.0,0.0,0.0,0.0,0.0
336,Diesel,0.0025,0.0025,0.0025,0.0,0.0025,0.0,0.4875,0.25,0.0025,0.2425,0.0025,0.0,0.0025
336,Natural_gas,0.04827586206896552,0.11724137931034483,0.006827586206896552,0.0,0.33793103448275863,0.0,0.020620689655172414,6.896551724137931e-05,0.013793103448275862,0.020689655172413793,0.034482758620689655,6.896551724137931e-05,0.38620689655172413
336,LPG_NGL,0.0,0.0125,0.0625,0.0,0.0625,0.0,0.0625,0.5,0.0625,0.0625,0.0625,0.0625,0.0625
336,Coal,0.01,1.0,0.0,0.0,0.0,0.0,0.0,0.0,0.0,0.0,0.0,0.0,0.0
336,Other,0.9,0.1,0.0,0.0,0.0,0.0,0.0,0.0,0.0,0.0,0.0,0.0,0.0
336,Coke_and_breeze,0.01,1.0,0.0,0.0,0.0,0.0,0.0,0.0,0.0,0.0,0.0,0.0,0.0
336111,Net_electricity,0.0,0.008333333333333333,0.0,0.0008333333333333334,0.16666666666666666,0.16666666666666666,0.4166666666666667,0.0008333333333333334,0.0008333333333333334,0.0008333333333333334,0.0008333333333333334,0.08333333333333333,0.08333333333333333
336111,Residual_fuel_oil,0.0,0.0,0.0,0.0,0.0,0.0,0.0,0.0,0.0,0.0,0.0,0.0,0.0
336111,Diesel,0.125,0.0,0.125,0.0,0.125,0.0,0.125,0.125,0.125,0.125,0.125,0.0,0.0
336111,Natural_gas,0.0005263157894736842,0.10526315789473684,0.0005263157894736842,0.0,0.2631578947368421,0.0,0.0,0.0005263157894736842,0.0005263157894736842,0.0,0.05263157894736842,0.0,0.5263157894736842
336111,LPG_NGL,0.0,0.19999999999999998,0.0,0.0,0.19999999999999998,0.0,0.0,0.19999999999999998,0.19999999999999998,0.0,0.0,0.0,0.19999999999999998
336111,Coal,0.0,1.0,0.0,0.0,0.0,0.0,0.0,0.0,0.0,0.0,0.0,0.0,0.0
336111,Other,0.9,0.1,0.0,0.0,0.0,0.0,0.0,0.0,0.0,0.0,0.0,0.0,0.0
336111,Coke_and_breeze,0.0,1.0,0.0,0.0,0.0,0.0,0.0,0.0,0.0,0.0,0.0,0.0,0.0
336112,Net_electricity,0.0,0.0008333333333333334,0.0,0.041666666666666664,0.16666666666666666,0.08333333333333333,0.4166666666666667,0.027749999999999997,0.027749999999999997,0.027749999999999997,0.08333333333333333,0.08333333333333333,0.041666666666666664
336112,Residual_fuel_oil,0.0,0.0,0.0,0.0,0.0,0.0,0.0,0.0,0.0,0.0,0.0,0.0,0.0
336112,Diesel,0.0,0.0,0.14285714285714285,0.0,0.0,0.0,0.14285714285714285,0.14285714285714285,0.14285714285714285,0.14285714285714285,0.14285714285714285,0.0,0.0
336112,Natural_gas,0.04,0.16,0.0,0.0,0.24,0.0,0.0004,0.0004,0.0004,0.0,0.04,0.0004,0.52
336112,LPG_NGL,0.0,0.0,0.0,0.0,0.25,0.0,0.0,0.25,0.0,0.25,0.25,0.0,0.0
336112,Coal,0.0,1.0,0.0,0.0,0.0,0.0,0.0,0.0,0.0,0.0,0.0,0.0,0.0
336112,Other,0.9,0.1,0.0,0.0,0.0,0.0,0.0,0.0,0.0,0.0,0.0,0.0,0.0
336112,Coke_and_breeze,0.0,1.0,0.0,0.0,0.0,0.0,0.0,0.0,0.0,0.0,0.0,0.0,0.0
3364,Net_electricity,0.0,0.0003125,0.0,0.0003125,0.25,0.1875,0.21875,0.0003125,0.0625,0.0003125,0.03125,0.0625,0.125
3364,Residual_fuel_oil,0.0,1.0,0.0,0.0,0.0,0.0,0.0,0.0,0.0,0.0,0.0,0.0,0.0
3364,Diesel,0.0053191489361702135,0.0053191489361702135,0.0053191489361702135,0.0,0.0053191489361702135,0.0,0.42021276595744683,0.5319148936170213,0.0053191489361702135,0.0053191489361702135,0.0053191489361702135,0.0,0.0053191489361702135
3364,Natural_gas,0.13793103448275862,0.27586206896551724,0.03379310344827586,0.0,0.3448275862068966,0.0,0.0003448275862068966,0.0003448275862068966,0.034482758620689655,0.0003448275862068966,0.034482758620689655,0.0003448275862068966,0.13793103448275862
3364,LPG_NGL,0.0,0.09090909090909091,0.09090909090909091,0.0,0.09090909090909091,0.0,0.09090909090909091,0.09090909090909091,0.09090909090909091,0.09090909090909091,0.09090909090909091,0.09090909090909091,0.09090909090909091
3364,Coal,0.0,0.0,0.0,0.0,0.0,0.0,0.0,0.0,0.0,0.0,0.0,0.0,0.0
3364,Other,0.9,0.1,0.0,0.0,0.0,0.0,0.0,0.0,0.0,0.0,0.0,0.0,0.0
3364,Coke_and_breeze,0.0,0.0,0.0,0.0,0.0,0.0,0.0,0.0,0.0,0.0,0.0,0.0,0.0
336411,Net_electricity,0.0,0.0009090909090909091,0.0,0.03027272727272727,0.2727272727272727,0.2727272727272727,0.18181818181818182,0.0009090909090909091,0.09090909090909091,0.0009090909090909091,0.03027272727272727,0.03027272727272727,0.09090909090909091
336411,Residual_fuel_oil,0.0,1.0,0.0,0.0,0.0,0.0,0.0,0.0,0.0,0.0,0.0,0.0,0.0
336411,Diesel,0.0,0.005263157894736843,0.0,0.0,0.005263157894736843,0.0,0.5263157894736842,0.45263157894736844,0.0,0.005263157894736843,0.0,0.0,0.005263157894736843
336411,Natural_gas,0.05,0.35,0.001,0.0,0.5,0.0,0.001,0.001,0.001,0.001,0.001,0.001,0.1
336411,LPG_NGL,0.0,0.125,0.0,0.0,0.125,0.0,0.125,0.125,0.125,0.0,0.0,0.125,0.125
336411,Coal,0.0,0.0,0.0,0.0,0.0,0.0,0.0,0.0,0.0,0.0,0.0,0.0,0.0
336411,Other,0.9,0.1,0.0,0.0,0.0,0.0,0.0,0.0,0.0,0.0,0.0,0.0,0.0
336411,Coke_and_breeze,0.0,0.0,0.0,0.0,0.0,0.0,0.0,0.0,0.0,0.0,0.0,0.0,0.0
337,Net_electricity,0.0,0.0005882352941176471,0.0,0.0005882352941176471,0.17647058823529413,0.17647058823529413,0.47058823529411764,0.0005882352941176471,0.058823529411764705,0.0005882352941176471,0.0005882352941176471,0.0005882352941176471,0.058823529411764705
337,Residual_fuel_oil,0.0,0.0,0.0,0.0,0.0,0.0,0.0,0.0,0.0,0.0,0.0,0.0,0.0
337,Diesel,0.14285714285714285,0.0,0.14285714285714285,0.0,0.14285714285714285,0.0,0.0,0.14285714285714285,0.14285714285714285,0.14285714285714285,0.0,0.0,0.14285714285714285
337,Natural_gas,0.06533333333333333,0.0006666666666666666,0.0006666666666666666,0.0,0.4666666666666667,0.0,0.0006666666666666666,0.0006666666666666666,0.0006666666666666666,0.0006666666666666666,0.0,0.0006666666666666666,0.4
337,LPG_NGL,0.01,0.01,0.2,0.0,0.2,0.0,0.01,0.2,0.2,0.2,0.01,0.01,0.01
337,Coal,0.0,0.33333333333333337,0.0,0.0,0.33333333333333337,0.0,0.0,0.0,0.0,0.0,0.0,0.0,0.33333333333333337
337,Other,0.9,0.1,0.0,0.0,0.0,0.0,0.0,0.0,0.0,0.0,0.0,0.0,0.0
337,Coke_and_breeze,0.0,0.33333333333333337,0.0,0.0,0.33333333333333337,0.0,0.0,0.0,0.0,0.0,0.0,0.0,0.33333333333333337
339,Net_electricity,0.0,0.0003448275862068966,0.0,0.0003448275862068966,0.2413793103448276,0.13793103448275862,0.3103448275862069,0.0003448275862068966,0.034482758620689655,0.0003448275862068966,0.034482758620689655,0.06896551724137931,0.10344827586206896
339,Residual_fuel_oil,0.0,0.0,0.0,0.0,0.5,0.0,0.0,0.0,0.5,0.0,0.0,0.0,0.0
339,Diesel,0.8620689655172414,0.01724137931034483,0.01724137931034483,0.0,0.01724137931034483,0.0,0.01724137931034483,0.01724137931034483,0.0,0.01724137931034483,0.01724137931034483,0.0,0.01724137931034483
339,Natural_gas,0.4226923076923077,0.038461538461538464,0.07615384615384616,0.0,0.23076923076923078,0.0,0.0003846153846153846,0.0003846153846153846,0.038461538461538464,0.0003846153846153846,0.03769230769230769,0.0003846153846153846,0.15384615384615385
339,LPG_NGL,0.0,0.0,0.1,0.0,0.1,0.0,0.125,0.1,0.1,0.1,0.125,0.125,0.125
339,Coal,0.0,0.0,0.0,0.0,0.0,0.0,0.0,0.0,0.0,0.0,0.0,0.0,0.0
339,Other,0.9,0.1,0.0,0.0,0.0,0.0,0.0,0.0,0.0,0.0,0.0,0.0,0.0
339,Coke_and_breeze,0.0,0.0,0.0,0.0,0.0,0.0,0.0,0.0,0.0,0.0,0.0,0.0,0.0
