,COUNTY_FIPS,naics,PRIMARY_NAICS_CODE_12,SECONDARY_NAICS_CODE_12,COUNTY,FACILITY_NAME,FACILITY_ID,naics_4n,pn_4n,sn_4n
4,1005.0,212325.0,212324.0,212324.0,BARBOUR COUNTY,CARBO Ceramics Inc. - Eufaula Plant,1004334.0,2123.0,2123.0,2123.0
86,1015.0,325194.0,325199.0,325199.0,CALHOUN COUNTY,SOLUTIA INC ANNISTON PLANT,1000708.0,3251.0,3251.0,3251.0
149,1023.0,322121.0,322110.0,322110.0,CHOCTAW COUNTY,GEORGIA-PACIFIC CONSUMER PRODUCTS LP,1006962.0,3221.0,3221.0,3221.0
207,1033.0,331315.0,331314.0,331314.0,COLBERT,"WISE ALLOYS, LLC - Alabama Reclamation Plant",1003213.0,3313.0,3313.0,3313.0
208,1033.0,331318.0,331314.0,331314.0,COLBERT,"WISE ALLOYS, LLC - Alabama Reclamation Plant",1003213.0,3313.0,3313.0,3313.0
300,1053.0,211111.0,211112.0,211112.0,ESCAMBIA,"Big Escambia Creek Gas Production, Treating and Processing Facility (BEC)	",1002251.0,2111.0,2111.0,2111.0
408,1071.0,322130.0,322121.0,322121.0,JACKSON,"WestRock CP, LLC - Stevenson Mill",1008553.0,3221.0,3221.0,3221.0
425,1071.0,327410.0,327420.0,327420.0,JACKSON COUNTY,US GYPSUM - BRIDGEPORT PLANT,1002052.0,3274.0,3274.0,3274.0
472,1073.0,212111.0,212113.0,212113.0,JEFFERSON,OAK GROVE MINE,1004512.0,2121.0,2121.0,2121.0
473,1073.0,212112.0,212113.0,212113.0,JEFFERSON,OAK GROVE MINE,1004512.0,2121.0,2121.0,2121.0
815,1093.0,326191.0,326113.0,326113.0,MARION,3M CO - GUIN,1003739.0,3261.0,3261.0,3261.0
933,1097.0,331491.0,331410.0,331410.0,MOBILE COUNTY,MITSUBISHI POLYCRYSTALLINE SILICON AMERICAN CORPORATION,1002393.0,3314.0,3314.0,3314.0
1020,1113.0,322130.0,322121.0,322121.0,Russell,"WestRock Coated Board, LLC",1000262.0,3221.0,3221.0,3221.0
1047,1119.0,212321.0,212399.0,212399.0,SUMTER COUNTY,"TRN LW BR, LLC Livingston DIV",1005835.0,2123.0,2123.0,2123.0
1159,1125.0,336112.0,336111.0,336111.0,TUSCALOOSA COUNTY,MERCEDES-BENZ US INTERNATIONAL INC,1004249.0,3361.0,3361.0,3361.0
1206,2110.0,212221.0,212231.0,212231.0,JUNEAU,Hecla Greens Creek Mine,1006162.0,2122.0,2122.0,2122.0
1207,2110.0,212222.0,212231.0,212231.0,JUNEAU,Hecla Greens Creek Mine,1006162.0,2122.0,2122.0,2122.0
1453,4025.0,327420.0,327410.0,327410.0,YAVAPAI,LHOIST NORTH AMERICA,1006911.0,3274.0,3274.0,3274.0
1568,5003.0,322121.0,322110.0,322110.0,ASHLEY,"GEORGIA-PACIFIC, LLC-CROSSETT",1007214.0,3221.0,3221.0,3221.0
1617,5027.0,211111.0,211112.0,211112.0,COLUMBIA COUNTY,Bonanza Creek Energy -  Dorcheat Plant,1010271.0,2111.0,2111.0,2111.0
1672,5027.0,325199.0,325180.0,325180.0,COLUMBIA,ALBEMARLE CORPORATION-SOUTH PLANT,1004307.0,3251.0,3251.0,3251.0
1700,5029.0,211111.0,211112.0,211112.0,CONWAY COUNTY,POINT REMOVE COMPRESSOR STATION,1005889.0,2111.0,2111.0,2111.0
1843,5069.0,322130.0,322121.0,322121.0,JEFFERSON,EVERGREEN PACKAGING-PINE BLUFF,1003501.0,3221.0,3221.0,3221.0
1844,5069.0,322130.0,322121.0,322121.0,JEFFERSON,"Mondi Bags USA, LLC",1003633.0,3221.0,3221.0,3221.0
2035,5125.0,327992.0,327910.0,327910.0,SALINE COUNTY,ALMATIS INC - BAUXITE ARKANSAS,1004327.0,3279.0,3279.0,3279.0
2036,5125.0,327999.0,327910.0,327910.0,SALINE COUNTY,ALMATIS INC - BAUXITE ARKANSAS,1004327.0,3279.0,3279.0,3279.0
2141,5131.0,327910.0,327992.0,327992.0,SEBASTIAN COUNTY,SAINT GOBAIN PROPPANTS (FS),1004609.0,3279.0,3279.0,3279.0
2142,5131.0,327991.0,327992.0,327992.0,SEBASTIAN COUNTY,SAINT GOBAIN PROPPANTS (FS),1004609.0,3279.0,3279.0,3279.0
2143,5131.0,327993.0,327992.0,327992.0,SEBASTIAN COUNTY,SAINT GOBAIN PROPPANTS (FS),1004609.0,3279.0,3279.0,3279.0
2144,5131.0,327999.0,327992.0,327992.0,SEBASTIAN COUNTY,SAINT GOBAIN PROPPANTS (FS),1004609.0,3279.0,3279.0,3279.0
2201,5145.0,211111.0,486210.0,211112.0,WHITE,"NGPL Station 307, Searcy, AR",1002918.0,2111.0,4862.0,2111.0
2427,6037.0,324110.0,324199.0,324199.0,LOS ANGELES COUNTY,DEMENNO KERDOON,1006861.0,3241.0,3241.0,3241.0
2428,6037.0,324121.0,324199.0,324199.0,LOS ANGELES COUNTY,DEMENNO KERDOON,1006861.0,3241.0,3241.0,3241.0
2429,6037.0,324122.0,324199.0,324199.0,LOS ANGELES COUNTY,DEMENNO KERDOON,1006861.0,3241.0,3241.0,3241.0
2430,6037.0,324191.0,324199.0,324199.0,LOS ANGELES COUNTY,DEMENNO KERDOON,1006861.0,3241.0,3241.0,3241.0
2843,6071.0,213111.0,213114.0,213114.0,SAN BERNARDINO,"Molycorp Minerals, LLC - Mountain Pass Mine",1010550.0,2131.0,2131.0,2131.0
2844,6071.0,213112.0,213114.0,213114.0,SAN BERNARDINO,"Molycorp Minerals, LLC - Mountain Pass Mine",1010550.0,2131.0,2131.0,2131.0
3335,6083.0,324121.0,324110.0,324110.0,SANTA BARBARA COUNTY,Greka Refining Company,1011345.0,3241.0,3241.0,3241.0
3337,6083.0,324191.0,324110.0,324110.0,SANTA BARBARA COUNTY,Greka Refining Company,1011345.0,3241.0,3241.0,3241.0
3730,8045.0,211111.0,211112.0,211112.0,Garfield,"BARGATH, INC.- PARACHUTE",1002943.0,2111.0,2111.0,2111.0
3901,8059.0,327991.0,327992.0,327992.0,JEFFERSON COUNTY,WESTERN AGGREGATES INCORPORATED,1004379.0,3279.0,3279.0,3279.0
4117,8103.0,211111.0,211112.0,211112.0,RIO BLANCO COUNTY,Koch Meeker Gas Plant,1010030.0,2111.0,2111.0,2111.0
4119,8103.0,211111.0,211112.0,211112.0,RIO BLANCO,ENCANA OIL AND GAS USA - DRAGON TRAIL GAS PLANT - 08-103-00036,1003447.0,2111.0,2111.0,2111.0
4203,8107.0,212112.0,212111.0,212111.0,ROUTT COUNTY,Twentymile Mine,1001682.0,2121.0,2121.0,2121.0
4306,9011.0,322130.0,322121.0,322121.0,NEW LONDON,RAND-WHITNEY CONTAINERBOARD LP,1003488.0,3221.0,3221.0,3221.0
4439,12033.0,322130.0,322121.0,322110.0,ESCAMBIA,International Paper - Pensacola Mill,1000196.0,3221.0,3221.0,3221.0
4511,13005.0,311611.0,311613.0,311613.0,BACON COUNTY,American Proteins Inc./Alma Division,1011723.0,3116.0,3116.0,3116.0
4512,13005.0,311612.0,311613.0,311613.0,BACON COUNTY,American Proteins Inc./Alma Division,1011723.0,3116.0,3116.0,3116.0
4615,13021.0,339920.0,339999.0,339999.0,BIBB,Armstrong World Industries Inc,1006883.0,3399.0,3399.0,3399.0
4616,13021.0,339950.0,339999.0,339999.0,BIBB,Armstrong World Industries Inc,1006883.0,3399.0,3399.0,3399.0
4617,13021.0,339993.0,339999.0,339999.0,BIBB,Armstrong World Industries Inc,1006883.0,3399.0,3399.0,3399.0
4681,13051.0,324121.0,324110.0,324110.0,CHATHAM COUNTY,Epic Midstream Savannah - North,1003006.0,3241.0,3241.0,3241.0
4682,13051.0,324122.0,324110.0,324110.0,CHATHAM COUNTY,Epic Midstream Savannah - North,1003006.0,3241.0,3241.0,3241.0
4683,13051.0,324191.0,324110.0,324110.0,CHATHAM COUNTY,Epic Midstream Savannah - North,1003006.0,3241.0,3241.0,3241.0
4830,13175.0,322130.0,322121.0,322121.0,LAURENS,"SP Fiber Technologies Southeast, LLC",1000240.0,3221.0,3221.0,3221.0
4921,13245.0,322122.0,322121.0,322110.0,RICHMOND,International Paper - Augusta Mill,1006731.0,3221.0,3221.0,3221.0
4922,13245.0,322130.0,322121.0,322110.0,RICHMOND,International Paper - Augusta Mill,1006731.0,3221.0,3221.0,3221.0
5109,16069.0,322121.0,322110.0,322220.0,NEZ PERCE COUNTY,CLEARWATER PAPER CORP,1004705.0,3221.0,3221.0,3222.0
5110,16069.0,322130.0,322110.0,322220.0,NEZ PERCE COUNTY,CLEARWATER PAPER CORP,1004705.0,3221.0,3221.0,3222.0
5111,16069.0,322219.0,322110.0,322220.0,NEZ PERCE COUNTY,CLEARWATER PAPER CORP,1004705.0,3222.0,3221.0,3222.0
5200,17007.0,336111.0,336112.0,336112.0,BOONE,FCA Belvidere Assembly Plant,1002357.0,3361.0,3361.0,3361.0
5237,17021.0,322110.0,322121.0,322121.0,CHRISTIAN COUNTY,"Ahlstrom Filtration, LLC.",1011038.0,3221.0,3221.0,3221.0
5294,17041.0,325180.0,325193.0,325193.0,Douglas,Equistar Tuscola Plant,1007110.0,3251.0,3251.0,3251.0
5295,17041.0,325199.0,325193.0,325193.0,Douglas,Equistar Tuscola Plant,1007110.0,3251.0,3251.0,3251.0
5650,17093.0,333111.0,333120.0,333120.0,KENDALL,Caterpillar Inc,1003985.0,3331.0,3331.0,3331.0
5854,17141.0,325180.0,325193.0,325193.0,OGLE,CHS-Rochelle,1004276.0,3251.0,3251.0,3251.0
5930,17161.0,311612.0,311611.0,311611.0,ROCK ISLAND,TYSON FRESH MEATS INC,1000037.0,3116.0,3116.0,3116.0
6061,17163.0,324121.0,324191.0,324191.0,ST. CLAIR COUNTY,AFTON CHEMICAL CORP,1003853.0,3241.0,3241.0,3241.0
6166,17179.0,312112.0,312140.0,312140.0,TAZEWELL,ILLINOIS CORN PROCESSING LLC,1004861.0,3121.0,3121.0,3121.0
6167,17179.0,312113.0,312140.0,312140.0,TAZEWELL,ILLINOIS CORN PROCESSING LLC,1004861.0,3121.0,3121.0,3121.0
6168,17179.0,312130.0,312140.0,312140.0,TAZEWELL,ILLINOIS CORN PROCESSING LLC,1004861.0,3121.0,3121.0,3121.0
6282,17183.0,311211.0,311224.0,311224.0,VERMILION COUNTY,BUNGE MILLING INC,1005954.0,3112.0,3112.0,3112.0
6284,17183.0,311225.0,311224.0,311224.0,VERMILION COUNTY,BUNGE MILLING INC,1005954.0,3112.0,3112.0,3112.0
6286,17183.0,311230.0,311224.0,311224.0,VERMILION COUNTY,BUNGE MILLING INC,1005954.0,3112.0,3112.0,3112.0
6569,17197.0,325120.0,325194.0,325194.0,Will,"Flint Hills Resources Joliet, LLC",1009505.0,3251.0,3251.0,3251.0
6571,17197.0,325130.0,325194.0,325194.0,Will,"Flint Hills Resources Joliet, LLC",1009505.0,3251.0,3251.0,3251.0
6573,17197.0,325180.0,325194.0,325194.0,Will,"Flint Hills Resources Joliet, LLC",1009505.0,3251.0,3251.0,3251.0
6575,17197.0,325199.0,325194.0,325194.0,Will,"Flint Hills Resources Joliet, LLC",1009505.0,3251.0,3251.0,3251.0
6913,18005.0,331511.0,331524.0,331524.0,BARTHOLOMEW COUNTY,ENKEI AMERICA INC,1003141.0,3315.0,3315.0,3315.0
7017,18027.0,311611.0,311613.0,311613.0,DAVIESS,Griffin Industries LLC,1011551.0,3116.0,3116.0,3116.0
7019,18027.0,311615.0,311613.0,311613.0,DAVIESS,Griffin Industries LLC,1011551.0,3116.0,3116.0,3116.0
7197,18067.0,334412.0,334413.0,334413.0,HOWARD COUNTY,General Motors Components Holdings LLC,1010579.0,3344.0,3344.0,3344.0
7199,18067.0,334418.0,334413.0,334413.0,HOWARD COUNTY,General Motors Components Holdings LLC,1010579.0,3344.0,3344.0,3344.0
7323,18095.0,311514.0,311511.0,311511.0,MADISON,Nestle USA Inc. - Anderson,1006970.0,3115.0,3115.0,3115.0
7462,18097.0,325120.0,325194.0,325194.0,MARION,Vertellus Agriculture & Nutrition Specialties LLC,1001155.0,3251.0,3251.0,3251.0
7463,18097.0,325130.0,325194.0,325194.0,MARION,Vertellus Agriculture & Nutrition Specialties LLC,1001155.0,3251.0,3251.0,3251.0
7464,18097.0,325180.0,325194.0,325194.0,MARION,Vertellus Agriculture & Nutrition Specialties LLC,1001155.0,3251.0,3251.0,3251.0
7465,18097.0,325199.0,325194.0,325194.0,MARION,Vertellus Agriculture & Nutrition Specialties LLC,1001155.0,3251.0,3251.0,3251.0
7695,18127.0,331222.0,331221.0,331221.0,PORTER,US Steel - Midwest Plant,1001620.0,3312.0,3312.0,3312.0
7821,18157.0,325412.0,325411.0,325411.0,TIPPECANOE,EVONIK CORPORATION TIPPECANOE LABORATORIES,1004833.0,3254.0,3254.0,3254.0
7822,18157.0,325414.0,325411.0,325411.0,TIPPECANOE,EVONIK CORPORATION TIPPECANOE LABORATORIES,1004833.0,3254.0,3254.0,3254.0
7922,18163.0,311514.0,311511.0,311511.0,VANDERBURGH COUNTY,MEAD JOHNSON NUTRITION,1005447.0,3115.0,3115.0,3115.0
8061,18179.0,331313.0,331314.0,331314.0,WELLS COUNTY,"Alexin, LLC",1010531.0,3313.0,3313.0,3313.0
8138,19061.0,325199.0,325193.0,325193.0,DUBUQUE,BIG RIVER UNITED ENERGY LLC,1005626.0,3251.0,3251.0,3251.0
8273,19127.0,311611.0,311612.0,311612.0,MARSHALL,JBS SWIFT,1006121.0,3116.0,3116.0,3116.0
8330,19139.0,311612.0,311611.0,311613.0,MUSCATINE,TYSON FRESH MEATS INC,1001703.0,3116.0,3116.0,3116.0
8331,19139.0,311615.0,311611.0,311613.0,MUSCATINE,TYSON FRESH MEATS INC,1001703.0,3116.0,3116.0,3116.0
8432,20005.0,331512.0,331513.0,331513.0,ATCHISON,BRADKEN ATCHISON/ST JOSEPH,1006487.0,3315.0,3315.0,3315.0
8603,20155.0,211111.0,211112.0,211112.0,RENO COUNTY,OHL NGLP Hutchinson Plant,1004425.0,2111.0,2111.0,2111.0
8848,20159.0,211111.0,211112.0,211112.0,RICE,ONEOK Bushton Plant,1004715.0,2111.0,2111.0,2111.0
8960,20169.0,335121.0,335110.0,335110.0,SALINE,Philips Lighting Co.,1010530.0,3351.0,3351.0,3351.0
8992,20175.0,325120.0,325193.0,325193.0,SEWARD,ARKALON ETHANOL LLC,1006203.0,3251.0,3251.0,3251.0
9161,21007.0,322121.0,322110.0,322110.0,Ballard,Wickliffe Paper Company,1007196.0,3221.0,3221.0,3221.0
9318,21091.0,331313.0,331314.0,331314.0,HANCOCK,ALERIS ROLLED PRODUCTS INC,1006045.0,3313.0,3313.0,3313.0
9319,21091.0,331315.0,331314.0,331314.0,HANCOCK,ALERIS ROLLED PRODUCTS INC,1006045.0,3313.0,3313.0,3313.0
9320,21091.0,331318.0,331314.0,331314.0,HANCOCK,ALERIS ROLLED PRODUCTS INC,1006045.0,3313.0,3313.0,3313.0
9344,21099.0,326199.0,326140.0,326140.0,HART,DART CONTAINER CORPORATION OF KENTUCKY,1003247.0,3261.0,3261.0,3261.0
9539,21111.0,335210.0,335222.0,335222.0,JEFFERSON COUNTY,"Haier US Appliance Solutions, Inc.",1009577.0,3352.0,3352.0,3352.0
9540,21111.0,335224.0,335222.0,335222.0,JEFFERSON COUNTY,"Haier US Appliance Solutions, Inc.",1009577.0,3352.0,3352.0,3352.0
9541,21111.0,335228.0,335222.0,335222.0,JEFFERSON COUNTY,"Haier US Appliance Solutions, Inc.",1009577.0,3352.0,3352.0,3352.0
9610,21195.0,211111.0,211112.0,211112.0,PIKE,Boldman NG Liquids Extraction Facility,1006165.0,2111.0,2111.0,2111.0
9781,22005.0,325120.0,325110.0,325110.0,ASCENSION,SHELL CHEMICAL CO - GEISMAR PLANT,1001936.0,3251.0,3251.0,3251.0
9782,22005.0,325120.0,325110.0,325110.0,ASCENSION,WILLIAMS OLEFINS LLC - GEISMAR ETHYLENE PLANT,1002046.0,3251.0,3251.0,3251.0
9783,22005.0,325180.0,325110.0,325110.0,ASCENSION,SHELL CHEMICAL CO - GEISMAR PLANT,1001936.0,3251.0,3251.0,3251.0
9784,22005.0,325180.0,325110.0,325110.0,ASCENSION,WILLIAMS OLEFINS LLC - GEISMAR ETHYLENE PLANT,1002046.0,3251.0,3251.0,3251.0
9785,22005.0,325194.0,325110.0,325110.0,ASCENSION,SHELL CHEMICAL CO - GEISMAR PLANT,1001936.0,3251.0,3251.0,3251.0
9786,22005.0,325194.0,325110.0,325110.0,ASCENSION,WILLIAMS OLEFINS LLC - GEISMAR ETHYLENE PLANT,1002046.0,3251.0,3251.0,3251.0
9787,22005.0,325199.0,325110.0,325110.0,ASCENSION,SHELL CHEMICAL CO - GEISMAR PLANT,1001936.0,3251.0,3251.0,3251.0
9788,22005.0,325199.0,325110.0,325110.0,ASCENSION,WILLIAMS OLEFINS LLC - GEISMAR ETHYLENE PLANT,1002046.0,3251.0,3251.0,3251.0
9896,22011.0,322130.0,322122.0,322121.0,BEAUREGARD,BOISE PACKAGING & NEWSPRINT LLC - DERIDDER PAPER MILL,1006256.0,3221.0,3221.0,3221.0
9912,22013.0,211111.0,211112.0,211112.0,BIENVILLE,QEP Field Services Company - Hall Summit Facility,1009289.0,2111.0,2111.0,2111.0
10149,22047.0,325120.0,325110.0,325110.0,IBERVILLE,"Cos-Mar Company, Styrene Monomer Plant",1006565.0,3251.0,3251.0,3251.0
10152,22047.0,325180.0,325110.0,325110.0,IBERVILLE,"Cos-Mar Company, Styrene Monomer Plant",1006565.0,3251.0,3251.0,3251.0
10155,22047.0,325199.0,325110.0,325110.0,IBERVILLE,"Cos-Mar Company, Styrene Monomer Plant",1006565.0,3251.0,3251.0,3251.0
10236,22069.0,322130.0,322121.0,322110.0,NATCHITOCHES,International Paper - Red River Mill,1001733.0,3221.0,3221.0,3221.0
10311,22087.0,211112.0,211111.0,211111.0,St. Bernard,"Fieldwood Energy LLC. - WD 90 A, B, E (Complex ID # 20114)",1009796.0,2111.0,2111.0,2111.0
10391,22089.0,325120.0,325110.0,325110.0,SAINT CHARLES,SHELL CHEMICAL LP - NORCO CHEMICAL PLANT WEST SITE,1006133.0,3251.0,3251.0,3251.0
10392,22089.0,325180.0,325110.0,325110.0,SAINT CHARLES,SHELL CHEMICAL LP - NORCO CHEMICAL PLANT WEST SITE,1006133.0,3251.0,3251.0,3251.0
10393,22089.0,325199.0,325110.0,325110.0,SAINT CHARLES,SHELL CHEMICAL LP - NORCO CHEMICAL PLANT WEST SITE,1006133.0,3251.0,3251.0,3251.0
10441,22095.0,325120.0,325110.0,325110.0,ST. JOHN THE BAPTIST PARISH,DU PONT PONTCHARTRAIN WORKS,1001715.0,3251.0,3251.0,3251.0
10442,22095.0,325199.0,325110.0,325110.0,ST. JOHN THE BAPTIST PARISH,DU PONT PONTCHARTRAIN WORKS,1001715.0,3251.0,3251.0,3251.0
10459,22101.0,211111.0,211112.0,211112.0,SAINT MARY,PATTERSON GAS PROCESSING PLANT,1003094.0,2111.0,2111.0,2111.0
10460,22101.0,211111.0,211112.0,211112.0,SAINT MARY,Pelican Processing Plant,1003185.0,2111.0,2111.0,2111.0
10586,22121.0,212321.0,212399.0,212399.0,WEST BATON ROUGE,TRN BR LW LLC ERWINVILLLE DIV,1005833.0,2123.0,2123.0,2123.0
10668,22125.0,322130.0,322121.0,322121.0,WEST FELICIANA,"Hood Container of Louisiana, LLC",1002846.0,3221.0,3221.0,3221.0
10807,23031.0,336612.0,336611.0,336611.0,YORK,PORTSMOUTH NAVAL SHIPYARD,1004698.0,3366.0,3366.0,3366.0
10857,24001.0,322121.0,322110.0,322110.0,Allegany,Luke Paper Company,1001237.0,3221.0,3221.0,3221.0
11113,25009.0,325910.0,325992.0,325992.0,ESSEX,"Rousselot Peabody, Inc.",1001068.0,3259.0,3259.0,3259.0
11114,25009.0,325991.0,325992.0,325992.0,ESSEX,"Rousselot Peabody, Inc.",1001068.0,3259.0,3259.0,3259.0
11115,25009.0,325998.0,325992.0,325992.0,ESSEX,"Rousselot Peabody, Inc.",1001068.0,3259.0,3259.0,3259.0
11314,26005.0,322130.0,322121.0,322121.0,Allegan,"Otsego Paper, Inc.",1000248.0,3221.0,3221.0,3221.0
11503,26025.0,325120.0,325193.0,325193.0,CALHOUN COUNTY,ANDERSONS ALBION ETHANOL LLC,1007933.0,3251.0,3251.0,3251.0
11683,26101.0,322130.0,322121.0,322121.0,MANISTEE,PACKAGING CORPORATION OF AMERICA,1006367.0,3221.0,3221.0,3221.0
11759,26111.0,325991.0,325998.0,325998.0,MIDLAND,Dow Corning Corporation - Midland Site,1002166.0,3259.0,3259.0,3259.0
12042,26125.0,336111.0,336112.0,336112.0,OAKLAND,FCA Chrysler Technology Center,1005483.0,3361.0,3361.0,3361.0
12226,26145.0,331513.0,331524.0,331524.0,SAGINAW,GENERAL MOTORS SAGINAW METAL CASTING OPERATIONS,1002347.0,3315.0,3315.0,3315.0
12228,26145.0,331523.0,331524.0,331524.0,SAGINAW,GENERAL MOTORS SAGINAW METAL CASTING OPERATIONS,1002347.0,3315.0,3315.0,3315.0
12230,26145.0,331529.0,331524.0,331524.0,SAGINAW,GENERAL MOTORS SAGINAW METAL CASTING OPERATIONS,1002347.0,3315.0,3315.0,3315.0
12321,26147.0,213112.0,213115.0,213115.0,SAINT CLAIR,CARGILL SALT SAINT CLAIR,1006063.0,2131.0,2131.0,2131.0
12616,26161.0,336310.0,336350.0,336350.0,WASHTENAW,WILLOW RUN POWERTRAIN PLANT,1005548.0,3363.0,3363.0,3363.0
12617,26161.0,336320.0,336350.0,336350.0,WASHTENAW,WILLOW RUN POWERTRAIN PLANT,1005548.0,3363.0,3363.0,3363.0
12618,26161.0,336330.0,336350.0,336350.0,WASHTENAW,WILLOW RUN POWERTRAIN PLANT,1005548.0,3363.0,3363.0,3363.0
12619,26161.0,336360.0,336350.0,336350.0,WASHTENAW,WILLOW RUN POWERTRAIN PLANT,1005548.0,3363.0,3363.0,3363.0
12620,26161.0,336370.0,336350.0,336350.0,WASHTENAW,WILLOW RUN POWERTRAIN PLANT,1005548.0,3363.0,3363.0,3363.0
12621,26161.0,336390.0,336350.0,336350.0,WASHTENAW,WILLOW RUN POWERTRAIN PLANT,1005548.0,3363.0,3363.0,3363.0
12840,27053.0,331511.0,331529.0,331529.0,HENNEPIN COUNTY,CONSOLIDATE PRECISION PRODUCTS - MINNEAPOLIS OPERATION,1002358.0,3315.0,3315.0,3315.0
12841,27053.0,331523.0,331529.0,331529.0,HENNEPIN COUNTY,CONSOLIDATE PRECISION PRODUCTS - MINNEAPOLIS OPERATION,1002358.0,3315.0,3315.0,3315.0
12842,27053.0,331524.0,331529.0,331529.0,HENNEPIN COUNTY,CONSOLIDATE PRECISION PRODUCTS - MINNEAPOLIS OPERATION,1002358.0,3315.0,3315.0,3315.0
13041,27085.0,334112.0,334118.0,334118.0,MCLEOD COUNTY,Hutchinson Technology Inc.,1010902.0,3341.0,3341.0,3341.0
13082,27099.0,311611.0,311612.0,311612.0,MOWER,HORMEL FOODS CORPORATION,1006347.0,3116.0,3116.0,3116.0
13222,27123.0,331222.0,331221.0,331221.0,RAMSEY COUNTY,Gerdau Ameristeel: St. Paul Mill,1005298.0,3312.0,3312.0,3312.0
13362,28045.0,336414.0,336412.0,336412.0,HANCOCK COUNTY,Rolls-Royce Stennis Outdoor Test Facility,1011113.0,3364.0,3364.0,3364.0
13411,28059.0,325199.0,325110.0,325110.0,JACKSON,FIRST CHEMICAL CORP,1002589.0,3251.0,3251.0,3251.0
13482,28087.0,325180.0,325110.0,325110.0,LOWNDES COUNTY,"KiOR Columbus, LLC",1011111.0,3251.0,3251.0,3251.0
13591,28095.0,325130.0,325180.0,325180.0,MONROE COUNTY,TRONOX LLC,1005608.0,3251.0,3251.0,3251.0
13731,28121.0,335312.0,335311.0,335311.0,RANKIN COUNTY,"Siemens Industry, Inc.",1010764.0,3353.0,3353.0,3353.0
13732,28121.0,335313.0,335311.0,335311.0,RANKIN COUNTY,"Siemens Industry, Inc.",1010764.0,3353.0,3353.0,3353.0
13802,28149.0,322130.0,322121.0,322110.0,WARREN,International Paper - Vicksburg Mill,1000434.0,3221.0,3221.0,3221.0
13825,28153.0,211111.0,211112.0,211112.0,WAYNE COUNTY,BAZOR RIDGE GAS PLANT,1002278.0,2111.0,2111.0,2111.0
14040,29095.0,332913.0,332992.0,332992.0,JACKSON,ALLIANT LLC-LAKE CITY ARMY AMMUNITION PLANT,1001970.0,3329.0,3329.0,3329.0
14041,29095.0,332919.0,332992.0,332992.0,JACKSON,ALLIANT LLC-LAKE CITY ARMY AMMUNITION PLANT,1001970.0,3329.0,3329.0,3329.0
14042,29095.0,332993.0,332992.0,332992.0,JACKSON,ALLIANT LLC-LAKE CITY ARMY AMMUNITION PLANT,1001970.0,3329.0,3329.0,3329.0
14043,29095.0,332994.0,332992.0,332992.0,JACKSON,ALLIANT LLC-LAKE CITY ARMY AMMUNITION PLANT,1001970.0,3329.0,3329.0,3329.0
14044,29095.0,332996.0,332992.0,332992.0,JACKSON,ALLIANT LLC-LAKE CITY ARMY AMMUNITION PLANT,1001970.0,3329.0,3329.0,3329.0
14045,29095.0,332999.0,332992.0,332992.0,JACKSON,ALLIANT LLC-LAKE CITY ARMY AMMUNITION PLANT,1001970.0,3329.0,3329.0,3329.0
14173,29139.0,212312.0,212324.0,212324.0,MONTGOMERY,CHRISTY MINERALS CO-HIGH HILL,1005734.0,2123.0,2123.0,2123.0
14174,29139.0,212325.0,212324.0,212324.0,MONTGOMERY,CHRISTY MINERALS CO-HIGH HILL,1005734.0,2123.0,2123.0,2123.0
14334,29183.0,336112.0,336111.0,336111.0,ST. CHARLES COUNTY,General Motors LLC Wentzville,1004317.0,3361.0,3361.0,3361.0
14394,29187.0,327212.0,327213.0,327213.0,SAINT FRANCOIS,FLAT RIVER GLASS COMPANY,1000789.0,3272.0,3272.0,3272.0
14721,31055.0,333413.0,333415.0,333415.0,DOUGLAS,"NRG Energy Center Omaha, LLC",1004854.0,3334.0,3334.0,3334.0
15122,32027.0,212393.0,212399.0,212399.0,PERSHING,"EP MINERALS, LLC",1001622.0,2123.0,2123.0,2123.0
15226,34003.0,322211.0,322291.0,322291.0,BERGEN COUNTY,"MARCAL MANUFACTURING, LLC.",1004098.0,3222.0,3222.0,3222.0
15227,34003.0,322212.0,322291.0,322291.0,BERGEN COUNTY,"MARCAL MANUFACTURING, LLC.",1004098.0,3222.0,3222.0,3222.0
15228,34003.0,322220.0,322291.0,322291.0,BERGEN COUNTY,"MARCAL MANUFACTURING, LLC.",1004098.0,3222.0,3222.0,3222.0
15229,34003.0,322230.0,322291.0,322291.0,BERGEN COUNTY,"MARCAL MANUFACTURING, LLC.",1004098.0,3222.0,3222.0,3222.0
15433,34033.0,325120.0,325199.0,325199.0,SALEM,CHEMOURS CHAMBERS WORKS,1002618.0,3251.0,3251.0,3251.0
15943,36013.0,332114.0,332111.0,332111.0,CHAUTAUQUA COUNTY,Special Metals Corporation,1011742.0,3321.0,3321.0,3321.0
16098,36029.0,324121.0,324199.0,324199.0,ERIE,TONAWANDA COKE CORP,1006875.0,3241.0,3241.0,3241.0
16099,36029.0,324122.0,324199.0,324199.0,ERIE,TONAWANDA COKE CORP,1006875.0,3241.0,3241.0,3241.0
16100,36029.0,324191.0,324199.0,324199.0,ERIE,TONAWANDA COKE CORP,1006875.0,3241.0,3241.0,3241.0
16398,36085.0,322130.0,322121.0,322121.0,RICHMOND COUNTY,"PRATT PAPER (NY), INC.",1004626.0,3221.0,3221.0,3221.0
16583,36111.0,327992.0,327999.0,327999.0,ULSTER,NORTHEAST SOLITE CORPORATION,1006653.0,3279.0,3279.0,3279.0
16722,37083.0,322130.0,322121.0,322121.0,Halifax,KapStone Paper and Packaging Corp,1000166.0,3221.0,3221.0,3221.0
16777,37087.0,322121.0,322110.0,322130.0,Haywood,Blue Ridge Paper Products Inc.,1000230.0,3221.0,3221.0,3221.0
16835,37097.0,311611.0,311613.0,311613.0,IREDELL COUNTY,TYSON FARMS INCORPORATED HARMONY,1000016.0,3116.0,3116.0,3116.0
16836,37097.0,311615.0,311613.0,311613.0,IREDELL COUNTY,TYSON FARMS INCORPORATED HARMONY,1000016.0,3116.0,3116.0,3116.0
17032,37119.0,311211.0,311224.0,311224.0,MECKLENBURG COUNTY,Cargill Inc,1005124.0,3112.0,3112.0,3112.0
17033,37119.0,311225.0,311224.0,311224.0,MECKLENBURG COUNTY,Cargill Inc,1005124.0,3112.0,3112.0,3112.0
17742,38049.0,311224.0,311225.0,311225.0,MCHENRY,ARCHER DANIELS MIDLAND PROCESSING,1005940.0,3112.0,3112.0,3112.0
17747,38061.0,211111.0,211112.0,211112.0,MOUNTRAIL,Robinson Lake Gas Plant,1008130.0,2111.0,2111.0,2111.0
17748,38061.0,211111.0,211112.0,211112.0,MOUNTRAIL,Aux Sable Midstream - Palermo Conditioning Plant,1008835.0,2111.0,2111.0,2111.0
17795,38089.0,211111.0,211112.0,211112.0,STARK,Belfield Gas Plant,1008062.0,2111.0,2111.0,2111.0
17950,39003.0,325180.0,325120.0,325120.0,ALLEN COUNTY,"LINDE GAS NORTH AMERICA LLC, LIMA II PLANT",1002043.0,3251.0,3251.0,3251.0
17951,39003.0,325193.0,325120.0,325120.0,ALLEN COUNTY,"LINDE GAS NORTH AMERICA LLC, LIMA II PLANT",1002043.0,3251.0,3251.0,3251.0
17952,39003.0,325199.0,325120.0,325120.0,ALLEN COUNTY,"LINDE GAS NORTH AMERICA LLC, LIMA II PLANT",1002043.0,3251.0,3251.0,3251.0
18079,39011.0,336310.0,336390.0,336390.0,AUGLAIZE,AAP ST MARYS CORP,1005445.0,3363.0,3363.0,3363.0
18080,39011.0,336360.0,336390.0,336390.0,AUGLAIZE,AAP ST MARYS CORP,1005445.0,3363.0,3363.0,3363.0
18081,39011.0,336370.0,336390.0,336390.0,AUGLAIZE,AAP ST MARYS CORP,1005445.0,3363.0,3363.0,3363.0
18102,39013.0,213111.0,213113.0,213113.0,BELMONT,Powhatan No. 6,1010107.0,2131.0,2131.0,2131.0
18103,39013.0,213111.0,213113.0,213113.0,BELMONT COUNTY,Century Mine,1010106.0,2131.0,2131.0,2131.0
18104,39013.0,213112.0,213113.0,213113.0,BELMONT,Powhatan No. 6,1010107.0,2131.0,2131.0,2131.0
18105,39013.0,213112.0,213113.0,213113.0,BELMONT COUNTY,Century Mine,1010106.0,2131.0,2131.0,2131.0
18428,39031.0,322130.0,322121.0,322121.0,COSHOCTON,"WestRock CP, LLC",1003419.0,3221.0,3221.0,3221.0
18477,39035.0,212312.0,212399.0,212399.0,CUYAHOGA COUNTY,DIGERONIMO AGGREGATES LLC (1318270383),1005326.0,2123.0,2123.0,2123.0
18478,39035.0,212313.0,212399.0,212399.0,CUYAHOGA COUNTY,DIGERONIMO AGGREGATES LLC (1318270383),1005326.0,2123.0,2123.0,2123.0
18479,39035.0,212321.0,212399.0,212399.0,CUYAHOGA COUNTY,DIGERONIMO AGGREGATES LLC (1318270383),1005326.0,2123.0,2123.0,2123.0
18480,39035.0,212393.0,212399.0,212399.0,CUYAHOGA COUNTY,DIGERONIMO AGGREGATES LLC (1318270383),1005326.0,2123.0,2123.0,2123.0
18875,39059.0,211111.0,211112.0,211112.0,Guernsey,Tri-County Compressor Station,1011668.0,2111.0,2111.0,2111.0
18965,39087.0,325180.0,325194.0,325194.0,LAWRENCE,"ALTIVIA Petrochemicals, LLC - HAVERHILL COMPLEX",1007401.0,3251.0,3251.0,3251.0
19070,39089.0,331313.0,331318.0,331318.0,LICKING COUNTY,KAISER ALUMINUM (0145010093),1007957.0,3313.0,3313.0,3313.0
19254,39093.0,336112.0,336111.0,336111.0,LORAIN COUNTY,FORD MOTOR COMPANY - FORD OHIO ASSEMBLY PLANT,1000104.0,3361.0,3361.0,3361.0
19255,39093.0,336120.0,336111.0,336111.0,LORAIN COUNTY,FORD MOTOR COMPANY - FORD OHIO ASSEMBLY PLANT,1000104.0,3361.0,3361.0,3361.0
19328,39135.0,336310.0,336330.0,336360.0,PREBLE COUNTY,"Neaton Auto Products Manufacturing, Inc.",1009879.0,3363.0,3363.0,3363.0
19329,39135.0,336350.0,336330.0,336360.0,PREBLE COUNTY,"Neaton Auto Products Manufacturing, Inc.",1009879.0,3363.0,3363.0,3363.0
19330,39135.0,336390.0,336330.0,336360.0,PREBLE COUNTY,"Neaton Auto Products Manufacturing, Inc.",1009879.0,3363.0,3363.0,3363.0
19378,39147.0,325180.0,325194.0,325194.0,SENECA COUNTY,POET BIOREFINING,1006912.0,3251.0,3251.0,3251.0
19379,39147.0,325193.0,325194.0,325194.0,SENECA COUNTY,POET BIOREFINING,1006912.0,3251.0,3251.0,3251.0
19563,39151.0,332911.0,332991.0,332991.0,STARK COUNTY,TIMKEN CO GAMBRINUS ROLLER PLANT,1003861.0,3329.0,3329.0,3329.0
19564,39151.0,332919.0,332991.0,332991.0,STARK COUNTY,TIMKEN CO GAMBRINUS ROLLER PLANT,1003861.0,3329.0,3329.0,3329.0
19565,39151.0,332994.0,332991.0,332991.0,STARK COUNTY,TIMKEN CO GAMBRINUS ROLLER PLANT,1003861.0,3329.0,3329.0,3329.0
19566,39151.0,332996.0,332991.0,332991.0,STARK COUNTY,TIMKEN CO GAMBRINUS ROLLER PLANT,1003861.0,3329.0,3329.0,3329.0
19567,39151.0,332999.0,332991.0,332991.0,STARK COUNTY,TIMKEN CO GAMBRINUS ROLLER PLANT,1003861.0,3329.0,3329.0,3329.0
19683,39153.0,311920.0,311942.0,311942.0,SUMMIT COUNTY,CARGILL INC SALT DIV,1006625.0,3119.0,3119.0,3119.0
19684,39153.0,311991.0,311942.0,311942.0,SUMMIT COUNTY,CARGILL INC SALT DIV,1006625.0,3119.0,3119.0,3119.0
19909,39155.0,324121.0,324199.0,324199.0,TRUMBULL,ARCELORMITTAL WARREN  (0278000648),1003380.0,3241.0,3241.0,3241.0
19910,39155.0,324191.0,324199.0,324199.0,TRUMBULL,ARCELORMITTAL WARREN  (0278000648),1003380.0,3241.0,3241.0,3241.0
20037,39167.0,325211.0,325212.0,325212.0,WASHINGTON,KRATON POLYMERS U S LLC,1000032.0,3252.0,3252.0,3252.0
20068,40003.0,211111.0,211112.0,211112.0,Alfalfa,Carmen Gas Processing Plant,1011762.0,2111.0,2111.0,2111.0
20113,40029.0,211111.0,211112.0,211112.0,Coal,TARGA COALGATE STONEWALL GAS PROCESSING PLANT,1004593.0,2111.0,2111.0,2111.0
20114,40029.0,211111.0,211112.0,211112.0,Coal,TARGA TUPELO GAS PROCESSING PLANT,1011130.0,2111.0,2111.0,2111.0
20137,40071.0,211111.0,211112.0,211112.0,KAY,Bellmon Gas Plant,1010544.0,2111.0,2111.0,2111.0
20231,40095.0,331222.0,331110.0,331221.0,MARSHALL COUNTY,Mid American Steel & Wire,1004453.0,3312.0,3311.0,3312.0
20238,40107.0,211111.0,211112.0,486210.0,OKFUSKEE COUNTY,"Scissortail Energy Paden Processing Plant Paden, OK",1008993.0,2111.0,2111.0,4862.0
20308,40121.0,211111.0,211112.0,211112.0,Pittsburg,TARGA EAST ROCKPILE GAS PROCESSING PLANT,1004589.0,2111.0,2111.0,2111.0
20388,40123.0,327320.0,327310.0,327310.0,PONTOTOC,HOLCIM INCORPORATED,1002204.0,3273.0,3273.0,3273.0
20389,40123.0,327390.0,327310.0,327310.0,PONTOTOC,HOLCIM INCORPORATED,1002204.0,3273.0,3273.0,3273.0
20562,40143.0,327320.0,327310.0,327310.0,TULSA,"EAGLE MATERIALS, INC.",1007216.0,3273.0,3273.0,3273.0
20563,40143.0,327331.0,327310.0,327310.0,TULSA,"EAGLE MATERIALS, INC.",1007216.0,3273.0,3273.0,3273.0
20564,40143.0,327390.0,327310.0,327310.0,TULSA,"EAGLE MATERIALS, INC.",1007216.0,3273.0,3273.0,3273.0
20697,40151.0,211111.0,211112.0,211112.0,Woods,TARGA WAYNOKA NATURAL GAS PROCESSING PLANT,1001635.0,2111.0,2111.0,2111.0
20698,40151.0,211111.0,211112.0,211112.0,Woods,Hopeton Gas Plant,1010953.0,2111.0,2111.0,2111.0
20968,41043.0,322121.0,322110.0,322110.0,LINN,CASCADE PACIFIC PULP HALSEY PULP MILL,1004017.0,3221.0,3221.0,3221.0
21038,41045.0,212325.0,212399.0,212399.0,MALHEUR COUNTY,"EP Minerals, LLC",1001623.0,2123.0,2123.0,2123.0
21233,41051.0,331511.0,331529.0,331529.0,MULTNOMAH COUNTY,PCC STRUCTURALS INC창??,1005968.0,3315.0,3315.0,3315.0
21234,41051.0,331513.0,331529.0,331529.0,MULTNOMAH COUNTY,PCC STRUCTURALS INC창??,1005968.0,3315.0,3315.0,3315.0
21235,41051.0,331523.0,331529.0,331529.0,MULTNOMAH COUNTY,PCC STRUCTURALS INC창??,1005968.0,3315.0,3315.0,3315.0
21236,41051.0,331524.0,331529.0,331529.0,MULTNOMAH COUNTY,PCC STRUCTURALS INC창??,1005968.0,3315.0,3315.0,3315.0
21499,42003.0,311422.0,311411.0,311411.0,ALLEGHENY COUNTY,"BAY VALLEY FOODS, LLC",1004996.0,3114.0,3114.0,3114.0
21644,42003.0,324121.0,324199.0,324199.0,Allegheny,US Steel (Clairton Coke),1000124.0,3241.0,3241.0,3241.0
21645,42003.0,324121.0,324199.0,324199.0,Allegheny,Shenango Incorporated,1000235.0,3241.0,3241.0,3241.0
21647,42003.0,324191.0,324199.0,324199.0,Allegheny,US Steel (Clairton Coke),1000124.0,3241.0,3241.0,3241.0
21648,42003.0,324191.0,324199.0,324199.0,Allegheny,Shenango Incorporated,1000235.0,3241.0,3241.0,3241.0
22319,42007.0,331410.0,331492.0,331492.0,BEAVER,Horsehead Corp. Monaca Smelter,1004424.0,3314.0,3314.0,3314.0
22320,42007.0,331491.0,331492.0,331492.0,BEAVER,Horsehead Corp. Monaca Smelter,1004424.0,3314.0,3314.0,3314.0
22409,42015.0,321211.0,321219.0,321219.0,BRADFORD,"JELD-WEN, inc.",1002559.0,3212.0,3212.0,3212.0
22826,42073.0,331492.0,331410.0,331410.0,LAWRENCE COUNTY,INMETCO,1005752.0,3314.0,3314.0,3314.0
22900,42083.0,324110.0,324199.0,324199.0,MCKEAN,INTERNATIONAL WAXES INC,1000193.0,3241.0,3241.0,3241.0
22901,42083.0,324121.0,324199.0,324199.0,MCKEAN,INTERNATIONAL WAXES INC,1000193.0,3241.0,3241.0,3241.0
23000,42085.0,331210.0,331221.0,331221.0,MERCER COUNTY,NLMK PENNSYLVANIA CORP,1006013.0,3312.0,3312.0,3312.0
23177,42091.0,311611.0,311613.0,311613.0,MONTGOMERY COUNTY,"JBS SOUDERTON, INC. - RENDERING FACILITY",1004257.0,3116.0,3116.0,3116.0
23178,42091.0,311612.0,311613.0,311613.0,MONTGOMERY COUNTY,"JBS SOUDERTON, INC. - RENDERING FACILITY",1004257.0,3116.0,3116.0,3116.0
23179,42091.0,311615.0,311613.0,311613.0,MONTGOMERY COUNTY,"JBS SOUDERTON, INC. - RENDERING FACILITY",1004257.0,3116.0,3116.0,3116.0
23573,42095.0,332114.0,332111.0,332111.0,NORTHAMPTON,LEHIGH HEAVY FORGE CORP/BETHLEHEM,1002976.0,3321.0,3321.0,3321.0
23782,42115.0,213115.0,213112.0,213112.0,SUSQUEHANNA COUNTY,ZICK Compressor Station,1011156.0,2131.0,2131.0,2131.0
23783,42115.0,213115.0,213112.0,213112.0,SUSQUEHANNA COUNTY,CHURCH Compressor Station,1011165.0,2131.0,2131.0,2131.0
23784,42115.0,213115.0,213112.0,213112.0,Susquehanna,Lathrop Compressor Station,1007776.0,2131.0,2131.0,2131.0
23785,42115.0,213115.0,213112.0,213112.0,SUSQUEHANNA,CENTRAL Compressor Station,1011167.0,2131.0,2131.0,2131.0
24021,42119.0,322130.0,322121.0,322121.0,UNION COUNTY,NGC INDUSTRIES INC,1002887.0,3221.0,3221.0,3221.0
24151,45003.0,325120.0,325180.0,325180.0,Aiken,SAVANNAH RIVER NUCLEAR SOLUTIONS LLC - SAVANNAH RIVER SITE,1007270.0,3251.0,3251.0,3251.0
24152,45003.0,325199.0,325180.0,325180.0,Aiken,SAVANNAH RIVER NUCLEAR SOLUTIONS LLC - SAVANNAH RIVER SITE,1007270.0,3251.0,3251.0,3251.0
24354,45007.0,327991.0,327993.0,327993.0,ANDERSON COUNTY,"Owens Corning Vitrotex, LLC",1007952.0,3279.0,3279.0,3279.0
24485,45017.0,311612.0,311613.0,311613.0,CALHOUN COUNTY,"Devro, Inc",1011309.0,3116.0,3116.0,3116.0
24643,45019.0,322130.0,322121.0,322121.0,Charleston,KapStone Charleston Kraft LLC,1000426.0,3221.0,3221.0,3221.0
25072,45063.0,325220.0,325211.0,325211.0,LEXINGTON COUNTY,SHAW INDUSTRIES GROUP INC. P LANT 8S,1007876.0,3252.0,3252.0,3252.0
25073,45063.0,325220.0,325211.0,325211.0,LEXINGTON,DAK AMERICAS LLC COLUMBIA SITE,1009221.0,3252.0,3252.0,3252.0
25749,47009.0,331315.0,331313.0,331313.0,BLOUNT,ALCOA INC.-NORTH PLANT,1002795.0,3313.0,3313.0,3313.0
25809,47029.0,311421.0,311422.0,311422.0,COCKE COUNTY,ConAgra Foods Inc.,1002227.0,3114.0,3114.0,3114.0
25945,47107.0,325180.0,325130.0,325130.0,MCMINN COUNTY,J.M. HUBER CORPORATION,1005340.0,3251.0,3251.0,3251.0
26049,47119.0,336112.0,336111.0,336111.0,MAURY,General Motors Spring Hill Manufacturing,1010968.0,3361.0,3361.0,3361.0
26358,48065.0,211111.0,211112.0,211112.0,Carson,CARGRAY GAS PLANT,1002161.0,2111.0,2111.0,2111.0
26376,48067.0,211111.0,211112.0,211112.0,CASS,AVINGER GAS PLANT,1003082.0,2111.0,2111.0,2111.0
26423,48067.0,322130.0,322121.0,322110.0,CASS COUNTY,International Paper - Texarkana Mill,1006668.0,3221.0,3221.0,3221.0
26450,48081.0,211111.0,211112.0,211112.0,COKE,Jameson Gas Plant,1002334.0,2111.0,2111.0,2111.0
26463,48089.0,211111.0,211112.0,211112.0,COLORADO,"Copano Energy Houston Central Plant, TX",1002623.0,2111.0,2111.0,2111.0
26551,48121.0,211111.0,211112.0,211112.0,DENTON,ALLIANCE COMPRESSOR STATION,1005887.0,2111.0,2111.0,2111.0
26800,48135.0,327320.0,327310.0,327310.0,ECTOR,CEMEX CONSTRUCTION MATERIALS SOUTH LLC,1006363.0,3273.0,3273.0,3273.0
26801,48135.0,327390.0,327310.0,327310.0,ECTOR,CEMEX CONSTRUCTION MATERIALS SOUTH LLC,1006363.0,3273.0,3273.0,3273.0
26968,48167.0,325110.0,325120.0,325120.0,GALVESTON COUNTY,PRAXAIR TEXAS CITY,1006562.0,3251.0,3251.0,3251.0
26969,48167.0,325110.0,325194.0,325194.0,GALVESTON,BP Amoco Chemical Company,1010447.0,3251.0,3251.0,3251.0
26970,48167.0,325180.0,325120.0,325120.0,GALVESTON COUNTY,PRAXAIR TEXAS CITY,1006562.0,3251.0,3251.0,3251.0
26971,48167.0,325180.0,325194.0,325194.0,GALVESTON,BP Amoco Chemical Company,1010447.0,3251.0,3251.0,3251.0
26972,48167.0,325199.0,325120.0,325120.0,GALVESTON COUNTY,PRAXAIR TEXAS CITY,1006562.0,3251.0,3251.0,3251.0
26973,48167.0,325199.0,325194.0,325194.0,GALVESTON,BP Amoco Chemical Company,1010447.0,3251.0,3251.0,3251.0
27079,48173.0,211112.0,211111.0,211111.0,GLASSCOCK COUNTY,TARGA COLE RANCH COMPRESSOR STATION,1011556.0,2111.0,2111.0,2111.0
27085,48175.0,211112.0,211111.0,211111.0,Goliad,Goliad Gas Plant,1010223.0,2111.0,2111.0,2111.0
27215,48183.0,325220.0,325211.0,325211.0,GREGG,Westlake Longview Corp.,1011708.0,3252.0,3252.0,3252.0
27346,48203.0,211111.0,211112.0,211112.0,HARRISON COUNTY,Waskom Gas Processing Plant,1007399.0,2111.0,2111.0,2111.0
27427,48211.0,211111.0,211112.0,211112.0,HEMPHILL,HOBART PLANT,1002952.0,2111.0,2111.0,2111.0
27428,48211.0,211111.0,211112.0,211112.0,HEMPHILL,CANADIAN GAS PLANT,1001965.0,2111.0,2111.0,2111.0
27429,48211.0,211111.0,211112.0,211112.0,HEMPHILL COUNTY,HEMPHILL,1003220.0,2111.0,2111.0,2111.0
27430,48211.0,211111.0,211112.0,211112.0,Hemphill,PHOENIX - ARRINGTON RANCH GAS PLANT,1006124.0,2111.0,2111.0,2111.0
27431,48211.0,211111.0,211112.0,211112.0,HEMPHILL,WOODALL GAS PLANT,1010381.0,2111.0,2111.0,2111.0
27516,48219.0,211111.0,211112.0,211112.0,HOCKLEY,SLAUGHTER GASOLINE PLANT,1002625.0,2111.0,2111.0,2111.0
27579,48227.0,211111.0,211112.0,211112.0,HOWARD,EAST VEALMOOR GAS PLANT,1002326.0,2111.0,2111.0,2111.0
27628,48235.0,211111.0,211112.0,211112.0,Irion,Munson Plant,1011695.0,2111.0,2111.0,2111.0
27629,48235.0,211111.0,211112.0,211112.0,IRION,Targa Midstream Services LLC - Mertzon Gas Processing Plant,1003347.0,2111.0,2111.0,2111.0
27679,48241.0,322121.0,322130.0,322130.0,JASPER COUNTY,"WESTROCK TEXAS, L.P.",1002305.0,3221.0,3221.0,3221.0
27772,48337.0,211111.0,211112.0,211112.0,MONTAGUE COUNTY,"Copano Field Services/North Texas, Saint Jo Processing Plant Montague, TX",1002624.0,2111.0,2111.0,2111.0
27808,48339.0,211111.0,211112.0,211112.0,MONTGOMERY,CONROE NATURAL GAS PROCESSING PLANT,1004849.0,2111.0,2111.0,2111.0
27986,48349.0,212311.0,212324.0,212324.0,Navarro,Streetman Plant,1003482.0,2123.0,2123.0,2123.0
28046,48389.0,211111.0,211112.0,211112.0,REEVES,Ramsey Gas Plant,1010768.0,2111.0,2111.0,2111.0
28047,48389.0,211111.0,211112.0,211112.0,REEVES COUNTY,Red Bluff Processing Plant,1010691.0,2111.0,2111.0,2111.0
28077,48391.0,211111.0,211112.0,211112.0,REFUGIO,Woodsboro Plant,1010643.0,2111.0,2111.0,2111.0
28089,48393.0,211111.0,211112.0,211112.0,ROBERTS,Indian Creek Gas Plant,1005932.0,2111.0,2111.0,2111.0
28090,48393.0,211111.0,211112.0,211112.0,Roberts,RED DEER GAS PLANT,1006059.0,2111.0,2111.0,2111.0
28099,48395.0,211111.0,211112.0,211112.0,ROBERTSON,MARQUEZ PLANT,1003077.0,2111.0,2111.0,2111.0
28124,48409.0,211111.0,211112.0,211112.0,SAN PATRICIO,GREGORY GAS PLANT,1004851.0,2111.0,2111.0,2111.0
28197,48409.0,331315.0,331313.0,331313.0,SAN PATRICIO,SHERWIN ALUMINA PLANT,1006900.0,3313.0,3313.0,3313.0
28221,48415.0,211111.0,211112.0,211112.0,SCURRY,SNYDER GAS PLANT,1002680.0,2111.0,2111.0,2111.0
28252,48417.0,211111.0,211112.0,211112.0,Shackelford,Targa Midstream Services LLC - Shackelford Gas Plant,1011505.0,2111.0,2111.0,2111.0
28397,49023.0,327320.0,327310.0,327310.0,JUAB,Ash Grove Cement Company-LEAMINGTON,1002530.0,3273.0,3273.0,3273.0
28665,49035.0,336411.0,336415.0,336415.0,SALT LAKE COUNTY,ATK Launch Systems Inc,1002570.0,3364.0,3364.0,3364.0
28666,49035.0,336413.0,336415.0,336415.0,SALT LAKE COUNTY,ATK Launch Systems Inc,1002570.0,3364.0,3364.0,3364.0
28667,49035.0,336419.0,336415.0,336415.0,SALT LAKE COUNTY,ATK Launch Systems Inc,1002570.0,3364.0,3364.0,3364.0
28835,49057.0,325199.0,325180.0,325180.0,WEBER COUNTY,Compass Minerals Ogden Inc,1009764.0,3251.0,3251.0,3251.0
28941,51101.0,212321.0,212325.0,212325.0,KING WILLIAM,NESTLE PURINA PET CARE CO - GOLDEN PRODUCTS DIVISI,1006741.0,2123.0,2123.0,2123.0
29098,51750.0,325998.0,325920.0,325920.0,RADFORD,US ARMY RADFORD ARMY AMMUNITION PLANT,1001818.0,3259.0,3259.0,3259.0
29156,53031.0,322130.0,322121.0,322121.0,JEFFERSON,PORT TOWNSEND PAPER CORP,1005732.0,3221.0,3221.0,3221.0
29219,54009.0,325199.0,325194.0,325194.0,BROOKE COUNTY,Koppers Inc. Follansbee Plant,1001632.0,3251.0,3251.0,3251.0
29426,54051.0,325120.0,325180.0,325180.0,Marshall,Axiall Corporation - Natrium Plant,1000254.0,3251.0,3251.0,3251.0
29439,54069.0,211112.0,211111.0,211111.0,Ohio,Battle Run Compressor Station,1011232.0,2111.0,2111.0,2111.0
29500,54103.0,211111.0,211112.0,211112.0,WETZEL COUNTY,Mobley  Gas Plant,1008827.0,2111.0,2111.0,2111.0
29503,54103.0,211111.0,211112.0,486210.0,WETZEL,"Hastings Extraction Plant - Dominion Transmission, Inc",1003535.0,2111.0,2111.0,4862.0
29554,54103.0,325120.0,325110.0,325110.0,WETZEL,COVESTRO,1006827.0,3251.0,3251.0,3251.0
29558,54103.0,325180.0,325110.0,325110.0,WETZEL,COVESTRO,1006827.0,3251.0,3251.0,3251.0
29562,54103.0,325194.0,325110.0,325110.0,WETZEL,COVESTRO,1006827.0,3251.0,3251.0,3251.0
29594,54109.0,212111.0,212113.0,212113.0,WYOMING COUNTY,PINNACLE MINING CO LLC - PINNACLE MINE,1004677.0,2121.0,2121.0,2121.0
29595,54109.0,212112.0,212113.0,212113.0,WYOMING COUNTY,PINNACLE MINING CO LLC - PINNACLE MINE,1004677.0,2121.0,2121.0,2121.0
29690,55071.0,331315.0,331314.0,331314.0,MANITOWOC COUNTY,Skana Aluminum Company,1002751.0,3313.0,3313.0,3313.0
29830,55099.0,322121.0,322110.0,322110.0,PRICE COUNTY,FLAMBEAU RIVER PAPERS LLC,1007644.0,3221.0,3221.0,3221.0
29912,55105.0,325110.0,325193.0,325193.0,ROCK COUNTY,"UNITED ETHANOL, LLC",1006138.0,3251.0,3251.0,3251.0
29913,55105.0,325120.0,325193.0,325193.0,ROCK COUNTY,"UNITED ETHANOL, LLC",1006138.0,3251.0,3251.0,3251.0
29914,55105.0,325199.0,325193.0,325193.0,ROCK COUNTY,"UNITED ETHANOL, LLC",1006138.0,3251.0,3251.0,3251.0
30034,55115.0,322130.0,322121.0,322121.0,SHAWANO COUNTY,Little Rapids - Shawano Paper Mill,1002871.0,3221.0,3221.0,3221.0
30061,56007.0,211111.0,486210.0,211112.0,CARBON,"CIG Station 5660 Rawlins, WY",1002128.0,2111.0,4862.0,2111.0
30100,56013.0,211111.0,211112.0,211112.0,FREMONT,BURLINGTON RESOURCES_LOST CABIN,1002265.0,2111.0,2111.0,2111.0
30101,56013.0,211111.0,211112.0,211112.0,FREMONT COUNTY,West Frenchie Draw Amine Plant,1004110.0,2111.0,2111.0,2111.0
30314,56029.0,327420.0,327410.0,327410.0,PARK,WYOMING LIME PRODUCERS,1006370.0,3274.0,3274.0,3274.0
