SIC,count,mean,std,min,25%,50%,75%,max
723.0,1.0,5184.0,,5184.0,5184.0,5184.0,5184.0,5184.0
2003.0,1.0,3616.0,,3616.0,3616.0,3616.0,3616.0,3616.0
2011.0,30.0,5164.766666666666,2131.4223465892983,2080.0,3022.5,5868.0,6442.5,8736.0
2013.0,66.0,5376.530303030303,2152.7255226783263,200.0,3679.0,6042.0,6864.0,8760.0
2015.0,39.0,6101.358974358975,1602.7583211973486,2730.0,4687.5,6240.0,6664.0,8760.0
2020.0,2.0,6486.0,347.8965363437814,6240.0,6363.0,6486.0,6609.0,6732.0
2021.0,4.0,6558.0,1518.6994436029797,5304.0,5772.0,6084.0,6870.0,8760.0
2022.0,36.0,7311.722222222223,2480.746254210167,2600.0,6060.0,7488.0,8736.0,17000.0
2023.0,15.0,7747.2,1894.7268253912337,3000.0,7751.5,8760.0,8760.0,8760.0
2024.0,21.0,4951.619047619048,2315.5599425666023,2000.0,2880.0,4750.0,6864.0,8688.0
2026.0,51.0,7120.0392156862745,1918.1303184172266,2686.0,5512.0,7488.0,8760.0,8760.0
2030.0,2.0,4370.0,2644.5793616376877,2500.0,3435.0,4370.0,5305.0,6240.0
2032.0,15.0,6205.533333333334,1650.0475692998614,3526.0,5091.5,6000.0,7272.0,8760.0
2033.0,50.0,5079.28,2255.3192275062047,1500.0,3108.75,4986.0,6336.0,8760.0
2034.0,8.0,4855.125,1823.3624698420695,2600.0,3732.0,4680.0,5316.25,8400.0
2035.0,20.0,4896.2,1878.3290334482765,2080.0,3250.0,4304.0,6240.0,8760.0
2037.0,35.0,5934.114285714286,2511.488388930176,1440.0,3778.5,6000.0,8496.0,8760.0
2038.0,25.0,6056.56,2031.9256482460178,2080.0,4160.0,6000.0,7800.0,8760.0
2041.0,12.0,7118.666666666667,1546.1928218770913,4208.0,6468.0,7488.0,8430.0,8760.0
2043.0,12.0,7681.916666666667,1413.6299154583523,5375.0,6840.0,8580.0,8760.0,8760.0
2044.0,18.0,5668.888888888889,2405.4809202145707,2080.0,3984.0,5880.0,8142.0,8736.0
2045.0,8.0,6848.0,2135.445620941915,2000.0,6630.0,7236.0,8234.0,8600.0
2046.0,1.0,8760.0,,8760.0,8760.0,8760.0,8760.0,8760.0
2047.0,15.0,6372.0,1503.631413801743,2080.0,6000.0,6240.0,7224.0,8400.0
2048.0,40.0,5905.75,1580.6550046071861,2600.0,5037.5,6240.0,6864.0,8760.0
2050.0,1.0,4080.0,,4080.0,4080.0,4080.0,4080.0,4080.0
2051.0,90.0,7028.422222222222,1619.5356525367706,2016.0,6240.0,7488.0,8589.75,8760.0
2052.0,23.0,6818.869565217391,1307.5097880512415,4000.0,6240.0,6808.0,7804.0,8760.0
2053.0,10.0,4733.2,2674.9594306373237,1.0,2909.75,4875.0,6450.0,8760.0
2054.0,1.0,4810.0,,4810.0,4810.0,4810.0,4810.0,4810.0
2061.0,1.0,4416.0,,4416.0,4416.0,4416.0,4416.0,4416.0
2062.0,5.0,5723.2,2841.0792315597255,2000.0,3696.0,6240.0,7920.0,8760.0
2064.0,19.0,4633.684210526316,1738.8525288129135,2080.0,3078.0,5000.0,6180.0,6936.0
2066.0,8.0,6766.5,2108.4558330683617,2340.0,6204.0,6864.0,8358.0,8760.0
2067.0,1.0,6912.0,,6912.0,6912.0,6912.0,6912.0,6912.0
2068.0,11.0,5745.090909090909,1318.9063237808405,4160.0,4680.0,6000.0,6240.0,8760.0
2074.0,1.0,8064.0,,8064.0,8064.0,8064.0,8064.0,8064.0
2075.0,3.0,6088.333333333333,4319.445373347524,1105.0,4752.5,8400.0,8580.0,8760.0
2076.0,2.0,4292.5,60.10407640085654,4250.0,4271.25,4292.5,4313.75,4335.0
2077.0,6.0,5277.333333333333,2441.9738464337956,2000.0,3315.0,6486.0,6831.0,7488.0
2079.0,9.0,6588.444444444444,1842.9025415842743,4160.0,5024.0,6240.0,8736.0,8760.0
2082.0,35.0,5945.457142857143,2507.6692405833883,2040.0,3640.0,6000.0,8748.0,8766.0
2083.0,5.0,7491.6,1992.9557947932512,4050.0,7488.0,8400.0,8760.0,8760.0
2084.0,46.0,5129.782608695652,2252.197079525714,1445.0,3420.0,4292.0,6910.0,8760.0
2085.0,3.0,6527.666666666667,3866.514752762924,2063.0,5411.5,8760.0,8760.0,8760.0
2086.0,92.0,6285.989130434783,1919.0184046129395,1938.0,5200.0,6240.0,7488.0,8760.0
2087.0,14.0,6563.571428571428,2433.0541969456262,2000.0,5160.0,7176.0,8712.0,8760.0
2091.0,4.0,3552.75,3016.2222923164445,11.0,1562.75,4040.0,6030.0,6120.0
2092.0,17.0,5642.235294117647,2119.6133942718116,2220.0,4160.0,5880.0,7488.0,8750.0
2095.0,10.0,4509.1,2577.6323524592185,2080.0,2307.5,3372.5,6648.0,8760.0
2096.0,23.0,6870.217391304348,1873.3286358419903,2652.0,5940.0,7488.0,8640.0,8760.0
2097.0,4.0,5527.75,1292.7491055885516,4380.0,4688.25,5215.5,6055.0,7300.0
2098.0,1.0,7976.0,,7976.0,7976.0,7976.0,7976.0,7976.0
2099.0,80.0,5853.8,2046.2646697663952,2000.0,4160.0,6108.0,7458.0,8760.0
2111.0,4.0,6289.0,1793.3220569657867,4420.0,5605.0,6000.0,6684.0,8736.0
2120.0,1.0,2000.0,,2000.0,2000.0,2000.0,2000.0,2000.0
2131.0,3.0,4278.333333333333,49.074772881118186,4250.0,4250.0,4250.0,4292.5,4335.0
2134.0,1.0,4916.0,,4916.0,4916.0,4916.0,4916.0,4916.0
2141.0,3.0,4486.666666666667,1747.7223272972549,3360.0,3480.0,3600.0,5050.0,6500.0
2210.0,1.0,8600.0,,8600.0,8600.0,8600.0,8600.0,8600.0
2211.0,14.0,7226.285714285715,2016.142677665273,2000.0,6000.0,8544.0,8600.0,8760.0
2221.0,6.0,6826.333333333333,2112.6333961827518,4238.0,5010.0,7284.0,8694.0,8736.0
2231.0,5.0,6360.0,1454.922678357857,4800.0,6000.0,6000.0,6240.0,8760.0
2241.0,5.0,5534.0,1456.0837887978837,4000.0,4080.0,6000.0,6240.0,7350.0
2251.0,2.0,7200.0,1697.0562748477141,6000.0,6600.0,7200.0,7800.0,8400.0
2252.0,8.0,6300.0,848.5281374238571,4800.0,6000.0,6000.0,7200.0,7200.0
2253.0,4.0,5434.25,2605.1818074752478,2397.0,4124.25,5350.0,6660.0,8640.0
2254.0,2.0,8484.0,118.79393923933998,8400.0,8442.0,8484.0,8526.0,8568.0
2258.0,2.0,6000.0,0.0,6000.0,6000.0,6000.0,6000.0,6000.0
2259.0,2.0,6000.0,0.0,6000.0,6000.0,6000.0,6000.0,6000.0
2261.0,8.0,4921.25,2251.250049575632,1440.0,3187.5,5200.0,6560.0,8000.0
2262.0,1.0,7200.0,,7200.0,7200.0,7200.0,7200.0,7200.0
2269.0,4.0,6390.0,548.8169093604897,6000.0,6090.0,6180.0,6480.0,7200.0
2273.0,20.0,6011.1,1771.5857273848433,2222.0,4762.5,6000.0,7020.0,8760.0
2281.0,17.0,7090.64705882353,1555.755159929434,4000.0,6000.0,7200.0,8400.0,8760.0
2282.0,2.0,8080.0,961.6652224137047,7400.0,7740.0,8080.0,8420.0,8760.0
2284.0,3.0,8378.666666666666,505.7324720969906,7800.0,8200.0,8600.0,8668.0,8736.0
2295.0,16.0,6171.875,2321.185038581227,2000.0,5616.0,6240.0,7950.0,8720.0
2296.0,1.0,6000.0,,6000.0,6000.0,6000.0,6000.0,6000.0
2297.0,7.0,6993.142857142857,2008.0129007363996,4400.0,5200.0,8232.0,8580.0,8760.0
2298.0,3.0,6920.0,1593.486742963367,6000.0,6000.0,6000.0,7380.0,8760.0
2299.0,14.0,5863.714285714285,2298.7095854504455,2250.0,4308.0,6060.0,8100.0,8424.0
2311.0,2.0,4416.0,2579.5255377685253,2592.0,3504.0,4416.0,5328.0,6240.0
2321.0,1.0,2000.0,,2000.0,2000.0,2000.0,2000.0,2000.0
2326.0,6.0,4624.5,2096.5630684527478,2000.0,3317.25,4227.0,6150.0,7488.0
2329.0,2.0,2470.0,183.84776310850236,2340.0,2405.0,2470.0,2535.0,2600.0
2331.0,1.0,5800.0,,5800.0,5800.0,5800.0,5800.0,5800.0
2339.0,1.0,2210.0,,2210.0,2210.0,2210.0,2210.0,2210.0
2341.0,3.0,2776.6666666666665,40.414518843273804,2730.0,2765.0,2800.0,2800.0,2800.0
2353.0,1.0,2000.0,,2000.0,2000.0,2000.0,2000.0,2000.0
2369.0,1.0,2000.0,,2000.0,2000.0,2000.0,2000.0,2000.0
2378.0,1.0,8400.0,,8400.0,8400.0,8400.0,8400.0,8400.0
2385.0,1.0,2100.0,,2100.0,2100.0,2100.0,2100.0,2100.0
2387.0,1.0,2080.0,,2080.0,2080.0,2080.0,2080.0,2080.0
2389.0,3.0,3175.3333333333335,1119.689838005746,2250.0,2553.0,2856.0,3638.0,4420.0
2391.0,1.0,5824.0,,5824.0,5824.0,5824.0,5824.0,5824.0
2392.0,4.0,5392.5,2591.4137068403415,2250.0,4072.5,5460.0,6780.0,8400.0
2393.0,3.0,4717.333333333333,2656.196779859002,2080.0,3380.0,4680.0,6036.0,7392.0
2394.0,1.0,2871.0,,2871.0,2871.0,2871.0,2871.0,2871.0
2395.0,4.0,4325.5,1490.861384122168,2340.0,3772.5,4530.0,5083.0,5902.0
2396.0,7.0,5466.285714285715,882.7437745057008,4160.0,4992.0,5880.0,6000.0,6240.0
2399.0,7.0,4090.0,2423.8399287081643,2125.0,2205.0,2295.0,6000.0,7800.0
2412.0,1.0,2375.0,,2375.0,2375.0,2375.0,2375.0,2375.0
2421.0,119.0,4299.983193277311,2342.6233953831534,1872.0,2405.5,3120.0,6000.0,8760.0
2425.0,1.0,4000.0,,4000.0,4000.0,4000.0,4000.0,4000.0
2426.0,21.0,4843.857142857143,1972.696030454623,2000.0,3500.0,4900.0,6240.0,8400.0
2429.0,1.0,5512.0,,5512.0,5512.0,5512.0,5512.0,5512.0
2431.0,61.0,3964.1147540983607,1784.8678578386007,1550.0,2250.0,4030.0,4600.0,8736.0
2434.0,19.0,4098.684210526316,1858.0574698871692,1992.0,2564.0,4290.0,5172.5,8760.0
2435.0,22.0,6155.954545454545,2023.6730744172125,2159.0,5044.0,6552.0,7478.0,8760.0
2436.0,20.0,6992.45,1445.6599467298481,4335.0,6084.0,7290.0,8340.0,8760.0
2439.0,14.0,3941.785714285714,1890.7480887640309,2080.0,2600.0,3524.0,4455.0,8760.0
2448.0,5.0,5404.0,2523.346983670696,2600.0,3180.0,6240.0,6240.0,8760.0
2449.0,2.0,3214.5,1668.0648968190656,2035.0,2624.75,3214.5,3804.25,4394.0
2451.0,14.0,2277.1428571428573,557.5106562821305,2000.0,2050.0,2125.0,2197.5,4160.0
2452.0,7.0,2536.285714285714,716.0376420006876,2000.0,2052.0,2400.0,2600.0,4050.0
2469.0,1.0,3600.0,,3600.0,3600.0,3600.0,3600.0,3600.0
2479.0,1.0,3120.0,,3120.0,3120.0,3120.0,3120.0,3120.0
2490.0,1.0,8400.0,,8400.0,8400.0,8400.0,8400.0,8400.0
2491.0,24.0,6206.375,2567.452075036396,2000.0,3930.0,6708.0,8574.0,8760.0
2493.0,22.0,7796.909090909091,1610.0361104820838,2920.0,7491.0,8484.0,8754.0,8760.0
2499.0,27.0,4852.62962962963,2372.9807958662154,2040.0,2340.0,4267.0,6864.0,8760.0
2510.0,1.0,4160.0,,4160.0,4160.0,4160.0,4160.0,4160.0
2511.0,22.0,3135.181818181818,1659.6123654224812,1938.0,2104.25,2400.0,3922.5,8760.0
2512.0,27.0,3356.962962962963,1880.6749500661374,1960.0,2000.0,2375.0,4460.0,8400.0
2514.0,10.0,3565.3,1302.3230568658626,2125.0,2272.5,3885.0,4120.0,5840.0
2515.0,14.0,4400.642857142857,2033.8798696520462,2080.0,2428.75,4210.0,5875.0,8760.0
2521.0,17.0,3247.0,1488.0517464120662,2000.0,2080.0,2500.0,4214.0,6600.0
2522.0,9.0,4302.333333333333,2089.8903081262424,2000.0,2530.0,4335.0,4600.0,8500.0
2531.0,19.0,3736.6315789473683,1357.900962291364,2000.0,2511.0,3536.0,4600.0,6240.0
2541.0,13.0,4216.846153846154,2305.712501814925,2040.0,2703.0,3150.0,5500.0,8600.0
2542.0,13.0,3954.0,1238.9479407949311,2008.0,3392.0,4160.0,4800.0,5900.0
2590.0,1.0,3000.0,,3000.0,3000.0,3000.0,3000.0,3000.0
2591.0,5.0,5383.6,1975.4555930215186,3438.0,4160.0,4680.0,6240.0,8400.0
2599.0,7.0,4002.1428571428573,1716.3086774209576,2080.0,2537.5,4080.0,5270.0,6240.0
2611.0,6.0,7114.666666666667,2479.9986021501436,2210.0,7366.5,7824.0,8616.0,8736.0
2621.0,49.0,7784.081632653061,1214.7297853969878,4160.0,6240.0,8568.0,8736.0,8769.0
2631.0,22.0,7120.090909090909,2231.47668188986,8.0,6060.0,8400.0,8682.0,8760.0
2635.0,1.0,6240.0,,6240.0,6240.0,6240.0,6240.0,6240.0
2641.0,1.0,6000.0,,6000.0,6000.0,6000.0,6000.0,6000.0
2650.0,1.0,6000.0,,6000.0,6000.0,6000.0,6000.0,6000.0
2652.0,6.0,6268.833333333333,1480.4748449962487,3953.0,6030.0,6180.0,6609.0,8568.0
2653.0,85.0,5550.611764705883,1598.597324845379,1980.0,4242.0,6240.0,6292.0,8760.0
2655.0,8.0,6462.5,1992.562958317037,3990.0,4747.5,6100.0,8640.0,8760.0
2656.0,4.0,6840.25,1121.2850886371405,6240.0,6240.0,6300.5,6900.75,8520.0
2657.0,36.0,6272.611111111111,1924.5462734707519,2000.0,5868.0,6212.0,8400.0,8736.0
2670.0,2.0,4400.0,565.685424949238,4000.0,4200.0,4400.0,4600.0,4800.0
2671.0,29.0,6617.6551724137935,1759.2422125908577,2080.0,6000.0,6240.0,8400.0,8760.0
2672.0,22.0,6295.863636363636,1537.8533057620577,2340.0,6000.0,6240.0,7200.0,8760.0
2673.0,23.0,7930.434782608696,1251.4397463462547,4160.0,7494.0,8544.0,8760.0,8760.0
2674.0,6.0,7765.0,1429.4030922031754,5460.0,7002.0,8577.0,8698.5,8760.0
2675.0,5.0,6195.6,2440.19195966219,2250.0,6240.0,6240.0,7488.0,8760.0
2676.0,8.0,7788.625,2414.7377815347627,1820.0,8526.0,8632.5,8742.0,8760.0
2677.0,12.0,7538.0,1259.7540885571134,6000.0,6240.0,7872.0,8742.0,8760.0
2678.0,1.0,4160.0,,4160.0,4160.0,4160.0,4160.0,4160.0
2679.0,28.0,5797.5,1702.2575533031945,2210.0,4647.5,6000.0,6600.0,8760.0
2711.0,20.0,6299.2,2259.7487890191874,2028.0,4618.5,7290.0,8034.0,8760.0
2721.0,1.0,5300.0,,5300.0,5300.0,5300.0,5300.0,5300.0
2731.0,1.0,4160.0,,4160.0,4160.0,4160.0,4160.0,4160.0
2732.0,15.0,7092.933333333333,1202.9399383336208,4992.0,6240.0,7488.0,7904.0,8760.0
2741.0,1.0,2210.0,,2210.0,2210.0,2210.0,2210.0,2210.0
2752.0,74.0,6093.878378378378,1917.8892646815916,2080.0,4420.0,6240.0,7488.0,8760.0
2754.0,10.0,5954.0,2482.0072522053597,2080.0,4195.0,5520.0,8400.0,8760.0
2759.0,57.0,6321.456140350877,2081.6063000050112,2000.0,4498.0,6240.0,8568.0,8760.0
2761.0,6.0,6403.333333333333,1259.9947089836,4940.0,6060.0,6240.0,6240.0,8760.0
2771.0,2.0,6240.0,0.0,6240.0,6240.0,6240.0,6240.0,6240.0
2782.0,1.0,6240.0,,6240.0,6240.0,6240.0,6240.0,6240.0
2789.0,2.0,3167.5,1354.1094859722384,2210.0,2688.75,3167.5,3646.25,4125.0
2791.0,1.0,4290.0,,4290.0,4290.0,4290.0,4290.0,4290.0
2796.0,2.0,4000.0,2828.42712474619,2000.0,3000.0,4000.0,5000.0,6000.0
2812.0,5.0,8323.2,645.6401474505749,7200.0,8400.0,8520.0,8736.0,8760.0
2813.0,6.0,6550.666666666667,2430.04877865994,2600.0,5304.0,7236.0,8508.0,8640.0
2816.0,7.0,5950.571428571428,1980.3779821995984,4080.0,4507.0,4992.0,7404.0,8760.0
2819.0,37.0,6671.216216216216,2339.43306445452,2069.0,4160.0,8000.0,8736.0,8760.0
2821.0,72.0,7437.305555555556,1549.4650838808486,2600.0,6180.0,8400.0,8742.0,8760.0
2822.0,5.0,8174.4,1216.9917008755647,6000.0,8616.0,8736.0,8760.0,8760.0
2823.0,3.0,4306.666666666667,3856.6997981867003,2080.0,2080.0,2080.0,5420.0,8760.0
2824.0,9.0,8188.444444444444,1515.5730855942836,4160.0,8600.0,8760.0,8760.0,8760.0
2833.0,10.0,5788.5,1963.8578388241626,2500.0,4602.0,5590.0,7176.0,8600.0
2834.0,72.0,6362.125,2361.1854980043217,2080.0,4302.5,6240.0,8736.0,8760.0
2835.0,6.0,3593.8333333333335,1740.3239257869973,2000.0,2340.0,3170.0,4248.25,6552.0
2836.0,13.0,5598.846153846154,2831.2002709732446,2080.0,2600.0,6240.0,8400.0,8766.0
2840.0,1.0,8760.0,,8760.0,8760.0,8760.0,8760.0,8760.0
2841.0,8.0,5969.5,3262.7125874908793,2080.0,2275.0,7488.0,8760.0,8760.0
2842.0,7.0,4116.714285714285,2001.0642763527705,2069.0,2730.0,3640.0,5080.0,7488.0
2843.0,5.0,8572.8,174.22743756366273,8400.0,8400.0,8568.0,8736.0,8760.0
2844.0,22.0,5549.681818181818,2459.7847638392236,2040.0,3139.0,5710.0,7488.0,8760.0
2851.0,40.0,5416.55,1920.6611034638506,2210.0,4120.0,6000.0,6240.0,8760.0
2861.0,3.0,8752.0,13.856406460551018,8736.0,8748.0,8760.0,8760.0,8760.0
2864.0,1.0,8760.0,,8760.0,8760.0,8760.0,8760.0,8760.0
2865.0,7.0,7378.285714285715,1699.2529450992783,4608.0,6180.0,8400.0,8760.0,8760.0
2869.0,53.0,7644.207547169812,1786.0128279159726,2000.0,7140.0,8640.0,8760.0,8760.0
2873.0,2.0,5485.0,4631.549416771886,2210.0,3847.5,5485.0,7122.5,8760.0
2874.0,1.0,8760.0,,8760.0,8760.0,8760.0,8760.0,8760.0
2875.0,4.0,6084.0,2299.787816299582,3120.0,5460.0,6240.0,6864.0,8736.0
2879.0,9.0,6620.0,2581.5171895612084,2210.0,6240.0,7488.0,8640.0,8760.0
2890.0,1.0,8736.0,,8736.0,8736.0,8736.0,8736.0,8736.0
2891.0,29.0,4997.3448275862065,1878.2619107618402,2116.0,3390.0,4800.0,6240.0,8760.0
2892.0,2.0,8640.0,169.7056274847714,8520.0,8580.0,8640.0,8700.0,8760.0
2893.0,4.0,6314.75,2676.2343413834296,3380.0,4384.25,6559.5,8490.0,8760.0
2895.0,3.0,8744.0,13.856406460551018,8736.0,8736.0,8736.0,8748.0,8760.0
2899.0,35.0,5903.2,2263.5620523206076,2080.0,4417.5,6000.0,8484.0,8760.0
2911.0,8.0,6607.0,2662.3218652683063,2500.0,5395.0,7488.0,8760.0,8760.0
2950.0,1.0,2550.0,,2550.0,2550.0,2550.0,2550.0,2550.0
2951.0,24.0,3735.3333333333335,2156.2602623154235,1680.0,2321.75,2964.0,4212.0,8760.0
2952.0,36.0,6842.194444444444,1979.6278989380726,2340.0,6180.0,7320.0,8549.25,8760.0
2992.0,15.0,5861.066666666667,1932.251812437154,4080.0,4290.0,4810.0,7488.0,8760.0
2999.0,2.0,8760.0,0.0,8760.0,8760.0,8760.0,8760.0,8760.0
3010.0,1.0,8000.0,,8000.0,8000.0,8000.0,8000.0,8000.0
3011.0,18.0,6860.888888888889,2049.180980980074,2860.0,5775.0,7416.0,8568.0,8760.0
3052.0,25.0,6315.36,1807.6388577367993,2080.0,5900.0,6240.0,7200.0,8760.0
3053.0,33.0,6195.545454545455,1600.8471407919678,2125.0,6000.0,6240.0,7344.0,8760.0
3059.0,1.0,8760.0,,8760.0,8760.0,8760.0,8760.0,8760.0
3061.0,30.0,5909.533333333334,1432.7607961033048,2040.0,5478.0,6000.0,6708.0,8760.0
3064.0,1.0,2500.0,,2500.0,2500.0,2500.0,2500.0,2500.0
3069.0,58.0,5801.827586206897,2056.958768002105,2040.0,4164.75,6120.0,6988.0,8760.0
3079.0,2.0,7380.0,1442.497833620557,6360.0,6870.0,7380.0,7890.0,8400.0
3080.0,2.0,7200.0,1697.0562748477141,6000.0,6600.0,7200.0,7800.0,8400.0
3081.0,50.0,7749.54,1501.841851643154,2340.0,6402.5,8568.0,8760.0,8760.0
3082.0,10.0,7122.0,1372.6357451592498,4680.0,6240.0,6890.0,8400.0,8760.0
3083.0,15.0,5601.466666666666,2193.9948517541716,2210.0,4065.0,6000.0,6448.0,8760.0
3084.0,26.0,7489.384615384615,1820.7785384702463,2080.0,6531.0,8400.0,8736.0,8760.0
3085.0,49.0,7544.285714285715,1441.2883125870408,2184.0,6240.0,8400.0,8760.0,8760.0
3086.0,46.0,6209.130434782609,2284.1525402330594,2080.0,4281.5,6240.0,8676.0,8760.0
3087.0,20.0,6581.9,1561.1344694096492,2470.0,6000.0,6240.0,7542.0,8760.0
3088.0,13.0,3886.0,1923.8099351720446,2080.0,2184.0,3188.0,6024.0,6732.0
3089.0,374.0,6726.216577540107,4425.8949896795875,1800.0,6000.0,6240.0,8400.0,84000.0
3096.0,1.0,6468.0,,6468.0,6468.0,6468.0,6468.0,6468.0
3111.0,2.0,2438.0,155.56349186104046,2328.0,2383.0,2438.0,2493.0,2548.0
3131.0,1.0,4914.0,,4914.0,4914.0,4914.0,4914.0,4914.0
3149.0,1.0,2375.0,,2375.0,2375.0,2375.0,2375.0,2375.0
3171.0,1.0,2388.0,,2388.0,2388.0,2388.0,2388.0,2388.0
3172.0,2.0,5752.5,4185.365037843175,2793.0,4272.75,5752.5,7232.25,8712.0
3199.0,1.0,4160.0,,4160.0,4160.0,4160.0,4160.0,4160.0
3211.0,12.0,6137.916666666667,2209.8466610042237,2500.0,5095.0,6240.0,8108.25,8760.0
3221.0,7.0,7782.857142857143,2515.4304753243478,2080.0,8680.0,8760.0,8760.0,8760.0
3229.0,16.0,7566.8125,1809.3576472973311,2080.0,6474.0,8400.0,8700.0,8760.0
3231.0,43.0,5595.186046511628,2011.9685131472372,1600.0,4740.0,6000.0,6396.0,8760.0
3241.0,14.0,7414.285714285715,2135.073100120261,2168.0,6546.0,8718.0,8760.0,8760.0
3246.0,1.0,7416.0,,7416.0,7416.0,7416.0,7416.0,7416.0
3251.0,13.0,7162.923076923077,2330.2178174846827,1986.0,6240.0,8400.0,8736.0,8760.0
3253.0,6.0,7872.0,1259.028196665984,6000.0,7038.0,8592.0,8724.0,8760.0
3255.0,3.0,7080.0,1454.922678357857,6240.0,6240.0,6240.0,7500.0,8760.0
3258.0,1.0,2250.0,,2250.0,2250.0,2250.0,2250.0,2250.0
3259.0,2.0,5094.0,1547.149637236166,4000.0,4547.0,5094.0,5641.0,6188.0
3260.0,1.0,2210.0,,2210.0,2210.0,2210.0,2210.0,2210.0
3261.0,3.0,5140.0,2576.58688966625,3000.0,3710.0,4420.0,6210.0,8000.0
3262.0,8.0,7039.875,2437.5580542537123,2295.0,5700.0,8484.0,8742.0,8760.0
3264.0,5.0,6567.2,2124.9421639188204,4160.0,4940.0,6240.0,8736.0,8760.0
3269.0,5.0,4942.0,2363.0683443353896,2080.0,4428.0,4600.0,4950.0,8652.0
3271.0,5.0,3224.0,1175.618985896366,2080.0,2720.0,3000.0,3120.0,5200.0
3272.0,30.0,4389.533333333334,2176.137763979131,1820.0,2641.5,3885.0,5859.0,8760.0
3273.0,13.0,2908.769230769231,468.10792093386505,2376.0,2600.0,2860.0,3120.0,3744.0
3274.0,4.0,8040.0,1211.9405926034494,6240.0,7860.0,8580.0,8760.0,8760.0
3275.0,11.0,6622.909090909091,1734.1500197240987,3120.0,5997.0,7176.0,7488.0,8760.0
3281.0,8.0,5504.375,1773.5518790994367,3393.0,4123.5,5512.0,6216.0,8760.0
3291.0,14.0,4749.357142857143,2348.912272230992,2040.0,2477.5,4205.0,6180.0,8760.0
3295.0,10.0,7055.6,2009.3890282040127,3900.0,5160.0,8062.0,8736.0,8760.0
3296.0,10.0,6398.3,2400.832913340239,2080.0,5595.0,6534.0,8526.0,8760.0
3297.0,16.0,7083.0,1842.37035726624,4080.0,5790.0,7944.0,8760.0,8760.0
3299.0,9.0,6920.222222222223,2061.6353810614632,3250.0,6000.0,7728.0,8600.0,8760.0
3312.0,36.0,5704.5,2318.9904268883906,2080.0,3760.5,5720.0,8442.0,8760.0
3315.0,30.0,6669.966666666666,1995.8157693177675,1680.0,6030.0,7032.0,8400.0,8760.0
3316.0,12.0,5511.25,1979.0676007104503,2288.0,4683.75,5501.0,6330.0,8760.0
3317.0,31.0,5995.806451612903,1865.6262115682023,2080.0,4680.0,6000.0,7236.0,8760.0
3321.0,56.0,5997.785714285715,7675.061555487323,1632.0,3048.0,4690.0,6750.0,60000.0
3322.0,5.0,4791.2,1652.412539289145,2080.0,4420.0,5600.0,5616.0,6240.0
3324.0,18.0,5021.666666666667,2317.0498991808777,1600.0,2910.0,5781.0,6180.0,8760.0
3325.0,26.0,4800.115384615385,2235.6121367880087,2210.0,2643.0,4265.0,6744.0,8568.0
3328.0,1.0,6000.0,,6000.0,6000.0,6000.0,6000.0,6000.0
3331.0,2.0,7320.0,2036.467529817257,5880.0,6600.0,7320.0,8040.0,8760.0
3334.0,9.0,5985.777777777777,2398.62198865191,2210.0,4250.0,5760.0,8064.0,8760.0
3339.0,7.0,7712.857142857143,1517.2518389697682,4800.0,7099.0,8736.0,8748.0,8760.0
3341.0,20.0,6197.7,2457.1687836978044,2210.0,4120.0,7038.0,8400.0,8760.0
3343.0,1.0,6864.0,,6864.0,6864.0,6864.0,6864.0,6864.0
3351.0,13.0,6885.538461538462,2004.2285554706834,2000.0,6240.0,6864.0,8400.0,8736.0
3353.0,5.0,6060.0,2368.290522718866,2340.0,6000.0,6000.0,7200.0,8760.0
3354.0,31.0,6945.870967741936,1422.687122828616,4160.0,6156.0,7072.0,8460.0,8760.0
3355.0,6.0,7651.666666666667,1317.9902376977861,5200.0,7488.0,7959.0,8533.5,8736.0
3356.0,5.0,7230.4,2184.8818732370864,3560.0,6864.0,8400.0,8592.0,8736.0
3357.0,34.0,7009.294117647059,1585.3482846367585,3000.0,6030.0,6864.0,8568.0,8760.0
3363.0,46.0,5520.891304347826,1706.2875910813689,2125.0,4160.0,5988.0,6240.0,8760.0
3364.0,10.0,5022.5,1201.3545364388576,3060.0,4245.0,4844.5,5904.0,7200.0
3365.0,34.0,5576.205882352941,1909.4208193635302,2000.0,4312.5,6000.0,6729.0,8736.0
3366.0,10.0,4210.0,2338.083735787826,1664.0,2210.0,3650.0,5928.0,8568.0
3369.0,9.0,5386.111111111111,2193.0555421856307,2450.0,3920.0,5460.0,6240.0,8760.0
3398.0,33.0,6767.424242424242,1421.1448076793365,3146.0,6120.0,6648.0,7488.0,8760.0
3399.0,29.0,5997.862068965517,1880.7019913573674,2184.0,4200.0,6240.0,7200.0,8760.0
3400.0,1.0,8760.0,,8760.0,8760.0,8760.0,8760.0,8760.0
3411.0,33.0,6694.575757575758,2139.2400962477163,2080.0,6000.0,7200.0,8568.0,8760.0
3412.0,10.0,4470.7,2293.588263447087,2000.0,2605.0,4000.0,6181.75,8544.0
3417.0,1.0,6422.0,,6422.0,6422.0,6422.0,6422.0,6422.0
3421.0,6.0,4577.0,1761.8334768076124,2000.0,3782.0,4379.0,5787.5,6864.0
3422.0,1.0,2675.0,,2675.0,2675.0,2675.0,2675.0,2675.0
3423.0,15.0,5727.733333333334,1735.9950405897998,2000.0,4368.0,6000.0,6190.0,8712.0
3425.0,4.0,6582.0,2013.5580448549279,4080.0,5520.0,6744.0,7806.0,8760.0
3427.0,1.0,6000.0,,6000.0,6000.0,6000.0,6000.0,6000.0
3429.0,19.0,5091.578947368421,2105.6276529494703,1912.0,3850.0,4420.0,6552.0,8736.0
3431.0,3.0,5178.666666666667,2712.4758677881973,2096.0,4168.0,6240.0,6720.0,7200.0
3432.0,6.0,5660.333333333333,1675.0223481096205,3120.0,4687.5,6000.0,6936.0,7344.0
3433.0,10.0,3690.0,1154.423858227317,1920.0,2857.5,4077.5,4393.75,5100.0
3434.0,1.0,6240.0,,6240.0,6240.0,6240.0,6240.0,6240.0
3440.0,2.0,6240.0,0.0,6240.0,6240.0,6240.0,6240.0,6240.0
3441.0,52.0,4596.326923076923,1892.1872158042631,2080.0,2965.0,4290.0,6210.0,8760.0
3442.0,40.0,4100.725,1609.9409606550398,1700.0,2948.5,4000.0,4871.0,8400.0
3443.0,45.0,4778.555555555556,2151.6025164720572,2125.0,2730.0,4368.0,6240.0,8760.0
3444.0,64.0,4464.0,1875.7063516073931,1768.0,2601.25,4160.0,6240.0,8760.0
3446.0,10.0,5112.9,1968.0237380004676,2184.0,3249.0,6123.5,6247.5,6864.0
3448.0,16.0,4900.875,1524.3899708845283,2340.0,4000.0,4725.0,6075.0,7560.0
3449.0,12.0,4291.0,1537.8697781494552,2250.0,3042.75,3919.0,6018.75,6240.0
3451.0,23.0,5725.521739130435,1598.9340161940056,2250.0,4523.0,6000.0,6552.0,8736.0
3452.0,24.0,5292.541666666667,2177.07470222268,2000.0,4378.75,5200.0,6281.25,8760.0
3462.0,31.0,4702.354838709677,1433.3054698467013,2000.0,4016.0,4420.0,6000.0,7224.0
3463.0,6.0,6359.666666666667,840.4859705353009,5250.0,5925.0,6180.0,6960.0,7488.0
3465.0,44.0,6033.909090909091,1684.174904165957,2125.0,4930.0,6120.0,7344.0,8760.0
3466.0,6.0,5850.0,2252.246167717907,2168.0,4875.0,6240.0,7428.0,8208.0
3469.0,33.0,5135.666666666667,1797.5857884025081,2000.0,4080.0,4700.0,6240.0,8640.0
3471.0,79.0,5356.93670886076,2054.670348141672,2000.0,3520.0,5760.0,6688.0,8760.0
3479.0,55.0,4652.981818181818,1943.0206675375625,1836.0,2860.0,4420.0,6000.0,8760.0
3482.0,5.0,6458.2,2604.6808249764495,2079.0,6240.0,7488.0,7748.0,8736.0
3483.0,9.0,4855.888888888889,2787.8028285929963,2000.0,2080.0,4250.0,7280.0,8760.0
3484.0,3.0,5886.0,1806.4030557990097,4420.0,4877.0,5334.0,6619.0,7904.0
3489.0,7.0,4682.857142857143,2337.881621509198,2080.0,2650.0,4250.0,6900.0,7350.0
3490.0,1.0,4000.0,,4000.0,4000.0,4000.0,4000.0,4000.0
3491.0,21.0,4799.333333333333,1813.437683884763,2016.0,3012.0,4725.0,6240.0,8760.0
3492.0,19.0,5892.105263157895,1662.4390680475362,2860.0,4525.0,6000.0,7186.5,8400.0
3493.0,6.0,4146.333333333333,978.6688237941712,2340.0,4008.0,4315.0,4836.5,4992.0
3494.0,14.0,5639.071428571428,1682.8680401800195,2500.0,4657.0,5906.5,6240.0,8760.0
3495.0,8.0,5904.25,2246.7984047147115,2125.0,4670.0,5784.5,7530.0,8760.0
3496.0,31.0,5668.870967741936,2133.9553688231235,2080.0,4160.0,6000.0,7340.0,8736.0
3497.0,5.0,6489.6,431.5330810030675,6168.0,6240.0,6240.0,6600.0,7200.0
3498.0,20.0,5378.3,1399.8663507635292,3120.0,4355.0,5000.0,6240.0,8736.0
3499.0,104.0,5167.067307692308,2035.99951963879,2000.0,3800.0,5088.0,6255.0,8760.0
3511.0,11.0,6556.727272727273,2357.7703489063174,2080.0,4674.0,7072.0,8652.0,8760.0
3519.0,16.0,5555.125,1553.748279698699,2600.0,4150.0,5954.5,6450.0,8400.0
3523.0,28.0,4418.571428571428,2009.7028235919454,2000.0,2317.5,4295.0,6150.0,8500.0
3524.0,10.0,4374.2,2446.4854519630126,1664.0,2358.5,3852.0,5955.0,8712.0
3531.0,35.0,4784.857142857143,1884.2427429303568,1984.0,3008.5,4723.0,6240.0,8760.0
3532.0,15.0,5290.466666666666,2535.6170527300133,1992.0,3185.0,5400.0,7320.0,8760.0
3533.0,34.0,5230.764705882353,2167.7831164414715,2080.0,3295.5,5824.0,7031.0,8760.0
3534.0,7.0,4178.0,1551.752127972334,2210.0,3018.0,4000.0,5500.0,6000.0
3535.0,13.0,3846.230769230769,1821.4662204684698,1920.0,2219.0,4160.0,4680.0,8496.0
3536.0,4.0,6010.25,2010.094587326676,4335.0,4613.25,5473.0,6870.0,8760.0
3537.0,10.0,4730.2,2288.171798134436,2080.0,2665.0,4428.0,6102.0,8760.0
3541.0,14.0,4746.142857142857,1980.3830576292694,1.0,4100.0,4806.5,6130.0,7350.0
3542.0,16.0,5132.0,1555.3565078999306,2210.0,4187.5,5051.0,6150.0,7488.0
3544.0,30.0,5926.633333333333,1891.8773468177842,2200.0,4928.75,6132.0,7452.0,8760.0
3545.0,17.0,6030.058823529412,2179.013551776016,2210.0,4554.0,6240.0,7488.0,8760.0
3546.0,4.0,5345.0,2815.3566973535226,2080.0,3835.0,5270.0,6780.0,8760.0
3548.0,5.0,4486.6,1345.7105186480485,3120.0,3276.0,4420.0,5355.0,6262.0
3549.0,3.0,3096.3333333333335,1392.9932998163822,2040.0,2307.0,2574.0,3624.5,4675.0
3552.0,2.0,2365.0,516.1879502661797,2000.0,2182.5,2365.0,2547.5,2730.0
3553.0,1.0,2370.0,,2370.0,2370.0,2370.0,2370.0,2370.0
3554.0,2.0,6744.0,1052.1748904055828,6000.0,6372.0,6744.0,7116.0,7488.0
3555.0,4.0,5721.25,2727.7841281890323,2125.0,5031.25,6000.0,6690.0,8760.0
3556.0,19.0,3965.684210526316,2138.529506528352,780.0,2452.5,3800.0,4810.0,8760.0
3559.0,29.0,5279.137931034483,2097.882482139311,2000.0,3675.0,5460.0,6240.0,8760.0
3561.0,31.0,5692.193548387097,2101.8106546397057,2184.0,4184.0,6000.0,7030.0,8760.0
3562.0,24.0,6718.583333333333,1897.1107074263969,1500.0,6090.0,6666.0,8442.0,8760.0
3563.0,7.0,4009.8571428571427,2195.804896355125,2125.0,2954.0,3276.0,4000.0,8760.0
3564.0,19.0,4792.105263157895,2128.7193305610053,2000.0,2935.0,4524.0,6486.0,8760.0
3565.0,9.0,5077.888888888889,2241.6793060362384,2574.0,4304.0,4368.0,5200.0,8760.0
3566.0,12.0,5256.666666666667,1789.5038079836204,1632.0,4315.0,5682.0,6120.0,8760.0
3567.0,2.0,3080.0,1527.3506473629427,2000.0,2540.0,3080.0,3620.0,4160.0
3568.0,12.0,6080.5,1023.1111643147359,4160.0,5824.5,6180.0,6614.0,7488.0
3569.0,13.0,4560.2307692307695,1921.9667944515481,2100.0,2250.0,4900.0,6000.0,7200.0
3571.0,2.0,4775.0,2786.0007178749975,2805.0,3790.0,4775.0,5760.0,6745.0
3572.0,4.0,5142.25,2427.476106988491,3619.0,3829.75,4095.0,5407.5,8760.0
3575.0,1.0,2080.0,,2080.0,2080.0,2080.0,2080.0,2080.0
3577.0,7.0,5443.285714285715,2178.962345879778,2080.0,4247.5,5334.0,6717.0,8760.0
3578.0,6.0,3438.0,1566.1902821815745,2080.0,2341.0,2990.0,3900.0,6240.0
3581.0,1.0,8500.0,,8500.0,8500.0,8500.0,8500.0,8500.0
3582.0,4.0,2458.5,535.8441937727795,2000.0,2157.5,2305.0,2606.0,3224.0
3585.0,58.0,5086.827586206897,1722.289002562711,1980.0,4040.0,4667.5,6234.0,8760.0
3586.0,2.0,5000.0,1414.213562373095,4000.0,4500.0,5000.0,5500.0,6000.0
3589.0,13.0,8286.307692307691,13458.445102020612,2080.0,2730.0,4590.0,6240.0,52416.0
3592.0,7.0,5767.857142857143,2017.5642433861867,2600.0,4487.5,6000.0,7200.0,8400.0
3593.0,13.0,4836.461538461538,1793.0560325593385,2423.0,4000.0,4355.0,5980.0,7956.0
3594.0,5.0,18264.0,24101.993278565158,6240.0,6240.0,8760.0,8760.0,61320.0
3596.0,2.0,4931.0,97.58073580374356,4862.0,4896.5,4931.0,4965.5,5000.0
3599.0,81.0,5241.679012345679,2058.4902102460946,2000.0,3744.0,5200.0,6656.0,8760.0
3612.0,22.0,5183.954545454545,1944.1238564618432,2150.0,4026.5,4507.5,6240.0,8760.0
3613.0,14.0,10880.285714285714,19421.22166571946,2080.0,4575.0,6180.0,7452.0,78000.0
3621.0,22.0,4608.909090909091,2046.1521357833005,2090.0,2380.0,4810.0,6180.0,8760.0
3624.0,12.0,7307.333333333333,2188.3963964233694,3000.0,5956.0,8616.0,8760.0,8760.0
3625.0,14.0,4759.642857142857,2170.104698188293,1700.0,3276.0,4460.0,6318.0,8760.0
3629.0,9.0,3574.222222222222,1381.2242556675742,2168.0,2340.0,3300.0,4420.0,6000.0
3632.0,2.0,4395.0,784.8885271170677,3840.0,4117.5,4395.0,4672.5,4950.0
3633.0,1.0,4135.0,,4135.0,4135.0,4135.0,4135.0,4135.0
3634.0,4.0,3457.5,1738.9340604711458,2080.0,2582.5,2875.0,3750.0,6000.0
3635.0,2.0,8055.0,997.020561473032,7350.0,7702.5,8055.0,8407.5,8760.0
3641.0,2.0,4920.0,1527.3506473629427,3840.0,4380.0,4920.0,5460.0,6000.0
3643.0,29.0,4607.172413793103,1786.8417083335598,2000.0,2832.0,4250.0,6240.0,7488.0
3644.0,7.0,6116.142857142857,1283.465676540336,4160.0,5252.5,6500.0,7200.0,7248.0
3645.0,6.0,4711.5,2950.311424239821,2125.0,2388.0,3580.0,7340.0,8400.0
3646.0,7.0,4647.571428571428,2135.9542642686943,2080.0,3178.5,4800.0,5520.0,8256.0
3647.0,2.0,6120.0,169.7056274847714,6000.0,6060.0,6120.0,6180.0,6240.0
3648.0,3.0,2101.6666666666665,22.54624876411447,2080.0,2090.0,2100.0,2112.5,2125.0
3649.0,1.0,4000.0,,4000.0,4000.0,4000.0,4000.0,4000.0
3651.0,4.0,3826.25,2105.2370214934626,2000.0,2093.75,3532.5,5265.0,6240.0
3652.0,2.0,8040.0,984.2926394116741,7344.0,7692.0,8040.0,8388.0,8736.0
3661.0,2.0,4680.0,0.0,4680.0,4680.0,4680.0,4680.0,4680.0
3663.0,11.0,4833.181818181818,1372.6962386618402,2295.0,4219.0,4420.0,5720.0,7248.0
3669.0,2.0,7898.0,845.6997102991108,7300.0,7599.0,7898.0,8197.0,8496.0
3670.0,1.0,6000.0,,6000.0,6000.0,6000.0,6000.0,6000.0
3672.0,32.0,5626.71875,2318.6070238938723,2080.0,4140.0,6016.0,7488.0,8760.0
3674.0,28.0,6227.928571428572,2374.8708179849286,2000.0,4216.0,6240.0,8736.0,8760.0
3675.0,10.0,5993.0,1787.2927385667222,3328.0,4815.0,6115.0,6240.0,8760.0
3676.0,2.0,5316.0,2664.378351510911,3432.0,4374.0,5316.0,6258.0,7200.0
3677.0,10.0,4000.0,2061.838446090716,2000.0,2220.0,3170.0,5970.0,7000.0
3678.0,11.0,4902.727272727273,2207.1335750655912,2250.0,3380.0,4680.0,5780.0,8760.0
3679.0,41.0,7255.609756097561,12990.599040995086,2000.0,3840.0,4590.0,7488.0,87112.0
3690.0,1.0,8736.0,,8736.0,8736.0,8736.0,8736.0,8736.0
3691.0,12.0,6524.75,2579.930694100839,1992.0,5468.25,7380.0,8760.0,8760.0
3692.0,8.0,5441.0,2993.953334878246,2000.0,2030.0,6240.0,7806.0,8760.0
3694.0,6.0,6804.333333333333,1452.2525492030188,4860.0,5986.5,6552.0,8016.0,8560.0
3699.0,6.0,3646.3333333333335,1458.509056079758,2340.0,2502.5,3335.0,4316.0,6000.0
3711.0,27.0,4590.62962962963,2187.8401387977306,1920.0,2496.0,4500.0,6000.0,8760.0
3713.0,22.0,4814.181818181818,1793.7472518343277,2000.0,3466.75,4801.0,6000.0,8760.0
3714.0,218.0,5922.266055045871,1764.418214017764,1500.0,4424.25,6000.0,7200.0,8765.0
3715.0,12.0,2754.4166666666665,807.8385817986315,2000.0,2177.5,2525.0,2950.0,4125.0
3716.0,4.0,2171.25,160.64323826417345,2000.0,2075.0,2155.0,2251.25,2375.0
3720.0,1.0,4160.0,,4160.0,4160.0,4160.0,4160.0,4160.0
3721.0,14.0,4917.5,2505.8491190996133,2016.0,2922.0,4143.5,6227.0,8760.0
3724.0,45.0,6252.2,1892.1984880508228,2125.0,4680.0,6240.0,8400.0,8760.0
3728.0,93.0,5690.860215053764,2144.872133573052,2080.0,4160.0,5625.0,7344.0,8760.0
3731.0,18.0,4254.333333333333,1032.2645009879977,2340.0,3542.5,4420.0,4992.0,6240.0
3732.0,27.0,3784.8888888888887,1814.429287965128,2000.0,2316.5,3120.0,4680.0,8736.0
3741.0,1.0,8736.0,,8736.0,8736.0,8736.0,8736.0,8736.0
3743.0,8.0,4426.25,1971.1413481244094,2210.0,3015.0,4160.0,5265.0,8400.0
3750.0,1.0,4000.0,,4000.0,4000.0,4000.0,4000.0,4000.0
3751.0,5.0,4307.2,2113.299600151384,1960.0,2080.0,5304.0,6072.0,6120.0
3764.0,4.0,6140.0,1910.1832372837953,4160.0,5135.0,5850.0,6855.0,8700.0
3769.0,3.0,6984.666666666667,1723.0488482145051,5066.0,6277.0,7488.0,7944.0,8400.0
3792.0,2.0,4250.0,1202.0815280171307,3400.0,3825.0,4250.0,4675.0,5100.0
3795.0,4.0,3667.5,1894.3270572950173,2125.0,2125.0,3272.5,4815.0,6000.0
3799.0,6.0,4388.0,2586.2643329714,2142.0,2389.5,3640.0,5540.0,8760.0
3812.0,9.0,5388.333333333333,2838.813836798743,2080.0,2210.0,5631.0,8424.0,8760.0
3821.0,9.0,4635.555555555556,2659.958228577618,2000.0,2600.0,4000.0,6240.0,8760.0
3822.0,2.0,6200.0,3111.269837220809,4000.0,5100.0,6200.0,7300.0,8400.0
3823.0,15.0,4189.666666666667,1703.7497580616816,2080.0,2737.5,3938.0,5816.0,6864.0
3824.0,6.0,5288.666666666667,1872.8429369989003,2080.0,4537.5,5947.5,6354.0,7200.0
3825.0,6.0,3900.6666666666665,1871.1784165778172,2080.0,2343.75,3650.0,4851.25,6864.0
3826.0,17.0,4644.705882352941,2154.1645644166174,2080.0,2600.0,4000.0,6240.0,8760.0
3827.0,20.0,4506.1,1906.089573749853,2040.0,2502.5,4465.0,6240.0,8136.0
3829.0,13.0,3699.4615384615386,1360.146475897885,2000.0,2636.0,3713.0,4250.0,6240.0
3841.0,58.0,5390.4655172413795,2052.1556164747044,2080.0,4020.0,5300.0,6798.0,8760.0
3842.0,24.0,4958.958333333333,1998.043466454266,2080.0,3263.25,5448.0,6898.0,7488.0
3843.0,8.0,5405.0,2139.7139995803177,2080.0,4310.0,5600.0,6336.0,8736.0
3844.0,2.0,4474.0,390.32294321497426,4198.0,4336.0,4474.0,4612.0,4750.0
3845.0,6.0,5553.333333333333,1347.3218868060694,3250.0,5002.5,6240.0,6261.0,6732.0
3851.0,5.0,5874.0,2279.9517538755067,2210.0,6100.0,6240.0,6300.0,8520.0
3861.0,6.0,6253.166666666667,2980.893316887853,2223.0,3822.0,7380.0,8700.0,8760.0
3873.0,1.0,6000.0,,6000.0,6000.0,6000.0,6000.0,6000.0
3911.0,2.0,2808.0,441.23463146040564,2496.0,2652.0,2808.0,2964.0,3120.0
3914.0,2.0,3259.5,1520.9866863322636,2184.0,2721.75,3259.5,3797.25,4335.0
3931.0,3.0,4674.666666666667,2672.003992012986,2000.0,3340.0,4680.0,6012.0,7344.0
3940.0,1.0,6600.0,,6600.0,6600.0,6600.0,6600.0,6600.0
3944.0,6.0,4131.5,1835.0971363936026,2080.0,2626.75,4005.0,5720.0,6240.0
3949.0,16.0,3333.3125,1691.3769033443334,1990.0,2080.0,2634.0,4417.5,7488.0
3951.0,5.0,7420.8,1170.6490507406563,6240.0,6240.0,7488.0,8400.0,8736.0
3953.0,1.0,2080.0,,2080.0,2080.0,2080.0,2080.0,2080.0
3955.0,2.0,3659.0,414.36457377531684,3366.0,3512.5,3659.0,3805.5,3952.0
3965.0,2.0,6720.0,678.8225099390856,6240.0,6480.0,6720.0,6960.0,7200.0
3991.0,5.0,4381.0,1818.7784362038165,2125.0,4000.0,4160.0,4420.0,7200.0
3993.0,15.0,3860.5333333333333,1789.8936467473889,2016.0,2556.5,3120.0,5281.0,7488.0
3995.0,5.0,3877.6,1080.198500276685,2168.0,3640.0,4080.0,4500.0,5000.0
3996.0,8.0,6329.25,1273.9871887671623,4000.0,5934.0,6120.0,6996.5,8400.0
3999.0,36.0,4587.666666666667,2225.8023914342184,2000.0,2336.25,4706.0,6240.0,8184.0
4334.0,1.0,4420.0,,4420.0,4420.0,4420.0,4420.0,4420.0
5031.0,1.0,5500.0,,5500.0,5500.0,5500.0,5500.0,5500.0
5033.0,1.0,2250.0,,2250.0,2250.0,2250.0,2250.0,2250.0
5039.0,1.0,7488.0,,7488.0,7488.0,7488.0,7488.0,7488.0
5051.0,1.0,6240.0,,6240.0,6240.0,6240.0,6240.0,6240.0
5075.0,1.0,6800.0,,6800.0,6800.0,6800.0,6800.0,6800.0
5084.0,1.0,6292.0,,6292.0,6292.0,6292.0,6292.0,6292.0
5122.0,1.0,8760.0,,8760.0,8760.0,8760.0,8760.0,8760.0
5142.0,2.0,3920.0,1979.8989873223331,2520.0,3220.0,3920.0,4620.0,5320.0
5147.0,2.0,4160.0,2941.564209736038,2080.0,3120.0,4160.0,5200.0,6240.0
5162.0,1.0,8760.0,,8760.0,8760.0,8760.0,8760.0,8760.0
5461.0,1.0,8736.0,,8736.0,8736.0,8736.0,8736.0,8736.0
5511.0,1.0,8568.0,,8568.0,8568.0,8568.0,8568.0,8568.0
7389.0,1.0,8760.0,,8760.0,8760.0,8760.0,8760.0,8760.0
7534.0,2.0,6240.0,0.0,6240.0,6240.0,6240.0,6240.0,6240.0
7699.0,2.0,2769.0,496.38896039295633,2418.0,2593.5,2769.0,2944.5,3120.0
